,doc_0,doc_1,doc_2,doc_3,doc_4,doc_5,doc_6,doc_7,doc_8,doc_9,doc_10,doc_11,doc_12,doc_13,doc_14,doc_15,doc_16,doc_17,doc_18,doc_19,doc_20,doc_21,doc_22,doc_23,doc_24,doc_25,doc_26,doc_27,doc_28,doc_29,doc_30,doc_31,doc_32,doc_33,doc_34,doc_35,doc_36,doc_37,doc_38,doc_39,doc_40,doc_41,doc_42,doc_43,doc_44,doc_45,doc_46,doc_47,doc_48,doc_49,doc_50,doc_51,doc_52,doc_53,doc_54,doc_55,doc_56,doc_57,doc_58,doc_59,doc_60,doc_61,doc_62,doc_63,doc_64,doc_65,doc_66,doc_67,doc_68,doc_69,doc_70,doc_71,doc_72,doc_73,doc_74,doc_75,doc_76,doc_77,doc_78,doc_79,doc_80,doc_81,doc_82,doc_83,doc_84,doc_85,doc_86,doc_87,doc_88,doc_89,doc_90,doc_91,doc_92,doc_93,doc_94,doc_95,doc_96,doc_97,doc_98,doc_99
doc_0,1.0,0.09919053039344063,0.06771765755926887,0.19632428566484894,0.09877665492120853,0.06744028568071561,0.01004735563407776,0.03863885498912095,0.025677110746962047,0.06232447714250183,0.01240961649905895,0.11321303282753754,0.07396827818092386,0.0,0.035413391788741144,0.04090516811476312,0.03283465164097265,0.027480476980131348,0.05723164602155482,0.05443292852579703,0.13249254086005013,0.08767086186256899,0.08684319627584439,0.048289086379607875,0.009768652367375239,0.06321369470587164,0.09989504602425645,0.0832909733345328,0.03851528573927892,0.07322359861599724,0.07376113867764983,0.019643559518034714,0.022156569854507577,0.0301296774446915,0.012414834847548085,0.021545496978046794,0.0,0.04368080139064147,0.0,0.1323425485125494,0.0,0.038894522374779444,0.1358459353832654,0.028540527171443484,0.0,0.08443137505339464,0.08335732206352778,0.05504994428248527,0.0,0.022097522133885338,0.01387498572347712,0.08714329798958212,0.028974211968974706,0.08171122575116735,0.042651345868632146,0.1533181788960508,0.028751812130477217,0.10004361568619723,0.0,0.039407120382530934,0.08023703541966784,0.0,0.013107215306914412,0.02042100040670877,0.08572712960201577,0.027976892698226626,0.06723713382901139,0.061457145386844866,0.0628904057646933,0.0,0.1539688285579765,0.08073130231356097,0.044675484746006425,0.0940615901200275,0.06608469462553039,0.0,0.040931382769229877,0.0,0.042977414451392054,0.07148756322724721,0.023129544281039128,0.0,0.09519611720809158,0.03440370660052726,0.0,0.04732905817408348,0.04110847036037801,0.03817725057498031,0.034044524340560656,0.014661645556015557,0.05213569679005595,0.017017019228089875,0.08684566157498684,0.12619047884872103,0.038800743299514995,0.0,0.0,0.03975667468386528,0.0384935870972399,0.07398500309921488
doc_1,0.09919053039344063,1.0,0.06395229969424496,0.04225496330628702,0.04711712457246012,0.0677898266882346,0.04159412395772309,0.11430252211183245,0.039355721886225346,0.1700662507403716,0.04247764533766232,0.018687557579613573,0.05437152067957051,0.02640831965397996,0.05174336809181669,0.08201392895739551,0.0,0.06688359948128081,0.07888507709604427,0.08651448775905579,0.1120354113388019,0.04722291422354704,0.01865374201750704,0.14043716110115545,0.0,0.1130571852754236,0.013929233897524484,0.03917314581874777,0.06310103536049161,0.0066142932585041975,0.06782608107047866,0.07214422410929221,0.01633237373579326,0.08042801584473062,0.006903397703168792,0.016930040812276774,0.11705220919848316,0.023799665416543065,0.029408600411412546,0.018124844358568905,0.0,0.06560231334731369,0.0792454448659777,0.020836327940767937,0.012466863666508945,0.022260814872500423,0.05558239018932029,0.14379140068390736,0.01780266994182924,0.0891370883250871,0.01869902590948249,0.008120512943702628,0.13335647045325347,0.054580892091752736,0.028740160075349817,0.06379725830896865,0.014913908465452083,0.0,0.0,0.010056146935781276,0.0842276758373792,0.0,0.02543821353463862,0.08403917149326472,0.05776632313434683,0.02567928113240895,0.03066956168117034,0.1380981955876499,0.06155988391630643,0.07123376803257266,0.12168836556861379,0.13194622810840143,0.11966986502926164,0.13811102788022622,0.05305207084977304,0.0,0.09588030196616262,0.0,0.16318755198654342,0.059341066831714924,0.0,0.10624065322451313,0.04076137438544229,0.104729382121095,0.019417285864264333,0.06638148456421189,0.06140705749876836,0.05615514067113092,0.07796141565998957,0.04739411688762342,0.11242942942372974,0.0,0.01525225474523154,0.05805605984329513,0.07764432881083075,0.0,0.03241742864486785,0.07837726413119861,0.0,0.03612731217920056
doc_2,0.06771765755926887,0.06395229969424496,1.0,0.1181655846476004,0.04275578919276279,0.04442681604772132,0.15197589496871633,0.08612653111100914,0.14076143616040154,0.05759473690314061,0.07019418406290655,0.05066143565725186,0.0829061907007628,0.01151820516771336,0.07247919190876408,0.13637825150026003,0.0,0.045675715740984224,0.05606777379393291,0.04504599298893164,0.09221509157335556,0.07549801856349174,0.04045340346544639,0.009354044457669804,0.031948070770119186,0.049166584566093366,0.08570510472804335,0.051123681852910274,0.0,0.009520039901350455,0.10773719033854989,0.014197819614734932,0.07174444660440651,0.0419038414127739,0.06977934917484238,0.03520985174788581,0.08868386215891436,0.0,0.04922562252678443,0.04049685691957891,0.054444723155716204,0.11510023753042715,0.02234394598352209,0.008954606810406295,0.0,0.0065135981045987895,0.07640477127049006,0.05655339085343263,0.0,0.06341433593072034,0.0246062730611783,0.039193637367089265,0.06969927091691004,0.13966733092765007,0.12657038634059942,0.10072419060801038,0.0600056498381302,0.0539179954280944,0.012210993431376646,0.027545015186150733,0.04470120071446788,0.07460197258291314,0.02845935809986191,0.0430514793630504,0.10626941650960638,0.056100023337786645,0.024562234784456762,0.027503352302970994,0.05786964235676901,0.05013390313574194,0.02105463025626409,0.038297325383153405,0.030138075716448706,0.021555591831883925,0.04327882042725902,0.03948279951964545,0.05714616033452104,0.028753776856437735,0.06465643980388017,0.0389618318369576,0.058837252173362296,0.046779589415697834,0.01804330017372934,0.0,0.01326207441775181,0.10969267491709946,0.03613399689221774,0.023884487340454716,0.005668957233044164,0.05667602551536363,0.06664643330180987,0.038222706163915814,0.0,0.12683660864130708,0.01970404507241996,0.0,0.055007823307396626,0.07346147038614279,0.0,0.03610469104529038
doc_3,0.19632428566484894,0.04225496330628702,0.1181655846476004,1.0,0.11809933149958904,0.12384037926607393,0.039549258064980775,0.05326475461532888,0.08258546473891594,0.0676902484819196,0.03570879077697333,0.12063012948844364,0.14701789184613637,0.011660583940962513,0.061003103892459984,0.05569301386067786,0.041322800740351134,0.10421309708493548,0.0603004789287114,0.054577496021795846,0.10105945535295555,0.061387935129904606,0.08531123368719004,0.07454678090585731,0.07012663857234877,0.061631631812414316,0.08858552002661814,0.04460449791463184,0.07137435527070968,0.11461521265915042,0.14087317367857086,0.08816451912114956,0.04405814693942617,0.08278283802510372,0.04862410815420104,0.012394672868059033,0.026849491024930304,0.09677563397522018,0.06504272575274332,0.0,0.15834971662869807,0.14535083330261034,0.06545494827968704,0.012785447672767201,0.11854771355848508,0.06293024783747768,0.031691653755471894,0.06368032739173093,0.10525306456273181,0.03524869347106377,0.090022205745451,0.0,0.08172141006015882,0.06411780632230304,0.1881432664882802,0.06591380432109387,0.102568503775572,0.0556707608179047,0.04526445669391272,0.0054884557275021945,0.17669951262581474,0.11017239285406843,0.004664829268625282,0.0960187794501712,0.0467295852451738,0.06159299358329593,0.04795160784715857,0.030501209767246514,0.0714343371680031,0.0,0.06016927865670493,0.040903183200568856,0.056700058392458924,0.04026245660663732,0.07033362854979795,0.047688975286248284,0.06117587815004779,0.030865483380789146,0.07033691891878223,0.029356536872053127,0.0032213843222114596,0.16962160184653746,0.11364993982023824,0.0323008452023727,0.007857352150551063,0.07060269267657,0.07079638936428204,0.05264439636437329,0.04160847659927763,0.04772260335336372,0.0,0.13945485458890605,0.055268276048340656,0.06672388719876558,0.04421672775317953,0.007201218189675272,0.0,0.0064685175927252855,0.0,0.0036513631440883627
doc_4,0.09877665492120853,0.04711712457246012,0.04275578919276279,0.11809933149958904,1.0000000000000002,0.07270328796807615,0.025068281780995943,0.08113902525093625,0.07437481830602745,0.08568288284741868,0.030766204303421273,0.08764970952055498,0.09140867901155493,0.07245244096553663,0.028761216276476168,0.0864798117463744,0.025162557187288024,0.05248434027333439,0.04158676026132952,0.14315152180291443,0.10302249789919837,0.010992513903086117,0.11277748641345073,0.11840316880266165,0.02893118211831692,0.12212614242093342,0.02866074040734336,0.05298546009226783,0.06687748735250468,0.012118270821449544,0.16890134539148416,0.06074760675812167,0.05468310338130079,0.14889465769100305,0.11861196499227608,0.06159183068469817,0.04608920846151663,0.027686403121167786,0.04802065075958824,0.0,0.06367046946527838,0.06590492159459559,0.04973599463642267,0.07966027567843781,0.04718354319295763,0.07482590693581438,0.040034595637058495,0.046050509180526694,0.0736219743533066,0.09644369135908096,0.10633861080027798,0.0,0.10451754968102536,0.07371181975441088,0.14336836079104173,0.05995429305007005,0.04052618137705713,0.0,0.02316949330331101,0.018424207579759846,0.10750316012001082,0.019689628852827767,0.02348906150557734,0.10227079746531176,0.07843331725889567,0.023098885741122628,0.03576877609528986,0.03391519229335388,0.0626699443045799,0.0,0.05508515105223797,0.09984327603764737,0.14228031539668498,0.09029481144402632,0.00779639965963436,0.0,0.09406185306870331,0.04463509042073392,0.04578202018761929,0.05431955443249152,0.02807235228744881,0.0,0.0978902117657928,0.2031706757672615,0.10117023503222741,0.08067618982843172,0.07825894907477296,0.26826476586443115,0.07468412353573074,0.03724279112567242,0.12101915625933085,0.07586286237173621,0.1367460322936233,0.05968884965251812,0.02790230863018,0.16247822366466666,0.0,0.05020789267223904,0.0,0.10538114109522592
doc_5,0.06744028568071561,0.0677898266882346,0.04442681604772132,0.12384037926607393,0.07270328796807615,1.0000000000000002,0.12077442920326374,0.03838977971680912,0.037722363623962224,0.1413217802618734,0.08720929130679492,0.05861216253815654,0.059549055235967666,0.10535478516611994,0.1335748552284829,0.12438319909576454,0.09100582901565607,0.15132266771464445,0.141830845873613,0.11451542034677879,0.028988749263125207,0.05838762559372658,0.12442514128013644,0.12467548637323006,0.08493079542461238,0.09517289525994482,0.07396844353063978,0.09400178131869685,0.08607021607055428,0.05325924111805143,0.0814445349727797,0.027639163578732088,0.04276028689217712,0.09485405891092887,0.04946481366896592,0.06638799866660719,0.028523203853440295,0.08245142681619493,0.042401152660208795,0.08434591247650731,0.0353605049186418,0.06051858609918881,0.06182737505107169,0.04192154957707375,0.03045861767043173,0.05995788863111829,0.10512674844755682,0.10502755121552171,0.005224827697261276,0.07847890740286109,0.08023897181986518,0.011306953419831421,0.08576708172017336,0.03312878723149164,0.004943915436436113,0.05334422076864974,0.09380073606298418,0.03357329224875312,0.08844705104658444,0.013134542763168246,0.09310007237652453,0.00759205939406769,0.030688550378211353,0.06498202711694154,0.013300850746874477,0.06708662507036633,0.04205764615376653,0.08942397376860638,0.06464204256682479,0.0075002070633808805,0.05594071808127906,0.040189947262717435,0.11040823049393658,0.06192872460885834,0.056312482575510005,0.04065164781274784,0.07102066681364257,0.02542565397290606,0.12940307909845003,0.11074099909665211,0.06574612928019215,0.06603922287632874,0.11225946408152536,0.07714106486813245,0.15968541207352335,0.08452874587977553,0.112657111398924,0.04671685071621899,0.10725055970365502,0.11604820653131909,0.060824539316850654,0.02484980901616391,0.048455762378825526,0.08006808148435035,0.07593294095004609,0.0789687973122251,0.0,0.06255774528817226,0.0,0.011028548608929701
doc_6,0.01004735563407776,0.04159412395772309,0.15197589496871633,0.039549258064980775,0.025068281780995943,0.12077442920326374,1.0,0.08069251811290296,0.08553798573200973,0.08321491794377911,0.14569614311805418,0.0039933408825399246,0.08315818903360268,0.052684415358272764,0.3092757855836799,0.15423692058887833,0.06138526802524731,0.07043790174358759,0.10148222818425681,0.07391940543894061,0.07543399081029019,0.09081305541855708,0.060492466885462545,0.0810726940818329,0.17677327096613624,0.10223372164097748,0.033220063726558266,0.05524128941527461,0.05192529447739718,0.06280335381583425,0.07697623837891777,0.008870228027525079,0.0964930795485615,0.12444863897705653,0.05961777696174096,0.047768016323841714,0.06595892241122334,0.08724812376004978,0.06357875566271622,0.09304066516865934,0.03614983329652532,0.19525120263053108,0.0765098330066696,0.03859488294582336,0.12492841272159376,0.043456000867107276,0.11717802724017547,0.08730859768402481,0.06413948173099729,0.06573287891946697,0.0887391853288126,0.05106442814513119,0.06320351782872541,0.03907434422818279,0.05224570914891576,0.07980027945289392,0.03449320620099471,0.01593819311796163,0.07540233658305863,0.022793746925837858,0.0868806439164817,0.01719881267485786,0.03661962834273168,0.07112414395385377,0.01325657903723543,0.10127767239443007,0.02427456367020383,0.006664940817969516,0.05022261607079015,0.015299535073653336,0.08152906334996605,0.046929541537619024,0.062438445016459676,0.07272510342336988,0.07672209097608801,0.008005224160229418,0.08859422929406588,0.07630333627936706,0.07569105611363718,0.08458571408148687,0.1028650560208208,0.06522339598402939,0.11315159045932544,0.036131078062208374,0.027686106182378996,0.06548557123782317,0.05015825251391717,0.04101099296910248,0.12491433157708205,0.06681470389582687,0.004915882060391673,0.03264165738625207,0.10274410716251989,0.08652975332615993,0.08744195470449521,0.014328318214334761,0.06785828538963266,0.13457503878378108,0.025906960931490246,0.08373914093844459
doc_7,0.03863885498912095,0.11430252211183245,0.08612653111100914,0.05326475461532888,0.08113902525093625,0.03838977971680912,0.08069251811290296,1.0000000000000002,0.17405736213841644,0.06395850537775116,0.08423686076867395,0.05440941475601789,0.041104768326148296,0.02638432410799768,0.0665998238339301,0.09336418932784593,0.07078859736463872,0.10609566268120485,0.12408179543664559,0.08138344991010021,0.08149238805372767,0.12866515700127462,0.1326123190973634,0.1415778448130106,0.024097075375095395,0.09040194402008658,0.05522930256953683,0.10703316731372484,0.05531952228816745,0.05751467912281719,0.051033308836096886,0.10315199470757438,0.06374566953751835,0.09486935177142469,0.03660722004728455,0.09560887124335533,0.06495056457529674,0.03599648156106071,0.18190796768402528,0.005270348096875001,0.08605317378903844,0.14295794482227334,0.062102579151729814,0.10194175431669442,0.05110376259062645,0.04944137876072434,0.06786881178553417,0.1516144275425879,0.04146174589215177,0.11185156434278581,0.04878734596924435,0.03683974275347594,0.14049177263860474,0.043608165969578054,0.05943022081997196,0.10562768390538675,0.07654315170438175,0.111908233204156,0.02055935606332791,0.02432870273635955,0.09431798301145997,0.005969167942803665,0.05351622656692222,0.09770666473373393,0.0,0.061944528526097664,0.04781591392804604,0.04162228977499936,0.059071787132706284,0.03873067437086193,0.04777226300110462,0.08668921106112444,0.031251374296874974,0.0235843022674773,0.07857094073515476,0.030710788335958725,0.14219342992024092,0.08564867566413217,0.16460738187707014,0.1628429620131863,0.030695141457551568,0.11436064441548441,0.0966300649056508,0.16236082782704994,0.011994506874423933,0.14768917062477716,0.03552235625593132,0.053291657974371055,0.10791044483407232,0.09819997950692122,0.04935840619970722,0.0,0.0604113393154764,0.09041665848101453,0.11435921080258642,0.010992896770476168,0.07246409461504495,0.08741172820340735,0.0,0.04228903909702685
doc_8,0.025677110746962047,0.039355721886225346,0.14076143616040154,0.08258546473891594,0.07437481830602745,0.037722363623962224,0.08553798573200973,0.17405736213841644,1.0,0.04568918685593067,0.08984600958837409,0.13772832805993387,0.03481019752371417,0.035042741705624034,0.08623585909034368,0.05346979898398458,0.08598872400084914,0.06068789648448056,0.12714070340147712,0.11041996504853721,0.018501500970822427,0.16945320735244288,0.12120392626809953,0.17154475518700463,0.09212230797255352,0.14494245548682771,0.04898611341905563,0.06462216516699001,0.0548126942689496,0.05032947011916719,0.13866533701299358,0.053230689296744654,0.058282076667448175,0.16866029061713136,0.0679987309393058,0.12218403507623456,0.1412780107257367,0.10773832938623222,0.03977973963336461,0.1105756669003709,0.06979927799433777,0.0975933111355951,0.09086857206129531,0.08794788431093456,0.026297579296474513,0.1233468664596516,0.10893490905988559,0.13387810653348278,0.07768162181772974,0.09539641692951047,0.0740214969141488,0.07417317242403768,0.09582135533335379,0.07802063055881808,0.09059098569313828,0.048493356522120515,0.06778244185004788,0.024451708054835344,0.021022883815807903,0.0358866889480899,0.13453526279850309,0.03179714780730921,0.04097549710465303,0.12472753771720858,0.0,0.08092464823625516,0.04503549032824887,0.062167713842758654,0.09142566144293315,0.05778892905143547,0.11808645814336843,0.1278941407302822,0.13963739032302624,0.06761235946843443,0.07239137213324932,0.0605167116727005,0.16828645388779412,0.056627559764824795,0.1374547092410066,0.08994806653626891,0.0881946049693662,0.018011299864121862,0.16178817883490987,0.1274695572344642,0.03427535131345154,0.044299007474504895,0.042054030772603126,0.10780934612614876,0.10682634794472523,0.13608231165425008,0.019223246374447247,0.015563098235189662,0.10668080719320788,0.20485059336123818,0.06469782440091827,0.007853290733527415,0.0,0.05190880668639868,0.030066412588163637,0.10842701364773835
doc_9,0.06232447714250183,0.1700662507403716,0.05759473690314061,0.0676902484819196,0.08568288284741868,0.1413217802618734,0.08321491794377911,0.06395850537775116,0.04568918685593067,1.0,0.12010142972235988,0.06006636682170877,0.039058986217758294,0.06252242206508499,0.05849163716354954,0.05971599928599592,0.046595465113324894,0.07857364656201549,0.047293185249343984,0.14273515712518678,0.07297244550445676,0.009515819681447674,0.004707327293455735,0.03909890465591474,0.052728073534418295,0.095983633316324,0.04533119304226715,0.07706574673126296,0.163780204722062,0.052287575020647514,0.06658299756841295,0.02122177508654326,0.0,0.09409308268994858,0.05884947083186255,0.08372942315990975,0.16040176774156326,0.08832733109960117,0.046781869874353225,0.031224072287379556,0.014135759137397957,0.07897591546790421,0.09441896150615275,0.040039902920305216,0.02332906306908586,0.04722277171266278,0.05860449168270486,0.12581170808045927,0.0,0.04063215422360597,0.12924893974868734,0.0,0.07564938376242179,0.05277373926881258,0.027624142514705595,0.0446987210119585,0.08907816926438926,0.02500536174796793,0.0,0.023956203313968437,0.1328666033793518,0.02341352492887734,0.05248184833925926,0.07505178759353484,0.033303075069361934,0.09173904793625733,0.02263029496697881,0.09297875548006782,0.04031393957356682,0.07742145560365679,0.07041143075077508,0.04691475776740716,0.13610804500807044,0.12373345512449659,0.07678703020507852,0.0,0.05134598076140063,0.0785567926570153,0.07826949229401199,0.09240041226424694,0.045341042210165564,0.041065668293083585,0.08563844376194045,0.014908891208065976,0.04829944234124436,0.09345280246469266,0.052780190332311475,0.12956300278047683,0.08739693250903366,0.09205742218546573,0.0817715866018061,0.08882308193883555,0.01624407781880611,0.08449311552395311,0.06095141931541524,0.0,0.058437649571901076,0.12450665909631878,0.0945197953369466,0.08039877374166196
doc_10,0.01240961649905895,0.04247764533766232,0.07019418406290655,0.03570879077697333,0.030766204303421273,0.08720929130679492,0.14569614311805418,0.08423686076867395,0.08984600958837409,0.12010142972235988,1.0000000000000002,0.10071244779829933,0.06620746584095712,0.10509792243647179,0.07890666883876568,0.1797203717895796,0.13407526454600713,0.11690597195955646,0.226019236861441,0.18072224380556323,0.04513520620258397,0.0781362501118281,0.09497077932624504,0.09871892565056356,0.09680815813843485,0.09896193185011395,0.037113399224817475,0.10806931403746384,0.03282292859324878,0.08456028575934202,0.044989008812618886,0.0468049496116868,0.040747054675778986,0.14155716062240348,0.06268740474785064,0.08957787147996144,0.030995555052198566,0.037107877739393495,0.04334136503391436,0.07845522649738287,0.11432789479386117,0.1893197459652335,0.10856831821798939,0.07697725982813232,0.04372488925323401,0.11858257384586958,0.08025403865849659,0.16593031708674855,0.15218711758317569,0.08536877855799058,0.04006560366778198,0.036034517870805916,0.10256318017769706,0.04355647839064212,0.024855955490371038,0.14056941351661834,0.11266883007649073,0.07029898313045754,0.08021774196270132,0.04725312047669698,0.16922825974178865,0.05641862936362936,0.0636476678892265,0.1726604672186172,0.04358213020022239,0.10768113752670867,0.06538009760883705,0.07155786978244086,0.1272740124459766,0.05039121358312008,0.12456933095012732,0.15474714871985842,0.07383895015305543,0.07984985634508744,0.12653049851201081,0.02621566253902159,0.09926670344246898,0.02292920990292655,0.08020113822810933,0.07784553824448756,0.05059118264994552,0.05519253254350133,0.11371854856844009,0.05160911004567877,0.06389450437720454,0.07064282600886444,0.04544394839530436,0.07593337160037779,0.09009079720349635,0.031658984591901834,0.039369653209418334,0.011742702517789536,0.11967791429543546,0.07192448603822779,0.05736226406619245,0.04963062292114344,0.10391939445259968,0.1284611044139855,0.04346619151392094,0.07340031067898652
doc_11,0.11321303282753754,0.018687557579613573,0.05066143565725186,0.12063012948844364,0.08764970952055498,0.05861216253815654,0.0039933408825399246,0.05440941475601789,0.13772832805993387,0.06006636682170877,0.10071244779829933,1.0000000000000002,0.0721811004556809,0.14509080341198877,0.07927846935275096,0.07559345315975959,0.08529002053424234,0.04066226997193107,0.08527916696428921,0.09348670545152288,0.06416159090020203,0.13450519141591552,0.1569106589029044,0.08428971767081615,0.06809773546824842,0.11569847556110165,0.11058689584141611,0.16558051705339114,0.03958547921202324,0.05246337917367022,0.1511540737743984,0.008207071027912847,0.07070210727091705,0.11022640528880606,0.07518392152051967,0.10882361662981947,0.14275838217383297,0.059039137277166434,0.0666230470305448,0.052003266636865005,0.09271315966147875,0.09490606453075466,0.08248351941647027,0.10116355687073213,0.0025942962447150506,0.14012280426365156,0.0721728241062753,0.1309336154432918,0.0868854260517159,0.12970107088282304,0.11664713087589644,0.056652783098580635,0.06474648480635664,0.07531872130026666,0.03411161344875707,0.08792643620432988,0.11454374519809818,0.11417780074539274,0.058251658483512735,0.12831627884477192,0.1870524637988987,0.02691688708860247,0.07750181453010445,0.12219333624693432,0.013367777783606193,0.03984785422996618,0.0351857733549303,0.009056684417981528,0.08634361539197472,0.10549774798469555,0.09537941777685227,0.09976165213405629,0.023414777403637774,0.08218903590556528,0.07562442170328741,0.12512330242471542,0.10232416646950004,0.03269116343429349,0.0993247793340503,0.05032353614351872,0.03290039154715627,0.044592469332293286,0.13145040403668443,0.07301419862634048,0.0157474555491979,0.05022363380848477,0.024364388234851618,0.14795782072239902,0.07204758961879129,0.04792633152163441,0.0,0.04941837777912599,0.08855623211526062,0.049407691664211426,0.08564903999330988,0.12617174916941698,0.0841269697072888,0.027359833253437153,0.03285135156334656,0.04752257100868111
doc_12,0.07396827818092386,0.05437152067957051,0.0829061907007628,0.14701789184613637,0.09140867901155493,0.059549055235967666,0.08315818903360268,0.041104768326148296,0.03481019752371417,0.039058986217758294,0.06620746584095712,0.0721811004556809,1.0000000000000002,0.034913020899524756,0.21300495533705532,0.287443310663125,0.10808165574740591,0.04955453666794837,0.19967868909455316,0.10683171990772311,0.06670381832937691,0.016167570611992425,0.0736415295979644,0.036567088814564996,0.017091349631080034,0.056844638753357477,0.03180685099181116,0.023606727682834287,0.0,0.06053704424973361,0.06379644356394576,0.05304677779644802,0.03220961596318621,0.1208227386556886,0.0792541670050464,0.061186694550128484,0.04969085057229035,0.0,0.12039189070221122,0.10692891052751931,0.040818147513869564,0.07403548451190313,0.07753176550091384,0.03505451593391238,0.0,0.07970322125140104,0.03883627520934144,0.09402579198610439,0.006803719109270138,0.059853489412036255,0.03095866436223015,0.02315663226699842,0.03733412814955237,0.0065543691697041405,0.06278118326245127,0.02702764722259957,0.07384941752934124,0.039550723268711514,0.032633484356982184,0.007313906928854507,0.10316195109728907,0.0,0.019854547495921186,0.09851121744541445,0.0,0.0210249938925914,0.0,0.020182406388914678,0.0521021046380801,0.06149206182098,0.029503605347376404,0.10865749080618872,0.04105432746771274,0.05486793692661522,0.032820344576365526,0.03397903969287591,0.0499417422123837,0.005685527654209164,0.05274860354767167,0.03298925037188465,0.00429281136343397,0.030753863068179704,0.04995053266786067,0.005792846066680053,0.035442464242161624,0.054965329173196936,0.02775264327205211,0.0927995134226546,0.04397218725263477,0.058511876836810583,0.02986954910174263,0.09124612136455866,0.06432500862269744,0.04642525492749894,0.017049893956590793,0.009596331323169635,0.034366862884212486,0.0749077936726525,0.0,0.0
doc_13,0.0,0.02640831965397996,0.01151820516771336,0.011660583940962513,0.07245244096553663,0.10535478516611994,0.052684415358272764,0.02638432410799768,0.035042741705624034,0.06252242206508499,0.10509792243647179,0.14509080341198877,0.034913020899524756,1.0000000000000002,0.06648280830866424,0.08412292809575724,0.014248080286562066,0.04664465909912033,0.05114060904962633,0.07725193703755151,0.007974938380510539,0.057095875393326,0.07195621077521197,0.08717177432437438,0.048673062996506845,0.09760112443817781,0.03822287651795471,0.11437888923291112,0.0111630338861107,0.005868645943869811,0.09973003987051615,0.012972373397664112,0.01978908629530152,0.06718267629284044,0.04510762133891333,0.03720406914104056,0.06081450469793522,0.030770969875158625,0.0529746077574412,0.015322020527908051,0.04366118992136004,0.09249935802058773,0.057012659210777306,0.07698911462697454,0.03469282339077889,0.05918491759687576,0.077415285683434,0.10131630845850048,0.03323608584996242,0.05582742732751148,0.08051395188691965,0.0,0.11111709669762525,0.02998071664864499,0.018935576617130252,0.11452001075825483,0.04284550133857616,0.05333410078266082,0.14579316044769527,0.041613484380429305,0.08781981177348878,0.024774393763258806,0.1473562031936893,0.11927683705875358,0.021129560633282213,0.08663471224961267,0.07990744403799814,0.120135883142517,0.021770796861835185,0.011914732592959712,0.07223524699740677,0.10590284387807403,0.10906373804660902,0.13168196776330868,0.09414596812201893,0.04360374393705169,0.08707372280935204,0.0473469928476017,0.08706999234429799,0.0523424399061591,0.06731072760902121,0.06126695123572462,0.07974500170804787,0.03698097200803348,0.06486209004688556,0.06918453645310711,0.0938900716709741,0.09022606469481981,0.06320854183021801,0.018035968852190092,0.021768698225617802,0.0,0.030241681243591563,0.04594457284760914,0.10166016380979061,0.21947974434507012,0.10790441035637345,0.04210048297443205,0.0,0.011871919175902922
doc_14,0.035413391788741144,0.05174336809181669,0.07247919190876408,0.061003103892459984,0.028761216276476168,0.1335748552284829,0.3092757855836799,0.0665998238339301,0.08623585909034368,0.05849163716354954,0.07890666883876568,0.07927846935275096,0.21300495533705532,0.06648280830866424,1.0000000000000002,0.34883873786270075,0.18522301188213336,0.06820406888627757,0.22540408067295853,0.14322797543199445,0.021535712578597488,0.08294102357459973,0.10746341538154087,0.07268740373200239,0.20553734579962857,0.11785387168776268,0.05289628551267245,0.04326934800371852,0.024210084954799156,0.10243344339182542,0.09897881303492798,0.012734903692477154,0.05337552660742833,0.12512409528205798,0.02374435955728043,0.09435570205799582,0.06415617793121114,0.06714810450162663,0.09369386335948351,0.14893163323355704,0.06680512742619682,0.12592344954187024,0.07291144709338417,0.028113052376711804,0.07535333170093703,0.028180587032854428,0.09293298138952351,0.07874087771901009,0.024261457267052138,0.05230006965788217,0.04203022871600156,0.01600436794734844,0.059527204684670126,0.03250363221986431,0.014916490095739615,0.040565719273464834,0.11632198637373034,0.10033865136973712,0.052722254775970326,0.01821554095521271,0.07513814610272566,0.0348328605141574,0.13061187098487423,0.07133045009055122,0.020742767069722057,0.06727076662470416,0.09083567090433939,0.04936909979629749,0.04965652767619238,0.011696623851444373,0.041558119192118416,0.06677761429119493,0.048278678017023825,0.03513500077307806,0.07292714167988741,0.0,0.08969000789321388,0.03892423647851847,0.06981677535670813,0.03015296215220097,0.024108437928731196,0.005511601523096609,0.110835460645421,0.014683237964629073,0.06484224789627166,0.04991022370276539,0.03457047730242951,0.023913367280307123,0.06384484605118482,0.022379540488017893,0.0,0.0,0.037500917141265855,0.07249628472561656,0.03413794343586403,0.0,0.024669961696987472,0.022131899554653275,0.0,0.02004840192865965
doc_15,0.04090516811476312,0.08201392895739551,0.13637825150026003,0.05569301386067786,0.0864798117463744,0.12438319909576454,0.15423692058887833,0.09336418932784593,0.05346979898398458,0.05971599928599592,0.1797203717895796,0.07559345315975959,0.287443310663125,0.08412292809575724,0.34883873786270075,1.0,0.18349808968972336,0.14197396306095975,0.3521881744303452,0.14173632138652012,0.053809698974385686,0.05997123651233406,0.04977326548904973,0.07798941351595344,0.06832727507921292,0.16906998868170844,0.0822934269888102,0.08361834859077442,0.013881113103117631,0.16314731125454898,0.10126456935327469,0.05173444808655392,0.024915264462440224,0.09808619283644664,0.08158597953639676,0.07665032018616595,0.026101300054040696,0.06352787795057656,0.11218372315778402,0.06200760629753521,0.061881814150295075,0.1090598779327089,0.025397893851217802,0.04389283003766362,0.0035696381260810336,0.040679859432178514,0.18289916755799684,0.08996585945187838,0.051512639510885916,0.08139312323412701,0.02835281595424488,0.048339564495581716,0.06347246710743515,0.06049670239242593,0.07934522726422301,0.05476377580539181,0.10888791191031756,0.07139154767943505,0.06925932017320621,0.021164703853044628,0.11800050323829665,0.055590247238924854,0.03493298439667971,0.05302666344000159,0.04474228326692667,0.04963410583367067,0.038656730875914674,0.06094215636452138,0.13452849340021267,0.017286474304871995,0.047855247422323645,0.11672334950060057,0.11496261772928812,0.07355858160083666,0.04219683493348868,0.04842877038235207,0.1272392997440092,0.0552113369413771,0.10722243059104879,0.058161889260437014,0.03645829487116734,0.04512581743805027,0.08611704022993795,0.03217020256631287,0.08916819273050462,0.09988092089862606,0.06012531022526171,0.03073905668056114,0.049803440023062286,0.05304751714452481,0.049281576886955364,0.04128733735232806,0.015729493564408663,0.07935621257439927,0.09251140189617507,0.01280823599682797,0.05400635182592915,0.11929552839875172,0.05185922940883731,0.0721977222020257
doc_16,0.03283465164097265,0.0,0.0,0.041322800740351134,0.025162557187288024,0.09100582901565607,0.06138526802524731,0.07078859736463872,0.08598872400084914,0.046595465113324894,0.13407526454600713,0.08529002053424234,0.10808165574740591,0.014248080286562066,0.18522301188213336,0.18349808968972336,1.0000000000000002,0.03442090567023419,0.24108906521295223,0.06384368086873375,0.05597140591785029,0.03554098025410868,0.003043361404897798,0.06851176824041458,0.11083819290512109,0.08915096418667157,0.007598060107970453,0.015069969299110624,0.04842731376834998,0.09501628666727345,0.023292388353525338,0.01846896826062842,0.0935566727194266,0.06527057594220559,0.0,0.06271535990091673,0.08967353853455119,0.007697866538918407,0.011227668416698363,0.038176097560896294,0.07646750968798588,0.0746159361388541,0.02479168112927118,0.1041910115033286,0.029252058428040222,0.03537732125969888,0.06697316194299399,0.1783236501185339,0.004955388225201109,0.10139952588185626,0.03676799785545998,0.08546319687944842,0.05318468607268478,0.04501478911177435,0.06783280683273758,0.03838759468630251,0.102996889373629,0.024939407908944014,0.028221041383010452,0.005326975980839749,0.10252189059984479,0.037983658945238634,0.07290900184830669,0.09307492817835654,0.02898312859923719,0.08462811809832742,0.09560392891355665,0.02226980800856363,0.08415803436791668,0.020836762331493633,0.11248462753073135,0.03837006227763204,0.04047927033264488,0.09880440340071664,0.05684399006795098,0.08900063213217871,0.06929012750930043,0.01687556277242965,0.05259277171376692,0.09517214214856684,0.12567080087851043,0.014298880921630742,0.13256644252889957,0.027712315563114424,0.08384322122606784,0.04113348337498002,0.003395891565675345,0.04765243999105734,0.05475044891447415,0.0336004698747825,0.0,0.0,0.07288971742881103,0.05040608289431704,0.024092015726098117,0.006989346044455478,0.10553901840080375,0.025277892786808056,0.027716332562253473,0.05083846926095967
doc_17,0.027480476980131348,0.06688359948128081,0.045675715740984224,0.10421309708493548,0.05248434027333439,0.15132266771464445,0.07043790174358759,0.10609566268120485,0.06068789648448056,0.07857364656201549,0.11690597195955646,0.04066226997193107,0.04955453666794837,0.04664465909912033,0.06820406888627757,0.14197396306095975,0.03442090567023419,1.0000000000000002,0.19704463874186187,0.09996660309455906,0.020589936797477865,0.06540251942007061,0.04629546223965616,0.11670066548336205,0.06138971532823808,0.12111785714868357,0.024085625644706114,0.04497323374047564,0.07599994595581215,0.04759754386873198,0.08915858894212275,0.03826131716614406,0.024683731242684102,0.0868965417325901,0.06140790668796767,0.09478509825340836,0.0285761019013281,0.01532784040830788,0.12663518891723347,0.05827648795433005,0.07013944940642826,0.08633714623147179,0.07049379298653431,0.0763790156862403,0.02655355376801142,0.03937279793177029,0.045736356911087565,0.06148123396012405,0.02613415246509311,0.10632579055687598,0.0183699694132776,0.01965236283461556,0.130158928459634,0.06066365835397758,0.04342120426872584,0.06017708182341479,0.083234361216908,0.0,0.07373690952185326,0.023540239164370168,0.1129356212701518,0.02347420939482814,0.017947965744341345,0.0769710793655765,0.013320545789850853,0.06573147736946582,0.0791817305146256,0.025104407932171467,0.07262123622949115,0.0,0.0593680193791514,0.06778297482820557,0.1335518612581629,0.03211402240450212,0.07454868343188256,0.05420592388603347,0.08394866540429408,0.027341836771387445,0.06055457930693555,0.06987735552974025,0.04815678625807897,0.09616768342955148,0.06780774114696386,0.02480638586729843,0.007639075471162262,0.1289144840373825,0.04558951503589772,0.0338994070465808,0.08789831434071826,0.07193710195368644,0.022072750329393615,0.02370128724214781,0.05045882078370531,0.10320991512793287,0.01962294752493025,0.023721174497155138,0.03468061827098425,0.040218535360042586,0.044897065449188714,0.05356393180122504
doc_18,0.05723164602155482,0.07888507709604427,0.05606777379393291,0.0603004789287114,0.04158676026132952,0.141830845873613,0.10148222818425681,0.12408179543664559,0.12714070340147712,0.047293185249343984,0.226019236861441,0.08527916696428921,0.19967868909455316,0.05114060904962633,0.22540408067295853,0.3521881744303452,0.24108906521295223,0.19704463874186187,1.0000000000000002,0.2353402320212609,0.07722032001643181,0.08056909174887973,0.1004150534694329,0.14331636435672007,0.060874318882357385,0.13697356753592538,0.044684145130052436,0.07841453413332267,0.025584090402384387,0.1434916058164748,0.09229457652762639,0.035184859845969835,0.05828309501728773,0.12482506964356782,0.02771290752988337,0.061500161105011636,0.04133512696022383,0.07543096579402221,0.0893733316579469,0.08199045689470699,0.1300483015154308,0.1427572541579932,0.17564477896408345,0.11167507732515833,0.02717150292421693,0.0674881923956533,0.1319648657709922,0.17355674952480135,0.039753445860975845,0.12261405245821635,0.04428944135502473,0.05088125435793149,0.14306789743088974,0.06858426524733255,0.04489139552537955,0.046677327513958616,0.15096261183723395,0.02732668304966597,0.029145778550104987,0.058961069388835614,0.14566117821061886,0.03317837333912385,0.027010917496806647,0.10245485197372368,0.01134998418190424,0.1238643685077487,0.0474933100521954,0.05242020452880379,0.09542442226720402,0.023609106192908583,0.0899129038419251,0.14736016664037577,0.10287904651534628,0.12299939123397732,0.1023095561934914,0.1426702723376448,0.09210343551523738,0.02642149246232714,0.11399363361748224,0.0808607494353811,0.045471341666407386,0.08986491516065812,0.08192347251102124,0.06482791035677932,0.05542557343800906,0.10187645983701135,0.045959563003863724,0.058862125008703414,0.09329185903251898,0.024344491352621837,0.029179881039735848,0.028678393564810837,0.10669285996970151,0.07450682806755872,0.0649220796950698,0.03021723377386097,0.014976187145035836,0.07172198973518022,0.03333430782754428,0.06995378515975707
doc_19,0.05443292852579703,0.08651448775905579,0.04504599298893164,0.054577496021795846,0.14315152180291443,0.11451542034677879,0.07391940543894061,0.08138344991010021,0.11041996504853721,0.14273515712518678,0.18072224380556323,0.09348670545152288,0.10683171990772311,0.07725193703755151,0.14322797543199445,0.14173632138652012,0.06384368086873375,0.09996660309455906,0.2353402320212609,1.0,0.09320068184303369,0.08052632366542982,0.1808298878399706,0.22162817135412216,0.13501405929275836,0.1848836565780351,0.0971715108887302,0.09934924422442538,0.0716003905072652,0.07805364058912617,0.17453619420046979,0.062431306423004186,0.08546628749232149,0.19127627404670194,0.04795714629381072,0.08745764461015926,0.06342420636810575,0.05321693259945845,0.1296458805342856,0.15462749555658475,0.12602350130918913,0.1055690946589571,0.16419405748677152,0.08404607621279858,0.037390231479211916,0.11880624892223643,0.07815223809896782,0.16587097024437136,0.04721908904699045,0.2035503266514572,0.06392240320917499,0.06968438334686354,0.16380042956791344,0.09611865938602426,0.1074921543251951,0.05114174548648133,0.07073251266273395,0.08925113040582404,0.038824426757587654,0.017918197003930623,0.17345900858565136,0.06386125127186613,0.03475592430151736,0.11299206791971197,0.0361416039770447,0.10782995453944569,0.03366146189347524,0.08848031005634567,0.10440215594657141,0.01873467254355821,0.12515217015995322,0.20247862142919829,0.18997289060898762,0.09339962998524302,0.09402423052105748,0.014717409960690814,0.17374680982364413,0.09614555699074843,0.16371379725295157,0.10277771516512342,0.11923161703963518,0.08084754854273561,0.1450251555680947,0.12172035005505816,0.08693228998012925,0.19219269877239245,0.06296773664513462,0.0986628631016439,0.14123220208513437,0.14663989104637382,0.08469399942069177,0.04226810176019426,0.07500958716238708,0.09586678142121573,0.15339067570735312,0.09438836965176366,0.0421131173932039,0.07917340862867027,0.03510768425174353,0.07452532233958854
doc_20,0.13249254086005013,0.1120354113388019,0.09221509157335556,0.10105945535295555,0.10302249789919837,0.028988749263125207,0.07543399081029019,0.08149238805372767,0.018501500970822427,0.07297244550445676,0.04513520620258397,0.06416159090020203,0.06670381832937691,0.007974938380510539,0.021535712578597488,0.053809698974385686,0.05597140591785029,0.020589936797477865,0.07722032001643181,0.09320068184303369,1.0,0.029484173538330414,0.1139395129431859,0.10811371875333077,0.0698308660937359,0.11385151976949165,0.047266790954560045,0.08718651648325829,0.09923067392576589,0.08754563323244541,0.0695334074144574,0.13092134273184164,0.0,0.09288803758966777,0.06979961278898444,0.026772487339589125,0.0,0.0,0.14250052084704706,0.06336630177580456,0.1391042381614742,0.09227681023184181,0.07994638188969765,0.019840826030808785,0.01662945063750975,0.06297125290191558,0.06929327740495762,0.0841869536955832,0.05202161452424815,0.07195920750611548,0.04981661429689809,0.05085957624089271,0.15092515686693556,0.12203787383993514,0.11171304204978155,0.12084698943373345,0.021755387104858886,0.0,0.0,0.07989064059535146,0.11696983930954874,0.0,0.0,0.054376004954452134,0.07705404059672835,0.004370773054598559,0.0671167950924115,0.07128030795916768,0.07495592546707738,0.0,0.13164093208468697,0.057897006451906624,0.027245789901096735,0.05835601278811113,0.06740911799160272,0.0,0.0739051121906954,0.007035176588610133,0.06897130410446556,0.013385415490373597,0.07235678229348357,0.06165606987691645,0.03366891280440794,0.12419427978126579,0.02590056372090093,0.06022151626388026,0.04544183150683288,0.08541436913498171,0.09372196907249053,0.06946564052842714,0.017077189366600607,0.04082636475428651,0.013074375537928824,0.08343952794689305,0.06776513191974577,0.011874339475128233,0.0,0.034650931550490705,0.0,0.08457262229251541
doc_21,0.08767086186256899,0.04722291422354704,0.07549801856349174,0.061387935129904606,0.010992513903086117,0.05838762559372658,0.09081305541855708,0.12866515700127462,0.16945320735244288,0.009515819681447674,0.0781362501118281,0.13450519141591552,0.016167570611992425,0.057095875393326,0.08294102357459973,0.05997123651233406,0.03554098025410868,0.06540251942007061,0.08056909174887973,0.08052632366542982,0.029484173538330414,1.0000000000000002,0.14083485813180655,0.1370548383771366,0.016410020101729223,0.1746678142641653,0.12444580215529655,0.044307787435801035,0.11388552822618583,0.03910586020900765,0.19075604356822423,0.14971208783696754,0.10167113107216752,0.15463939842160804,0.06816123124991567,0.09343054319620366,0.059959825851637935,0.1763832607141659,0.05844182635864504,0.06859665492431322,0.11146939068364976,0.12611589330890932,0.07415714387407159,0.10320313273634883,0.0026236044329980735,0.0942158841255951,0.11376276385035841,0.08332139445245199,0.08803986410738443,0.11501025989626235,0.06326556969596418,0.06580169967658514,0.11594416006145689,0.07461242282673686,0.09009721006434693,0.07847568327558907,0.13941226663496026,0.1099068617102957,0.12901344678660037,0.045440940166810134,0.1279860960224456,0.10022815052577211,0.049820399234269404,0.10109874834111433,0.05212784738148579,0.09818335743807517,0.042832889191986585,0.08048911197738148,0.08560590771291295,0.04112524944251811,0.06477067392927183,0.10531759896964947,0.10676578648888635,0.06807092095492408,0.03713146353467223,0.0,0.1584396331455833,0.023702318743846963,0.09577475760713157,0.02923496047614061,0.056258506971118456,0.08527088216846677,0.17510813390971122,0.06496261976646948,0.008172589134367298,0.10129367807668178,0.056987381705587425,0.062041530571575694,0.06454843141207442,0.07833411540730674,0.0,0.009648073018022185,0.012833192226898393,0.08362261635046006,0.100852034759275,0.0,0.05518209009737289,0.01447719456054647,0.0,0.06370873446595593
doc_22,0.08684319627584439,0.01865374201750704,0.04045340346544639,0.08531123368719004,0.11277748641345073,0.12442514128013644,0.060492466885462545,0.1326123190973634,0.12120392626809953,0.004707327293455735,0.09497077932624504,0.1569106589029044,0.0736415295979644,0.07195621077521197,0.10746341538154087,0.04977326548904973,0.003043361404897798,0.04629546223965616,0.1004150534694329,0.1808298878399706,0.1139395129431859,0.14083485813180655,1.0000000000000002,0.14713005498230547,0.10872788465061958,0.2310214858216623,0.13288525426216333,0.11348119128105433,0.10624911426405954,0.052783374019615005,0.1518380756609519,0.0995563991064707,0.01804951394700197,0.11629092112382121,0.1443751933413139,0.035340039996441155,0.05091951131549993,0.04825249012189014,0.03992187946468078,0.0661698949677698,0.07399208333714986,0.08107857715825345,0.09168753850888765,0.13237895743865835,0.08998689933577078,0.11882392056645316,0.07303276400007873,0.07876219263453259,0.1542137426220105,0.098879536332503,0.061897878618617036,0.05966599183361397,0.07098511551180896,0.11305810200035024,0.09931647865428861,0.11320515251392671,0.15680332208080158,0.08506736530636674,0.04027842309906811,0.05796364084047487,0.17964533890039083,0.03553082661613142,0.16899411283901877,0.11427473021541812,0.10508087257309918,0.05542324369587843,0.05613722723188497,0.043730580628743604,0.163672833629409,0.04205554126887098,0.04103992551851332,0.1552441531233365,0.022192610835909867,0.032063040556774586,0.08420008071781218,0.021420621825975077,0.0947844969832386,0.03064495206958771,0.11698118479641831,0.14443149099552363,0.04867496939890079,0.03442745281976392,0.04994416650784227,0.037538597907881194,0.10098037601518303,0.06171784312114728,0.0283338829767696,0.038906852597763046,0.09552083897819877,0.07768541073262589,0.0,0.04763822664555253,0.11899014465827382,0.07542040438489904,0.06212046763198015,0.007589986233326618,0.016201525359175916,0.060388778919287095,0.026433452611231534,0.03469964138728889
doc_23,0.048289086379607875,0.14043716110115545,0.009354044457669804,0.07454678090585731,0.11840316880266165,0.12467548637323006,0.0810726940818329,0.1415778448130106,0.17154475518700463,0.03909890465591474,0.09871892565056356,0.08428971767081615,0.036567088814564996,0.08717177432437438,0.07268740373200239,0.07798941351595344,0.06851176824041458,0.11670066548336205,0.14331636435672007,0.22162817135412216,0.10811371875333077,0.1370548383771366,0.14713005498230547,1.0000000000000002,0.09057563281605592,0.19612857777828419,0.08871949220601023,0.05551094820154441,0.11185147252295295,0.05202876767015356,0.20004520954191543,0.06330677910377658,0.06697698126246793,0.16947085611867332,0.04177145084717973,0.058487472844823675,0.09184298513179474,0.1272897466142433,0.09274738607395244,0.08548676939887301,0.19280474602519249,0.15369898198951187,0.13950967138042714,0.13622657959470938,0.03114167360369515,0.1394276040492896,0.1595324005580663,0.162656220892669,0.05525541629899328,0.1999274502293551,0.10354952026332245,0.07172146985043226,0.29252436985176916,0.09577638637417982,0.06714330273623192,0.030082483880454074,0.07665445978513385,0.05196806507234501,0.0447356130617219,0.023452916546933468,0.17832225930453532,0.1462986163412645,0.0466192355054217,0.15041073271034264,0.017496917963663323,0.07994092404055797,0.043702682634597194,0.10425325052650444,0.0546517571266223,0.05867833029322449,0.10686494792853088,0.16665052458928387,0.12967892315772533,0.11945594978286607,0.09746691239414439,0.04783655986736104,0.19819062174434968,0.05251694884054665,0.2066997336857199,0.04774500543371954,0.049284167534612434,0.1224853410075567,0.1281975238568887,0.1807772347372407,0.0592601795518492,0.13362818528469678,0.14799295248181085,0.12375420332964737,0.11685291301654524,0.15552749371173047,0.028574949879340242,0.005811333176955313,0.0741479838270104,0.10083560622979383,0.11045503670170255,0.01804615166165523,0.028534494687591814,0.05425525566900103,0.03780310434233976,0.0640149533353589
doc_24,0.009768652367375239,0.0,0.031948070770119186,0.07012663857234877,0.02893118211831692,0.08493079542461238,0.17677327096613624,0.024097075375095395,0.09212230797255352,0.052728073534418295,0.09680815813843485,0.06809773546824842,0.017091349631080034,0.048673062996506845,0.20553734579962857,0.06832727507921292,0.11083819290512109,0.06138971532823808,0.060874318882357385,0.13501405929275836,0.0698308660937359,0.016410020101729223,0.10872788465061958,0.09057563281605592,1.0000000000000002,0.17690528235819958,0.07712046979045216,0.0809523791186834,0.039377578932498145,0.07339291666773201,0.09182914599731169,0.10869565072720641,0.03959243881877787,0.08779103860736341,0.031921947230945893,0.021245623430103264,0.05888701471660805,0.06135023228950434,0.10896478940096915,0.0732985443945332,0.09907423604737792,0.14992037710181666,0.0770223904318583,0.07097632325081465,0.07156893154768892,0.025400694859188645,0.08264082612591077,0.09606506910507834,0.057674381745193556,0.07957600853331659,0.03651112024400908,0.026632230712571366,0.05135606940492554,0.03752594559446812,0.03633335922215801,0.08531127491441519,0.09337053176602289,0.006528252249486938,0.036629674238852536,0.010630077051396982,0.09510310014586798,0.07848243998997817,0.05869658185428656,0.05538599349023782,0.05512081324466323,0.06203714269092002,0.1140906844331591,0.06987541070732259,0.14587446666679765,0.0902033301293527,0.043586385929065094,0.06891351399045101,0.056404524866476534,0.058775288758086214,0.09989724065699135,0.07291843790241553,0.10960434953196409,0.04149617324563666,0.0379615728387738,0.0336916232717483,0.07867700358580633,0.01985427172878169,0.0823097655214944,0.0271218256842149,0.019772648298075044,0.06001700586518641,0.017467085602551058,0.04109004747887909,0.16197567140923574,0.114623194126828,0.0,0.02200295062179495,0.07107684467705784,0.0659303138055958,0.06434147785012018,0.005964201191461593,0.04339796941418468,0.04084572633955531,0.055396088177801006,0.019838151383315523
doc_25,0.06321369470587164,0.1130571852754236,0.049166584566093366,0.061631631812414316,0.12212614242093342,0.09517289525994482,0.10223372164097748,0.09040194402008658,0.14494245548682771,0.095983633316324,0.09896193185011395,0.11569847556110165,0.056844638753357477,0.09760112443817781,0.11785387168776268,0.16906998868170844,0.08915096418667157,0.12111785714868357,0.13697356753592538,0.1848836565780351,0.11385151976949165,0.1746678142641653,0.2310214858216623,0.19612857777828419,0.17690528235819958,1.0,0.08820999965010615,0.09388689172751122,0.17435478469456495,0.06205412221911485,0.19197960303994047,0.11807263433440618,0.08998461556846374,0.15891918553508153,0.09518749446672828,0.15025476639282628,0.09276264276755519,0.118417481040261,0.12825162037731427,0.1111892459834102,0.14676034254152234,0.19890167250193358,0.08072425278603498,0.23010106060623053,0.1676659408399946,0.15968276889266064,0.1894112314739196,0.13275642840593568,0.20553252831058155,0.15029856428954816,0.12079955956164862,0.07822331224570844,0.0900423070861378,0.07844272529877871,0.08468707949616375,0.08884826330113663,0.0961958030741834,0.12022718689835381,0.10007070683004901,0.04459757619455222,0.14994012626345213,0.06228008426388294,0.08607981206223703,0.16666493010616354,0.04830432922091747,0.07020010233424935,0.08800556938128906,0.108519334827723,0.1527841237830672,0.05965743099466381,0.09349285675156241,0.16164941449067854,0.0817375541318592,0.13479647659538613,0.09896652190536322,0.031432653547099454,0.1702561445863809,0.08682839657537593,0.11776589303572922,0.07845617430537367,0.08236892158683516,0.010290013094100721,0.1470822190678009,0.11939293814922405,0.06199446785437612,0.15077526062137356,0.08427857360439359,0.11305272204165717,0.17738474157693834,0.10131496696784441,0.01666378798233944,0.0,0.08220533657697475,0.10204129414677943,0.08209617363423533,0.046685191837766836,0.05040131696768545,0.08376095821301349,0.02147449824948573,0.07547718680405284
doc_26,0.09989504602425645,0.013929233897524484,0.08570510472804335,0.08858552002661814,0.02866074040734336,0.07396844353063978,0.033220063726558266,0.05522930256953683,0.04898611341905563,0.04533119304226715,0.037113399224817475,0.11058689584141611,0.03180685099181116,0.03822287651795471,0.05289628551267245,0.0822934269888102,0.007598060107970453,0.024085625644706114,0.044684145130052436,0.0971715108887302,0.047266790954560045,0.12444580215529655,0.13288525426216333,0.08871949220601023,0.07712046979045216,0.08820999965010615,1.0000000000000002,0.08929832516739798,0.05741811500514929,0.1116408725633759,0.07566312808871728,0.18083263386143064,0.07426096093102899,0.0681632314909005,0.02580438988448284,0.05045093293518922,0.0,0.0,0.0424504113461088,0.059888679869900645,0.04564492075088425,0.08126093018267905,0.017000877234744697,0.12019096018605666,0.09858228894088683,0.04684182891033663,0.19227865247609596,0.05337851467548348,0.04239309257143179,0.045901385237780874,0.08092441669202023,0.118377683156866,0.03187573172294619,0.08648214795307593,0.016566788697364127,0.06283733764956478,0.0733762460544645,0.046540097648299,0.09885526240218757,0.07613847913784924,0.11818732913440597,0.041112593369441605,0.12060882805955134,0.03301781607203348,0.042859528766128106,0.11180941263569952,0.049636274738530446,0.12659992632101164,0.13023923112479407,0.05706235894744256,0.06270714415800793,0.018511228711358244,0.07945768107116778,0.049832014363458105,0.007096874365369193,0.03931432582309017,0.03759047887855385,0.054175087913082204,0.037819821142293465,0.018554695761265592,0.0342216636242705,0.10679190276509369,0.07845005164766557,0.05530532185346365,0.04188837741415745,0.12376521430085971,0.082151238815901,0.05806543622108399,0.1083957639324922,0.07227745320389661,0.0,0.07770431522305193,0.02940139477149153,0.13105991431153965,0.047916557452139734,0.022383816357650733,0.007168211044926842,0.022555723021425587,0.05189387771515251,0.048229801571789056
doc_27,0.0832909733345328,0.03917314581874777,0.051123681852910274,0.04460449791463184,0.05298546009226783,0.09400178131869685,0.05524128941527461,0.10703316731372484,0.06462216516699001,0.07706574673126296,0.10806931403746384,0.16558051705339114,0.023606727682834287,0.11437888923291112,0.04326934800371852,0.08361834859077442,0.015069969299110624,0.04497323374047564,0.07841453413332267,0.09934924422442538,0.08718651648325829,0.044307787435801035,0.11348119128105433,0.05551094820154441,0.0809523791186834,0.09388689172751122,0.08929832516739798,1.0000000000000004,0.0051299620011840685,0.08848662896975477,0.17102121724590438,0.07788767805496753,0.03254284420187555,0.10419283805221416,0.037261697114196246,0.11063759149093572,0.013676253640007758,0.008215508230755439,0.0896735601411137,0.0651173887239475,0.08702437982529103,0.1319093445955239,0.13764823354022998,0.09417618003360151,0.003768883530696052,0.10871913768029856,0.08315062234204229,0.12913702888458886,0.02562084581832537,0.07606931073397719,0.12270097308673314,0.06136749183205077,0.0918725571218386,0.07088783092302561,0.012311052131232899,0.15439487393009851,0.05332936469950286,0.011777372749096581,0.08994686744934063,0.06255641029736816,0.11093200776428942,0.047102168332302144,0.13319997594286911,0.11842237170005729,0.01942014048444637,0.07801644619084766,0.057040292021386725,0.09150974602537143,0.0908062213301706,0.12773109544788244,0.05251477678510483,0.08866706120132843,0.07252892095220517,0.10355202240096444,0.06966727508232036,0.030366508793060618,0.0883029495048982,0.01536971361742676,0.11747844284600725,0.0299826147593586,0.011255901432559685,0.0532545185018356,0.10547389053293062,0.06086848168559586,0.02287723539308402,0.09966491025461627,0.07005109739081515,0.10249785434186873,0.1463847351669467,0.0761540058503046,0.015474289304718704,0.04554430327190459,0.047213484410601914,0.13379573484329432,0.07094593456094507,0.010759789588089147,0.025983984336226347,0.06267919439169173,0.0,0.07779893751990757
doc_28,0.03851528573927892,0.06310103536049161,0.0,0.07137435527070968,0.06687748735250468,0.08607021607055428,0.05192529447739718,0.05531952228816745,0.0548126942689496,0.163780204722062,0.03282292859324878,0.03958547921202324,0.0,0.0111630338861107,0.024210084954799156,0.013881113103117631,0.04842731376834998,0.07599994595581215,0.025584090402384387,0.0716003905072652,0.09923067392576589,0.11388552822618583,0.10624911426405954,0.11185147252295295,0.039377578932498145,0.17435478469456495,0.05741811500514929,0.0051299620011840685,1.0,0.0,0.026466830125889216,0.19747809693761498,0.009956174834796098,0.039228442644963946,0.004348203396154512,0.06965359177466174,0.07206778021640833,0.10014083693715058,0.04240573920451311,0.0,0.06375516262795555,0.05989916090359483,0.01740877825977674,0.008062765162542491,0.004126174432151891,0.06877556807166404,0.027496340509950958,0.05712243543027311,0.0,0.045600281345741185,0.08286782821638944,0.028493498561198687,0.07198251802000509,0.10908877669120037,0.005575381302856763,0.05479338608538348,0.07067893416638926,0.046463581173935065,0.04328897839270864,0.0,0.058223046779490334,0.13619549785572832,0.0076307711494409325,0.04284756118613279,0.08198209621974689,0.08241087560704226,0.0,0.06075840896126186,0.04312986944581887,0.0,0.03137627168130487,0.062355930841655874,0.05223478172538203,0.06614318914984377,0.03837816851593055,0.0,0.10163638710729071,0.07094020302878797,0.01828346269544051,0.035376377085382577,0.01682002314528762,0.0,0.03717009918955972,0.06619999109534654,0.01285312980363205,0.0602142107192393,0.031644160410916215,0.0362590122627187,0.047443636156373994,0.0,0.0,0.0,0.0,0.05308302508218396,0.03116897269230094,0.0,0.0,0.004377054724596377,0.0,0.039246784278213584
doc_29,0.07322359861599724,0.0066142932585041975,0.009520039901350455,0.11461521265915042,0.012118270821449544,0.05325924111805143,0.06280335381583425,0.05751467912281719,0.05032947011916719,0.052287575020647514,0.08456028575934202,0.05246337917367022,0.06053704424973361,0.005868645943869811,0.10243344339182542,0.16314731125454898,0.09501628666727345,0.04759754386873198,0.1434916058164748,0.07805364058912617,0.08754563323244541,0.03910586020900765,0.052783374019615005,0.05202876767015356,0.07339291666773201,0.06205412221911485,0.1116408725633759,0.08848662896975477,0.0,1.0,0.14084590242850029,0.012992953827321945,0.07906825323162842,0.07441634726161309,0.05857851807657079,0.040357438258811315,0.0269276356033236,0.09037116307612854,0.04760995499648303,0.02440324409480649,0.0813805015092756,0.12324278141762444,0.03894041418357335,0.014196792838615023,0.04159838498435881,0.03576333564824542,0.09907359500149855,0.05906787769244371,0.07647763732385951,0.036473940461692875,0.01474778399539338,0.12332623161245035,0.1108845264438737,0.020044454508747707,0.0058621946690045985,0.025041336499526036,0.11025056729148602,0.033086215309799154,0.11208698685514262,0.016530885834361637,0.07834581670924166,0.01800957332851688,0.02606499898424654,0.08355048888528302,0.0,0.030876968166746087,0.05761215277468318,0.060555570764878254,0.05937446447221523,0.0,0.036101151795006746,0.056536381535538,0.011432632274984162,0.04367148203330788,0.0826836528522087,0.020464399713790275,0.05015574035072095,0.005177088346168714,0.08421788530408024,0.06522162590435328,0.03076161355336597,0.06868321558826368,0.05730762850191336,0.005274809602017508,0.0,0.06524806977996166,0.04065876893737664,0.12669653464560815,0.08094816155887738,0.03280507028447461,0.0,0.1254986983030143,0.07418552485585067,0.06012274460552853,0.05787314285544359,0.0819954301593481,0.07061600633389406,0.0813857504232529,0.0,0.04764544596125607
doc_30,0.07376113867764983,0.06782608107047866,0.10773719033854989,0.14087317367857086,0.16890134539148416,0.0814445349727797,0.07697623837891777,0.051033308836096886,0.13866533701299358,0.06658299756841295,0.044989008812618886,0.1511540737743984,0.06379644356394576,0.09973003987051615,0.09897881303492798,0.10126456935327469,0.023292388353525338,0.08915858894212275,0.09229457652762639,0.17453619420046979,0.0695334074144574,0.19075604356822423,0.1518380756609519,0.20004520954191543,0.09182914599731169,0.19197960303994047,0.07566312808871728,0.17102121724590438,0.026466830125889216,0.14084590242850029,1.0000000000000002,0.0,0.061068352442365394,0.1835304202150467,0.06858303580854992,0.12296797011399477,0.09814332518601061,0.12216972837473807,0.06289744302513849,0.04345501973103197,0.12794018904431864,0.11921450279127968,0.10967063511245125,0.11671916408297153,0.09827376905702467,0.11698785808615554,0.094526040038819,0.1216889836392353,0.09237457492873856,0.15207825107430684,0.10700468435829687,0.09261017411118122,0.1439170499506811,0.11398556734130173,0.11497696082659967,0.058339976159363524,0.10787144738517136,0.06682518913794505,0.009386087500969193,0.017189611763286514,0.18754750954014507,0.2248999840805706,0.05174901365028052,0.11895166700335665,0.04202982602767794,0.06896963199266555,0.08039575902271079,0.10003883731372448,0.0866055971911512,0.028910051500703783,0.08117263766918383,0.10640592513015969,0.16496458392506322,0.13657159019575144,0.059475864366064134,0.01995884858335102,0.15766071526715242,0.0680705968522549,0.07237424549786486,0.06528249243167361,0.05943796978850037,0.04546245670002092,0.1170925921258096,0.13572013703091118,0.03532902922486611,0.11507076933208674,0.050565786248915605,0.19004141983677475,0.15775481474481023,0.05609999761577934,0.0288609105412408,0.09036699832974539,0.15580854291072238,0.18100275264921994,0.11335094265583495,0.08559530127475411,0.07095720619589221,0.03335162421461268,0.033466399452225695,0.10165607580825232
doc_31,0.019643559518034714,0.07214422410929221,0.014197819614734932,0.08816451912114956,0.06074760675812167,0.027639163578732088,0.008870228027525079,0.10315199470757438,0.053230689296744654,0.02122177508654326,0.0468049496116868,0.008207071027912847,0.05304677779644802,0.012972373397664112,0.012734903692477154,0.05173444808655392,0.01846896826062842,0.03826131716614406,0.035184859845969835,0.062431306423004186,0.13092134273184164,0.14971208783696754,0.0995563991064707,0.06330677910377658,0.10869565072720641,0.11807263433440618,0.18083263386143064,0.07788767805496753,0.19747809693761498,0.012992953827321945,0.0,1.0000000000000002,0.017934091959255622,0.015241408044708872,0.013560863436707805,0.06207047856213824,0.0,0.07736671525335871,0.10486186967632438,0.03155821142514502,0.04573513466578802,0.06833154404979438,0.07872772890574325,0.05998150276085255,0.0,0.0231396182209195,0.012091088366011072,0.026550782182523058,0.0,0.020487154374541832,0.0,0.0,0.07336634630994003,0.013192503882246395,0.0,0.07824635093570037,0.022181615961636564,0.015795135784034648,0.05118914401190437,0.06966479849894226,0.026950091719564688,0.13591805454331454,0.08310997111853229,0.064770767152509,0.026045176834569368,0.16376003992617377,0.05779403190777399,0.14364967334306472,0.11544646250555404,0.09464441872168873,0.03607486685898639,0.1529035958993769,0.07056298204480072,0.01030869518035348,0.07269943654306016,0.0,0.017291072261640197,0.0,0.012820027069167485,0.0365648830064399,0.029245202856540586,0.029062539722314384,0.07441111863713323,0.057848984611030635,0.01493640535740166,0.01949905005044565,0.0,0.02209415948053053,0.02122961092837518,0.0,0.0,0.01858788108627426,0.0247242999327742,0.020292966956912895,0.04253742517689088,0.0,0.0,0.0,0.0,0.018627955632644858
doc_32,0.022156569854507577,0.01633237373579326,0.07174444660440651,0.04405814693942617,0.05468310338130079,0.04276028689217712,0.0964930795485615,0.06374566953751835,0.058282076667448175,0.0,0.040747054675778986,0.07070210727091705,0.03220961596318621,0.01978908629530152,0.05337552660742833,0.024915264462440224,0.0935566727194266,0.024683731242684102,0.05828309501728773,0.08546628749232149,0.0,0.10167113107216752,0.01804951394700197,0.06697698126246793,0.03959243881877787,0.08998461556846374,0.07426096093102899,0.03254284420187555,0.009956174834796098,0.07906825323162842,0.061068352442365394,0.017934091959255622,1.0000000000000002,0.06113090614382084,0.020249094104629422,0.027458978841644693,0.07890961279092687,0.02360067747562646,0.04205367882366854,0.055582844786200264,0.032454357778857724,0.12284501383406149,0.03703320055319069,0.03128287732495097,0.05236338721407589,0.018697888373792448,0.06269260072352345,0.06379917974528758,0.05080817361567208,0.049640446971550914,0.0219981194373941,0.0627683134985674,0.07005628391203805,0.019725819059134283,0.02647830436562482,0.039968395017632295,0.013387891908803937,0.0,0.02976286921371055,0.007863279842553401,0.0716977807477348,0.011339235969467227,0.03968601471855163,0.06905498505340589,0.0,0.014207008261730793,0.04396908548100181,0.028671511065016038,0.03705887442562231,0.0,0.08208035282264683,0.03631388129905382,0.04558281711171804,0.06022262048066529,0.02819843722452704,0.01630196160966809,0.06448719564662829,0.017457152641445026,0.036813989530321264,0.06189126650050013,0.045884864621997895,0.05094334323116542,0.11333759572532963,0.037155300924549946,0.022785176274100236,0.1811667041961001,0.0796715367149504,0.02794912438456946,0.0662678609683221,0.028044066232484142,0.0,0.0,0.1025565991543789,0.06258862384948777,0.05978315303524191,0.03466340063213547,0.008404906017379234,0.020383451495817596,0.019477856077206323,0.05223326229568757
doc_33,0.0301296774446915,0.08042801584473062,0.0419038414127739,0.08278283802510372,0.14889465769100305,0.09485405891092887,0.12444863897705653,0.09486935177142469,0.16866029061713136,0.09409308268994858,0.14155716062240348,0.11022640528880606,0.1208227386556886,0.06718267629284044,0.12512409528205798,0.09808619283644664,0.06527057594220559,0.0868965417325901,0.12482506964356782,0.19127627404670194,0.09288803758966777,0.15463939842160804,0.11629092112382121,0.16947085611867332,0.08779103860736341,0.15891918553508153,0.0681632314909005,0.10419283805221416,0.039228442644963946,0.07441634726161309,0.1835304202150467,0.015241408044708872,0.06113090614382084,1.0,0.13712231456162963,0.18408672041526003,0.14888720610079223,0.12246206157574283,0.07039477585437875,0.07093835678932361,0.09050219918195493,0.14378781275217783,0.12021875107983494,0.13677317823708512,0.051479778630528925,0.19035069609193606,0.16942273330250268,0.17049729791235466,0.12797315782088434,0.12274389022869213,0.13430775612324203,0.006611103897129735,0.09656701261700715,0.09804849833959713,0.08788194846390815,0.07935556015121674,0.09954248079892092,0.03369674856356637,0.038014596311626556,0.015624690385849243,0.2996439429523476,0.08757796638150651,0.12266344588325737,0.16581617410853064,0.03187918523603978,0.14254614063208232,0.03728234585680355,0.13862573063513967,0.2055684620468247,0.1015588127804537,0.1711699324874008,0.20477858937696894,0.12400804856892023,0.08996986861431756,0.08001366467348166,0.07782859124302373,0.11773564008752015,0.06007241781049682,0.2064111501441716,0.04916605545916061,0.10158715784556555,0.09421515496360686,0.218416569957145,0.1507927807733893,0.10955606270997145,0.13500581921927762,0.10548092151075622,0.2918359148288892,0.15812128840335107,0.10831807561028653,0.06634522216216028,0.08091218549229309,0.132830941615001,0.15117306185842808,0.1154490463065889,0.07696662424124026,0.039548437987981626,0.06303002970887622,0.05770584783945137,0.09874491351977255
doc_34,0.012414834847548085,0.006903397703168792,0.06977934917484238,0.04862410815420104,0.11861196499227608,0.04946481366896592,0.05961777696174096,0.03660722004728455,0.0679987309393058,0.05884947083186255,0.06268740474785064,0.07518392152051967,0.0792541670050464,0.04510762133891333,0.02374435955728043,0.08158597953639676,0.0,0.06140790668796767,0.02771290752988337,0.04795714629381072,0.06979961278898444,0.06816123124991567,0.1443751933413139,0.04177145084717973,0.031921947230945893,0.09518749446672828,0.02580438988448284,0.037261697114196246,0.004348203396154512,0.05857851807657079,0.06858303580854992,0.013560863436707805,0.020249094104629422,0.13712231456162963,1.0000000000000002,0.12094548317842103,0.07938407239294261,0.08179318790758205,0.03627059405798751,0.0167534868482772,0.03816560685248771,0.09544138416254949,0.050304548214710455,0.0726046095111973,0.020955994532906638,0.11409940516361808,0.09615528883163157,0.07843818403780385,0.1446577774560376,0.04417866834827842,0.040435605400924904,0.025400946664125817,0.05598109435485606,0.05693725532964928,0.0578636739766753,0.035195074536197045,0.02156597686487942,0.07870378404623735,0.07620209912844321,0.010302492880139619,0.08534869869967736,0.004952233681143926,0.13720976396235643,0.10092698869671086,0.0,0.021958795440674896,0.0,0.1062810588041691,0.11159568735825541,0.0699162865046366,0.09040942967597129,0.0775148965981158,0.0202159375800125,0.07786604721767491,0.09282738061413721,0.0,0.01999829392237022,0.07710104442390173,0.14426460228958932,0.03755191300933525,0.04442078160315516,0.05991391070699365,0.05279255440687088,0.011652073534650356,0.031138955036806748,0.04498543735141332,0.04963147044473502,0.24530430484830817,0.02268770426438083,0.06723156552374673,0.07486885626192394,0.19262565924331665,0.11470638793099393,0.07690780951701441,0.08910498134614289,0.02739952957930631,0.05280096515077823,0.04785955856925496,0.08132930648607062,0.0389679784075976
doc_35,0.021545496978046794,0.016930040812276774,0.03520985174788581,0.012394672868059033,0.06159183068469817,0.06638799866660719,0.047768016323841714,0.09560887124335533,0.12218403507623456,0.08372942315990975,0.08957787147996144,0.10882361662981947,0.061186694550128484,0.03720406914104056,0.09435570205799582,0.07665032018616595,0.06271535990091673,0.09478509825340836,0.061500161105011636,0.08745764461015926,0.026772487339589125,0.09343054319620366,0.035340039996441155,0.058487472844823675,0.021245623430103264,0.15025476639282628,0.05045093293518922,0.11063759149093572,0.06965359177466174,0.040357438258811315,0.12296797011399477,0.06207047856213824,0.027458978841644693,0.18408672041526003,0.12094548317842103,0.9999999999999998,0.16343306034781585,0.051569494084458836,0.062369977370924146,0.011750132413149322,0.09276083051564281,0.1080040078934276,0.0708318949098542,0.07728174874936145,0.03073355095893411,0.15262732465883472,0.12781043532976222,0.18832414115446086,0.0617219783518578,0.16205275189785504,0.12343265154486777,0.027147683522021154,0.08203214527712749,0.14744776751391048,0.010174546031228755,0.09517756582786274,0.09125262307004468,0.0661281255743863,0.09428956941664604,0.06273194643488024,0.1288318067595614,0.006831404918539859,0.05456088210475959,0.10288421543861641,0.043778286323027854,0.07269807040804718,0.01519018050812274,0.06729379137165986,0.09887370914557937,0.15850777282028758,0.12670209060990503,0.04531955865028564,0.04643798681086936,0.02191983310234553,0.05152440153770785,0.017804343593448294,0.1537207207839014,0.14686665447990133,0.09856387124607228,0.0504885790355547,0.06029561317284622,0.009600854027738161,0.1147945573171843,0.0293371544588936,0.013727094637399939,0.047289317287870086,0.014343594222596073,0.19202995177647034,0.14679146600192483,0.0463403686873114,0.009914978682605196,0.025153235673188407,0.04880457294171843,0.09578389244715826,0.07252648411899726,0.032290828551763205,0.0287390457013779,0.11844622329789709,0.05251662957576166,0.02585691360245172
doc_36,0.0,0.11705220919848316,0.08868386215891436,0.026849491024930304,0.04608920846151663,0.028523203853440295,0.06595892241122334,0.06495056457529674,0.1412780107257367,0.16040176774156326,0.030995555052198566,0.14275838217383297,0.04969085057229035,0.06081450469793522,0.06415617793121114,0.026101300054040696,0.08967353853455119,0.0285761019013281,0.04133512696022383,0.06342420636810575,0.0,0.059959825851637935,0.05091951131549993,0.09184298513179474,0.05888701471660805,0.09276264276755519,0.0,0.013676253640007758,0.07206778021640833,0.0269276356033236,0.09814332518601061,0.0,0.07890961279092687,0.14888720610079223,0.07938407239294261,0.16343306034781585,1.0,0.1260738448885523,0.015842946488856355,0.03224875185686734,0.029039610867305846,0.12692004756935996,0.06067471400233484,0.08012426559224671,0.011000200017855736,0.10280627891986956,0.10130475796225803,0.08897862502830804,0.0,0.08233213735801559,0.09519522743255712,0.0224723563857463,0.11670369026882325,0.06363246726890215,0.014863721957399748,0.04682256973156604,0.04122074349940098,0.032593268585346696,0.0,0.09660923233070812,0.070932882777955,0.017052705513116696,0.12170315632931047,0.16224914519287162,0.0,0.06748896235156687,0.020067541816341163,0.050694848806033255,0.06830189813382348,0.17474877158342383,0.10152364844271924,0.04031565187337285,0.06132948537582572,0.10824374170378376,0.11751369499757253,0.0,0.0920584599035732,0.026253239979631214,0.13460781266836735,0.08404216578839842,0.04932803117593797,0.0,0.08592878803915695,0.04012318307194165,0.03426588018036817,0.011085626203580567,0.10485118918518985,0.15112665962969582,0.07355001367988871,0.0922785167992762,0.0,0.09210961867699832,0.09576961681022607,0.13260239854550582,0.07109806155066332,0.0,0.025480777247655555,0.13107872952083047,0.02479673982917266,0.015923579546014026
doc_37,0.04368080139064147,0.023799665416543065,0.0,0.09677563397522018,0.027686403121167786,0.08245142681619493,0.08724812376004978,0.03599648156106071,0.10773832938623222,0.08832733109960117,0.037107877739393495,0.059039137277166434,0.0,0.030770969875158625,0.06714810450162663,0.06352787795057656,0.007697866538918407,0.01532784040830788,0.07543096579402221,0.05321693259945845,0.0,0.1763832607141659,0.04825249012189014,0.1272897466142433,0.06135023228950434,0.118417481040261,0.0,0.008215508230755439,0.10014083693715058,0.09037116307612854,0.12216972837473807,0.07736671525335871,0.02360067747562646,0.12246206157574283,0.08179318790758205,0.051569494084458836,0.1260738448885523,0.9999999999999994,0.01637178995453889,0.046714601858581256,0.091775959882548,0.05495976640632205,0.08283160329128353,0.045574053762834334,0.006607967076764355,0.10731481694710837,0.05830457048765994,0.10036204712643408,0.041625982786573056,0.0376637996482523,0.10034866191085742,0.02433468233861098,0.05624916712074311,0.12371090955566602,0.008928836309634917,0.047613225887075575,0.020014928019206735,0.0,0.1563339274255814,0.05871207941797992,0.09763702421572448,0.07813067633031917,0.012220492699706785,0.08134384126116087,0.06564615742889089,0.12212066957479978,0.010551141509537145,0.09247676994007775,0.059689659916958064,0.04726883651158601,0.08981255824153592,0.101284470783253,0.11227442151941289,0.046668951783464974,0.07364031304204179,0.030572698443308954,0.06929424213828829,0.06511858017991141,0.055205278540719896,0.019749780748850004,0.053056177407052374,0.0,0.10342017968439657,0.04866668794510721,0.020583971902391147,0.04328745230422149,0.07299734848849272,0.0814903126936109,0.060327381146693455,0.04633986863650787,0.0,0.012150106939797947,0.021767629259766993,0.10593629012445491,0.05339119097091259,0.07907871963731403,0.0,0.02783437301636412,0.03285048916557222,0.02174180888484594
doc_38,0.0,0.029408600411412546,0.04922562252678443,0.06504272575274332,0.04802065075958824,0.042401152660208795,0.06357875566271622,0.18190796768402528,0.03977973963336461,0.046781869874353225,0.04334136503391436,0.0666230470305448,0.12039189070221122,0.0529746077574412,0.09369386335948351,0.11218372315778402,0.011227668416698363,0.12663518891723347,0.0893733316579469,0.1296458805342856,0.14250052084704706,0.05844182635864504,0.03992187946468078,0.09274738607395244,0.10896478940096915,0.12825162037731427,0.0424504113461088,0.0896735601411137,0.04240573920451311,0.04760995499648303,0.06289744302513849,0.10486186967632438,0.04205367882366854,0.07039477585437875,0.03627059405798751,0.062369977370924146,0.015842946488856355,0.01637178995453889,1.0,0.1309440069160379,0.1292622005520656,0.193618544634205,0.16290931540049458,0.04867547464115271,0.034034712694433825,0.0403799218938452,0.05672188360800298,0.09616619474619433,0.049423023877171776,0.1302341656757023,0.07221294495682602,0.021234834010235085,0.12089016755378175,0.03321072687423535,0.024539912682905497,0.08899371386103509,0.06313783566933162,0.0,0.0,0.009499850763203315,0.10901081797285732,0.024937331578626987,0.008074253321513255,0.09194760649163337,0.0,0.015948408628928233,0.008078386471905867,0.0,0.03348907197761479,0.0,0.041705078924134234,0.11625009552352963,0.05106707811955803,0.0446016222893239,0.042370378112277396,0.0,0.13059921008200565,0.09543811559021656,0.07605521961668697,0.026340879181879454,0.05392351189699944,0.06950673754630685,0.03152297082358506,0.13164274626622552,0.013600122972685464,0.07872287448017282,0.0694091617830323,0.06544921908149418,0.06575443555990632,0.04292078700987823,0.009823267990561964,0.0,0.013724106566563537,0.04234100535462777,0.05942637298107685,0.012464434717470876,0.01923096961847842,0.05844192932931463,0.0,0.03257237079851076
doc_39,0.1323425485125494,0.018124844358568905,0.04049685691957891,0.0,0.0,0.08434591247650731,0.09304066516865934,0.005270348096875001,0.1105756669003709,0.031224072287379556,0.07845522649738287,0.052003266636865005,0.10692891052751931,0.015322020527908051,0.14893163323355704,0.06200760629753521,0.038176097560896294,0.05827648795433005,0.08199045689470699,0.15462749555658475,0.06336630177580456,0.06859665492431322,0.0661698949677698,0.08548676939887301,0.0732985443945332,0.1111892459834102,0.059888679869900645,0.0651173887239475,0.0,0.02440324409480649,0.04345501973103197,0.03155821142514502,0.055582844786200264,0.07093835678932361,0.0167534868482772,0.011750132413149322,0.03224875185686734,0.046714601858581256,0.1309440069160379,1.0000000000000002,0.09102693045125805,0.10674177273496592,0.050973261709854716,0.08934665790268391,0.016596799832405456,0.18605100008849845,0.059388972544282284,0.09161903530295153,0.03598107231479339,0.05937075345095365,0.15071771825156471,0.11735064513260698,0.05127780970562272,0.057164754893610975,0.04943519335708271,0.03545136980731298,0.07265167025387338,0.018656061408751336,0.08528913065229533,0.058269464905692646,0.0760181409281072,0.042404031733798475,0.10295117060603422,0.06472065539001458,0.030762661687191738,0.04240720405713368,0.03240063613433522,0.0390511014037041,0.03371603205842612,0.04275289443758557,0.05093168954013102,0.03377502537936786,0.12739110554963493,0.059151384600913695,0.08668622842584481,0.09511262189791506,0.039648907871973144,0.06264122623633007,0.01793309124818606,0.09224546370496127,0.017682344216118098,0.020570474651827174,0.0535434848012181,0.01918845499871043,0.017641791712569212,0.09676677906711821,0.03735102665359043,0.024311950485177494,0.07832689646616303,0.03867688906641904,0.012256098948203918,0.010977324150470863,0.06162529806175547,0.0832787492985664,0.031062690419019948,0.0,0.1353631990231217,0.040217239063529364,0.0,0.054320646707469236
doc_40,0.0,0.0,0.054444723155716204,0.15834971662869807,0.06367046946527838,0.0353605049186418,0.03614983329652532,0.08605317378903844,0.06979927799433777,0.014135759137397957,0.11432789479386117,0.09271315966147875,0.040818147513869564,0.04366118992136004,0.06680512742619682,0.061881814150295075,0.07646750968798588,0.07013944940642826,0.1300483015154308,0.12602350130918913,0.1391042381614742,0.11146939068364976,0.07399208333714986,0.19280474602519249,0.09907423604737792,0.14676034254152234,0.04564492075088425,0.08702437982529103,0.06375516262795555,0.0813805015092756,0.12794018904431864,0.04573513466578802,0.032454357778857724,0.09050219918195493,0.03816560685248771,0.09276083051564281,0.029039610867305846,0.091775959882548,0.1292622005520656,0.09102693045125805,1.0,0.2325971512522366,0.11505825901124922,0.12330049256510513,0.05894285676035538,0.0960524231354948,0.10685190458618699,0.09716370181569679,0.1594742805302445,0.14443387555854367,0.07482655109647983,0.012812808873791348,0.13516582337027638,0.10017127757481074,0.05825989295752597,0.023254771922707695,0.11725506388447392,0.10678866669432102,0.0342053107069291,0.02761307371082111,0.13769309017568251,0.0608614199967103,0.03323756217729734,0.10590358142130264,0.015072252635234474,0.025482146899179742,0.03352625952605559,0.0436806404640758,0.07558299052759881,0.12398922693531425,0.06323910704537694,0.11682387404266421,0.06590870085279062,0.10922882283647115,0.13099845115169678,0.01955728444692639,0.14442074467071458,0.02182386986218764,0.11033485817791916,0.09257645803246707,0.08354200264482542,0.10251044543308413,0.09275210403308556,0.05287274705925351,0.017755354124057453,0.09770949244829569,0.11346558524235577,0.07773108347392542,0.06759231433650888,0.0688110927083621,0.06863814829580378,0.0,0.08490843357363574,0.09708833352664492,0.09303711466198418,0.0250524861707665,0.017825613799046396,0.10840351174901179,0.019781251857727916,0.05118206136895503
doc_41,0.038894522374779444,0.06560231334731369,0.11510023753042715,0.14535083330261034,0.06590492159459559,0.06051858609918881,0.19525120263053108,0.14295794482227334,0.0975933111355951,0.07897591546790421,0.1893197459652335,0.09490606453075466,0.07403548451190313,0.09249935802058773,0.12592344954187024,0.1090598779327089,0.0746159361388541,0.08633714623147179,0.1427572541579932,0.1055690946589571,0.09227681023184181,0.12611589330890932,0.08107857715825345,0.15369898198951187,0.14992037710181666,0.19890167250193358,0.08126093018267905,0.1319093445955239,0.05989916090359483,0.12324278141762444,0.11921450279127968,0.06833154404979438,0.12284501383406149,0.14378781275217783,0.09544138416254949,0.1080040078934276,0.12692004756935996,0.05495976640632205,0.193618544634205,0.10674177273496592,0.2325971512522366,1.0,0.11248687095574833,0.09733132616854309,0.1256464433845085,0.19136122840725792,0.13087455607743212,0.14722677239093854,0.2407899903497519,0.1086688121982711,0.09089235201414793,0.06895272340433126,0.10826456823577117,0.13451239676992816,0.0567947985428205,0.12780892573607505,0.13585288666666331,0.13324178318469906,0.05025607613916462,0.04155367886682393,0.13873851965530232,0.05383903172550514,0.10423134243987113,0.15709360124500918,0.021214406207634182,0.09983828255600165,0.03607227553564593,0.11148466781586866,0.14221932415431623,0.08340541402939174,0.1047735910952798,0.10822387865431746,0.07198984106417113,0.1187344434984759,0.0766833343358816,0.05699402322264419,0.0821935971658823,0.03227312626877078,0.10743000300655844,0.07741247267733516,0.06341530517765265,0.044558425047170475,0.16747233375835996,0.12777814756852196,0.03253097051226843,0.0932711164100179,0.06555707662660942,0.1138715817673176,0.11147642746737013,0.14320463994286417,0.0432745944813359,0.038554068786356255,0.08085225672057787,0.10689920301472114,0.05146443818212934,0.02239719746480495,0.060420167671431116,0.15416618555421785,0.007401362128500305,0.07371671431968374
doc_42,0.1358459353832654,0.0792454448659777,0.02234394598352209,0.06545494827968704,0.04973599463642267,0.06182737505107169,0.0765098330066696,0.062102579151729814,0.09086857206129531,0.09441896150615275,0.10856831821798939,0.08248351941647027,0.07753176550091384,0.057012659210777306,0.07291144709338417,0.025397893851217802,0.02479168112927118,0.07049379298653431,0.17564477896408345,0.16419405748677152,0.07994638188969765,0.07415714387407159,0.09168753850888765,0.13950967138042714,0.0770223904318583,0.08072425278603498,0.017000877234744697,0.13764823354022998,0.01740877825977674,0.03894041418357335,0.10967063511245125,0.07872772890574325,0.03703320055319069,0.12021875107983494,0.050304548214710455,0.0708318949098542,0.06067471400233484,0.08283160329128353,0.16290931540049458,0.050973261709854716,0.11505825901124922,0.11248687095574833,1.0000000000000002,0.07744469996180352,0.002517240418422888,0.10338756619619402,0.045740291340740376,0.10600139823553938,0.03782452153672981,0.10317859181238011,0.04392339231763371,0.011026318418571998,0.12287485599741822,0.09690596574425317,0.0912989445271597,0.08273033125442593,0.07793117170587534,0.0,0.04808974812574527,0.00547721708111322,0.0920628396422351,0.003902270821567084,0.0046552771524713136,0.10656689343257142,0.01490028184835348,0.05535433989869504,0.08844514628732109,0.06622010987171931,0.06780767284457026,0.032050000385030836,0.13468283578126022,0.20021850908625416,0.07674230575942242,0.06784927528332971,0.09834874539856349,0.036076166140729726,0.0787310251314382,0.016812322896875263,0.12085214748803404,0.0542929557855053,0.01147686503362928,0.028315115294540123,0.06725785243604955,0.09603869409320936,0.016386286300864618,0.06256056080101748,0.020149048108711903,0.09847341486467028,0.06437393341003826,0.04640484260500477,0.021687129551033073,0.00925692877150226,0.05834395816297609,0.07925554056261043,0.02626099294407338,0.007186472339690901,0.0,0.04878554729006226,0.03927716458769641,0.035173242614261295
doc_43,0.028540527171443484,0.020836327940767937,0.008954606810406295,0.012785447672767201,0.07966027567843781,0.04192154957707375,0.03859488294582336,0.10194175431669442,0.08794788431093456,0.040039902920305216,0.07697725982813232,0.10116355687073213,0.03505451593391238,0.07698911462697454,0.028113052376711804,0.04389283003766362,0.1041910115033286,0.0763790156862403,0.11167507732515833,0.08404607621279858,0.019840826030808785,0.10320313273634883,0.13237895743865835,0.13622657959470938,0.07097632325081465,0.23010106060623053,0.12019096018605666,0.09417618003360151,0.008062765162542491,0.014196792838615023,0.11671916408297153,0.05998150276085255,0.03128287732495097,0.13677317823708512,0.0726046095111973,0.07728174874936145,0.08012426559224671,0.045574053762834334,0.04867547464115271,0.08934665790268391,0.12330049256510513,0.09733132616854309,0.07744469996180352,0.9999999999999999,0.35058588139285196,0.08224998497168488,0.11725322878615166,0.2063941890644044,0.06759392564447805,0.24681717007923543,0.2038444763785095,0.015678995770569627,0.08698106189768523,0.16158734406706698,0.08066071238892139,0.06963553830722194,0.0840490752727341,0.044012736238230536,0.04048137958228075,0.0495554835670871,0.12332092956402527,0.06005309500615046,0.08215514804324611,0.12622488844581667,0.011687755327013868,0.060196114931263166,0.0,0.03747505451518386,0.07799796745129861,0.039306580790682846,0.05285898189327942,0.12745108168470565,0.09614566806903235,0.05437124862571036,0.051370155388391105,0.044241153549674186,0.08478605668508284,0.022612389648887805,0.07181799951161938,0.07263423794935703,0.05961260357459488,0.035052531578279006,0.12984393599630706,0.06213036377937112,0.10318619997867545,0.05434859123934991,0.09662733654854257,0.10566270454468377,0.07622221699089528,0.0379450391684102,0.0,0.028620784639024857,0.046969740476247135,0.07784608136354836,0.09212516840191533,0.005637056481582036,0.0,0.0524778134703991,0.06362627474286923,0.05591137984685318
doc_44,0.0,0.012466863666508945,0.0,0.11854771355848508,0.04718354319295763,0.03045861767043173,0.12492841272159376,0.05110376259062645,0.026297579296474513,0.02332906306908586,0.04372488925323401,0.0025942962447150506,0.0,0.03469282339077889,0.07535333170093703,0.0035696381260810336,0.029252058428040222,0.02655355376801142,0.02717150292421693,0.037390231479211916,0.01662945063750975,0.0026236044329980735,0.08998689933577078,0.03114167360369515,0.07156893154768892,0.1676659408399946,0.09858228894088683,0.003768883530696052,0.004126174432151891,0.04159838498435881,0.09827376905702467,0.0,0.05236338721407589,0.051479778630528925,0.020955994532906638,0.03073355095893411,0.011000200017855736,0.006607967076764355,0.034034712694433825,0.016596799832405456,0.05894285676035538,0.1256464433845085,0.002517240418422888,0.35058588139285196,1.0000000000000002,0.02818436532766902,0.009555133931391593,0.05892726669195908,0.12427701169455246,0.11502060171826849,0.04295605402999629,0.0,0.05374460659287893,0.053997769179864596,0.004096124447868709,0.0,0.1398753685588922,0.07404316177641643,0.0,0.0,0.08732103923657455,0.004699361583510294,0.021191189827182915,0.043502129458691946,0.0,0.0,0.0,0.011392248732868385,0.010055874039485421,0.0,0.025894560690819406,0.0186952126131433,0.01271135664541741,0.007285276339585657,0.03457376950334731,0.04835551630920746,0.07121503070470073,0.04590775902018269,0.03509738094486241,0.0022329889692740685,0.015185867440994174,0.04224084089799278,0.01627868857790453,0.040529064528096674,0.028320118640997226,0.044946796417570656,0.002966540022327332,0.020449835204817655,0.01727586888309181,0.0,0.0,0.0,0.05606680225635208,0.018098219082709713,0.006659497659809068,0.0,0.0,0.021095042370831953,0.0,0.046982029228250274
doc_45,0.08443137505339464,0.022260814872500423,0.0065135981045987895,0.06293024783747768,0.07482590693581438,0.05995788863111829,0.043456000867107276,0.04944137876072434,0.1233468664596516,0.04722277171266278,0.11858257384586958,0.14012280426365156,0.07970322125140104,0.05918491759687576,0.028180587032854428,0.040679859432178514,0.03537732125969888,0.03937279793177029,0.0674881923956533,0.11880624892223643,0.06297125290191558,0.0942158841255951,0.11882392056645316,0.1394276040492896,0.025400694859188645,0.15968276889266064,0.04684182891033663,0.10871913768029856,0.06877556807166404,0.03576333564824542,0.11698785808615554,0.0231396182209195,0.018697888373792448,0.19035069609193606,0.11409940516361808,0.15262732465883472,0.10280627891986956,0.10731481694710837,0.0403799218938452,0.18605100008849845,0.0960524231354948,0.19136122840725792,0.10338756619619402,0.08224998497168488,0.02818436532766902,0.9999999999999998,0.14721113322223267,0.22941249121517462,0.17899460966106084,0.17810214699817986,0.33137824200060373,0.1572372494088153,0.12591862440640866,0.052991920604928605,0.020521772576045746,0.0551128872832288,0.06187421150793647,0.1134129301458355,0.07720926604648903,0.05744777453500584,0.10561591153926733,0.0915645121168752,0.10625403453907199,0.18265737033523818,0.024791964693027958,0.07251869998262733,0.009565243911640271,0.05247246193511988,0.08140966900856239,0.027165690879458648,0.09794352941083725,0.12698073528832657,0.09071589575386427,0.0660210004801006,0.09258785356994353,0.08063193971972216,0.09188557360428072,0.08223441180838359,0.15233891445444625,0.08173971257951188,0.033199557418649064,0.025871060992689057,0.14429315058783337,0.091161131526714,0.046828575444611165,0.07595595554300916,0.01916794840775207,0.11081804132956832,0.0858560860709949,0.06763511260021551,0.030470818454943958,0.03640070378603177,0.0716483632419645,0.06618230307158061,0.03429989898099204,0.017935912588062226,0.08146853929996276,0.09440015261597762,0.06195041195984974,0.06938673957082499
doc_46,0.08335732206352778,0.05558239018932029,0.07640477127049006,0.031691653755471894,0.040034595637058495,0.10512674844755682,0.11717802724017547,0.06786881178553417,0.10893490905988559,0.05860449168270486,0.08025403865849659,0.0721728241062753,0.03883627520934144,0.077415285683434,0.09293298138952351,0.18289916755799684,0.06697316194299399,0.045736356911087565,0.1319648657709922,0.07815223809896782,0.06929327740495762,0.11376276385035841,0.07303276400007873,0.1595324005580663,0.08264082612591077,0.1894112314739196,0.19227865247609596,0.08315062234204229,0.027496340509950958,0.09907359500149855,0.094526040038819,0.012091088366011072,0.06269260072352345,0.16942273330250268,0.09615528883163157,0.12781043532976222,0.10130475796225803,0.05830457048765994,0.05672188360800298,0.059388972544282284,0.10685190458618699,0.13087455607743212,0.045740291340740376,0.11725322878615166,0.009555133931391593,0.14721113322223267,1.0,0.17108799231403604,0.07439369408965145,0.09407262466173436,0.10428148145170561,0.28911368303414486,0.12973181908318318,0.06049683305334187,0.052858984155045696,0.04892501042235546,0.08544541218342817,0.03532388513967776,0.03545292478573636,0.07307639891101395,0.13950651425433527,0.08136693787352994,0.06319361422259254,0.09109186347570405,0.031006038940697877,0.0719811965403472,0.05063425078395186,0.06509146979485475,0.16142162665487783,0.03846608776111393,0.06673600988340271,0.0653374738426361,0.11106886397419577,0.11105865755597585,0.05194197793343659,0.0,0.06626811012150843,0.04047847625686285,0.13446322673063738,0.06397959395153036,0.041090087506241046,0.0239088540307935,0.10961865122279472,0.0755429798226818,0.04754582940526122,0.07060985708818107,0.0568708318821461,0.05811727167601338,0.10399325334589027,0.08388379436302106,0.016445758596942972,0.0,0.03340135464717074,0.05259983885345487,0.08264684514717016,0.0,0.07424292704229925,0.05519108660791135,0.0896717678478339,0.11086033866100609
doc_47,0.05504994428248527,0.14379140068390736,0.05655339085343263,0.06368032739173093,0.046050509180526694,0.10502755121552171,0.08730859768402481,0.1516144275425879,0.13387810653348278,0.12581170808045927,0.16593031708674855,0.1309336154432918,0.09402579198610439,0.10131630845850048,0.07874087771901009,0.08996585945187838,0.1783236501185339,0.06148123396012405,0.17355674952480135,0.16587097024437136,0.0841869536955832,0.08332139445245199,0.07876219263453259,0.162656220892669,0.09606506910507834,0.13275642840593568,0.05337851467548348,0.12913702888458886,0.05712243543027311,0.05906787769244371,0.1216889836392353,0.026550782182523058,0.06379917974528758,0.17049729791235466,0.07843818403780385,0.18832414115446086,0.08897862502830804,0.10036204712643408,0.09616619474619433,0.09161903530295153,0.09716370181569679,0.14722677239093854,0.10600139823553938,0.2063941890644044,0.05892726669195908,0.22941249121517462,0.17108799231403604,1.0,0.056169950822481954,0.39845186627898277,0.2636208937865545,0.11342397804204643,0.12270609426391442,0.14600377634212186,0.06340121469528895,0.08136321502568153,0.10178120417015774,0.014989838768270168,0.049303463338584624,0.04161403968909088,0.15335865163135953,0.07994735881919762,0.11415606291740021,0.1585959270243846,0.03220848867174856,0.07348600192300887,0.04432674404703173,0.13394628229271338,0.1373212994126672,0.11566589928161322,0.0848488343612776,0.09577424774731047,0.0746050311045238,0.056736926814665786,0.052574995480383795,0.02816109331537755,0.16890818046672693,0.09530347325148177,0.1618788152564803,0.06701287099529254,0.06525307347815938,0.06941454255251839,0.1314513394420203,0.1073472440700598,0.03532085659657807,0.061805192990360025,0.06345191853613767,0.136258830045222,0.11849365700097812,0.11826423846472985,0.07951443664130806,0.0725073808657288,0.11291793552993436,0.1419515204479604,0.13270647000841015,0.0853548188924269,0.08116610897531651,0.06840474885349343,0.03146465201078642,0.04036011161063548
doc_48,0.0,0.01780266994182924,0.0,0.10525306456273181,0.0736219743533066,0.005224827697261276,0.06413948173099729,0.04146174589215177,0.07768162181772974,0.0,0.15218711758317569,0.0868854260517159,0.006803719109270138,0.03323608584996242,0.024261457267052138,0.051512639510885916,0.004955388225201109,0.02613415246509311,0.039753445860975845,0.04721908904699045,0.05202161452424815,0.08803986410738443,0.1542137426220105,0.05525541629899328,0.057674381745193556,0.20553252831058155,0.04239309257143179,0.02562084581832537,0.0,0.07647763732385951,0.09237457492873856,0.0,0.05080817361567208,0.12797315782088434,0.1446577774560376,0.0617219783518578,0.0,0.041625982786573056,0.049423023877171776,0.03598107231479339,0.1594742805302445,0.2407899903497519,0.03782452153672981,0.06759392564447805,0.12427701169455246,0.17899460966106084,0.07439369408965145,0.056169950822481954,1.0000000000000002,0.09926051642290001,0.025136882736597643,0.048952335307792985,0.04410706737435385,0.13397503555197432,0.04925309659874681,0.0,0.14435098886918543,0.2118451474947998,0.020933519238291586,0.009419098521465732,0.12103683326849976,0.0,0.08172166283743369,0.17861672064301287,0.0,0.015370965374491745,0.016019434403767345,0.08880432773995889,0.13728074491577835,0.0,0.08352361402786893,0.057569690861158776,0.010459148311815486,0.07596647128184938,0.0924567534817621,0.0,0.015269268471347708,0.029319566109766403,0.08749341634654083,0.09926349948377657,0.07594657796290274,0.042889401420788786,0.09704914326855417,0.07767471536359703,0.09170129483001772,0.11800524248438594,0.10089758472755407,0.04606837226794016,0.07117684740146188,0.07748936578133847,0.0,0.0,0.16698761814971907,0.03307311918389229,0.08409308218261816,0.1478886720667283,0.13576826558402372,0.07022467214911955,0.03458162574605629,0.03484049324705163
doc_49,0.022097522133885338,0.0891370883250871,0.06341433593072034,0.03524869347106377,0.09644369135908096,0.07847890740286109,0.06573287891946697,0.11185156434278581,0.09539641692951047,0.04063215422360597,0.08536877855799058,0.12970107088282304,0.059853489412036255,0.05582742732751148,0.05230006965788217,0.08139312323412701,0.10139952588185626,0.10632579055687598,0.12261405245821635,0.2035503266514572,0.07195920750611548,0.11501025989626235,0.098879536332503,0.1999274502293551,0.07957600853331659,0.15029856428954816,0.045901385237780874,0.07606931073397719,0.045600281345741185,0.036473940461692875,0.15207825107430684,0.020487154374541832,0.049640446971550914,0.12274389022869213,0.04417866834827842,0.16205275189785504,0.08233213735801559,0.0376637996482523,0.1302341656757023,0.05937075345095365,0.14443387555854367,0.1086688121982711,0.10317859181238011,0.24681717007923543,0.11502060171826849,0.17810214699817986,0.09407262466173436,0.39845186627898277,0.09926051642290001,1.0000000000000002,0.24243276148989729,0.1022702163554626,0.20795260340363747,0.1472761991999691,0.07951761567110549,0.02817176501766736,0.10140388585208097,0.045149558471524145,0.04401308515061661,0.008583690976646813,0.1380842861207514,0.055521765775605914,0.07662892454027208,0.12619326135452247,0.048055591456819105,0.051983930762511156,0.02760780036210521,0.06981877585998929,0.11917314241498275,0.09654500586784907,0.11377287835649127,0.12603542568522075,0.11121127499403394,0.08682640578056858,0.06679707775322515,0.03335777808382105,0.15903742800215553,0.08200255624295708,0.14695483649460794,0.1318836139339475,0.06677583528150055,0.07840697816370935,0.11326843596995123,0.125711955864699,0.047527775096853526,0.12550000255812055,0.05488235921559376,0.07608147620868211,0.10060291927970084,0.09198170630050584,0.06513485938681154,0.056928992826962635,0.0901611478298325,0.06589425294968836,0.09158837284306226,0.02254089577813881,0.051350050364594564,0.0101164624166926,0.02181621787759023,0.04028806249141621
doc_50,0.01387498572347712,0.01869902590948249,0.0246062730611783,0.090022205745451,0.10633861080027798,0.08023897181986518,0.0887391853288126,0.04878734596924435,0.0740214969141488,0.12924893974868734,0.04006560366778198,0.11664713087589644,0.03095866436223015,0.08051395188691965,0.04203022871600156,0.02835281595424488,0.03676799785545998,0.0183699694132776,0.04428944135502473,0.06392240320917499,0.04981661429689809,0.06326556969596418,0.061897878618617036,0.10354952026332245,0.03651112024400908,0.12079955956164862,0.08092441669202023,0.12270097308673314,0.08286782821638944,0.01474778399539338,0.10700468435829687,0.0,0.0219981194373941,0.13430775612324203,0.040435605400924904,0.12343265154486777,0.09519522743255712,0.10034866191085742,0.07221294495682602,0.15071771825156471,0.07482655109647983,0.09089235201414793,0.04392339231763371,0.2038444763785095,0.04295605402999629,0.33137824200060373,0.10428148145170561,0.2636208937865545,0.025136882736597643,0.24243276148989729,0.9999999999999996,0.10805540114283213,0.11085812749157274,0.13464002409017395,0.02011923252319895,0.00733422431055084,0.049039156970110076,0.02737458530160381,0.04769695322256009,0.013401833364780725,0.14882062030805526,0.0966308040317921,0.08895574587767306,0.18006987669958502,0.047157762092941626,0.0906736839312388,0.016713532060572304,0.008543606472389834,0.043476268923190065,0.07407469755456629,0.082171804182634,0.042705892720628184,0.06953443373361191,0.04742848475526239,0.05855234064548885,0.0496262094265186,0.09966833368012917,0.09956692155395515,0.0675500319778516,0.04468453408040147,0.007866047943843567,0.0,0.09981869756307889,0.07734043981713797,0.01918625738063671,0.09957505326850816,0.1376876651519417,0.12550897007332254,0.1635875750417961,0.03316836176545461,0.05745405083464668,0.08684444842000116,0.06003659670890636,0.06348229817981857,0.049445097909739125,0.017584094869865622,0.05626073899588219,0.045738185287880165,0.0,0.02207360626099577
doc_51,0.08714329798958212,0.008120512943702628,0.039193637367089265,0.0,0.0,0.011306953419831421,0.05106442814513119,0.03683974275347594,0.07417317242403768,0.0,0.036034517870805916,0.056652783098580635,0.02315663226699842,0.0,0.01600436794734844,0.048339564495581716,0.08546319687944842,0.01965236283461556,0.05088125435793149,0.06968438334686354,0.05085957624089271,0.06580169967658514,0.05966599183361397,0.07172146985043226,0.026632230712571366,0.07822331224570844,0.118377683156866,0.06136749183205077,0.028493498561198687,0.12332623161245035,0.09261017411118122,0.0,0.0627683134985674,0.006611103897129735,0.025400946664125817,0.027147683522021154,0.0224723563857463,0.02433468233861098,0.021234834010235085,0.11735064513260698,0.012812808873791348,0.06895272340433126,0.011026318418571998,0.015678995770569627,0.0,0.1572372494088153,0.28911368303414486,0.11342397804204643,0.048952335307792985,0.1022702163554626,0.10805540114283213,1.0000000000000002,0.11520103553451255,0.025558060388337592,0.0,0.009853739313491944,0.06787542097374809,0.0,0.029099844648494872,0.012118891360869402,0.02950925695460834,0.07341339055318685,0.0375267249934198,0.014020190550190527,0.0,0.029293291601316315,0.07831902340532046,0.11469553972846616,0.04939047619836552,0.03198259846246008,0.0,0.03083016491924233,0.03313662993259938,0.06444389853883915,0.011404197046905575,0.03027688116821504,0.051828285259587714,0.024980244015664017,0.015220303200202633,0.03715190329923934,0.09991122525542326,0.010289866868290627,0.045970044645616166,0.016144534529846304,0.0,0.0914926948082876,0.007725666702034685,0.025559271078963445,0.08773048641523588,0.05714898396345292,0.0,0.0,0.0636441631303636,0.03127834083451174,0.016927831960722003,0.044969778367890914,0.04318307751410637,0.020217005604759353,0.16076259969313625,0.0417309662946769
doc_52,0.028974211968974706,0.13335647045325347,0.06969927091691004,0.08172141006015882,0.10451754968102536,0.08576708172017336,0.06320351782872541,0.14049177263860474,0.09582135533335379,0.07564938376242179,0.10256318017769706,0.06474648480635664,0.03733412814955237,0.11111709669762525,0.059527204684670126,0.06347246710743515,0.05318468607268478,0.130158928459634,0.14306789743088974,0.16380042956791344,0.15092515686693556,0.11594416006145689,0.07098511551180896,0.29252436985176916,0.05135606940492554,0.0900423070861378,0.03187573172294619,0.0918725571218386,0.07198251802000509,0.1108845264438737,0.1439170499506811,0.07336634630994003,0.07005628391203805,0.09656701261700715,0.05598109435485606,0.08203214527712749,0.11670369026882325,0.05624916712074311,0.12089016755378175,0.05127780970562272,0.13516582337027638,0.10826456823577117,0.12287485599741822,0.08698106189768523,0.05374460659287893,0.12591862440640866,0.12973181908318318,0.12270609426391442,0.04410706737435385,0.20795260340363747,0.11085812749157274,0.11520103553451255,1.0000000000000007,0.09267128064290352,0.08072141583373497,0.07160537004347889,0.08570275801119447,0.026368080122219546,0.042809899725415164,0.0233805646549837,0.09529803691688524,0.06801762691991113,0.018352018832477453,0.18217389550378182,0.04798052577555402,0.1069947451688992,0.06142135801152004,0.03179308167716169,0.06068525595855213,0.023133909409559044,0.202401860613651,0.10427542608098292,0.07053117486225359,0.09015992248533014,0.1433791039105226,0.0,0.18741965466250937,0.05468519098347921,0.22767932845381642,0.06538492623768233,0.0645950698200642,0.1407656256417857,0.10581144251467782,0.12734003580846404,0.03836366960497041,0.10374357663060449,0.0588205077578873,0.06457058669421911,0.05977315556452131,0.14137369703014782,0.02832082170170079,0.09076133997408269,0.025842797463226222,0.1176020704752847,0.17806342162376487,0.04707603535112184,0.045979590961760734,0.055542248444324954,0.013703294577879492,0.1510251636380826
doc_53,0.08171122575116735,0.054580892091752736,0.13966733092765007,0.06411780632230304,0.07371181975441088,0.03312878723149164,0.03907434422818279,0.043608165969578054,0.07802063055881808,0.05277373926881258,0.04355647839064212,0.07531872130026666,0.0065543691697041405,0.02998071664864499,0.03250363221986431,0.06049670239242593,0.04501478911177435,0.06066365835397758,0.06858426524733255,0.09611865938602426,0.12203787383993514,0.07461242282673686,0.11305810200035024,0.09577638637417982,0.03752594559446812,0.07844272529877871,0.08648214795307593,0.07088783092302561,0.10908877669120037,0.020044454508747707,0.11398556734130173,0.013192503882246395,0.019725819059134283,0.09804849833959713,0.05693725532964928,0.14744776751391048,0.06363246726890215,0.12371090955566602,0.03321072687423535,0.057164754893610975,0.10017127757481074,0.13451239676992816,0.09690596574425317,0.16158734406706698,0.053997769179864596,0.052991920604928605,0.06049683305334187,0.14600377634212186,0.13397503555197432,0.1472761991999691,0.13464002409017395,0.025558060388337592,0.09267128064290352,1.0,0.0852828498657219,0.05144954659666051,0.011653462241965224,0.06405180229357928,0.05509739815132361,0.021219433968733287,0.09657724484742791,0.018730051044054785,0.04847816024558943,0.13615342517124834,0.1816018771883222,0.08105569449667338,0.03825537520334177,0.07955001335023251,0.06754513297871459,0.04194776711627079,0.0134123350881296,0.06941926534815172,0.07621088197461001,0.029742039140400876,0.07446663820543208,0.036687111125450325,0.04285095265327561,0.18036963778502918,0.09318176422621582,0.07551333812736716,0.09484613197687353,0.050219031735694905,0.0807159449831138,0.022397661448057014,0.025313338676091444,0.09400511783007688,0.0864013804815859,0.1286303585418918,0.14844764475367353,0.0884325901432319,0.05305032641469186,0.07644993421145163,0.013108746403686321,0.18945867951052686,0.05973660140067602,0.0119055555991316,0.02541350603607991,0.0602120684031817,0.0,0.04977354238490346
doc_54,0.042651345868632146,0.028740160075349817,0.12657038634059942,0.1881432664882802,0.14336836079104173,0.004943915436436113,0.05224570914891576,0.05943022081997196,0.09059098569313828,0.027624142514705595,0.024855955490371038,0.03411161344875707,0.06278118326245127,0.018935576617130252,0.014916490095739615,0.07934522726422301,0.06783280683273758,0.04342120426872584,0.04489139552537955,0.1074921543251951,0.11171304204978155,0.09009721006434693,0.09931647865428861,0.06714330273623192,0.03633335922215801,0.08468707949616375,0.016566788697364127,0.012311052131232899,0.005575381302856763,0.0058621946690045985,0.11497696082659967,0.0,0.02647830436562482,0.08788194846390815,0.0578636739766753,0.010174546031228755,0.014863721957399748,0.008928836309634917,0.024539912682905497,0.04943519335708271,0.05825989295752597,0.0567947985428205,0.0912989445271597,0.08066071238892139,0.004096124447868709,0.020521772576045746,0.052858984155045696,0.06340121469528895,0.04925309659874681,0.07951761567110549,0.02011923252319895,0.0,0.08072141583373497,0.0852828498657219,1.0000000000000004,0.07844177444381553,0.06551888889573064,0.04050183817515915,0.0,0.008912681771687204,0.037437671997784736,0.006349884896747417,0.007575197989149287,0.06958164944259544,0.07588399055971021,0.004304403748917422,0.03295177426502644,0.0,0.0027185491798646507,0.0,0.018519492905726256,0.06805520165424901,0.017175875945177548,0.009844032082930469,0.01127569332125582,0.03603529256781391,0.03137513785551436,0.016704220014316908,0.03173031571552096,0.029221641311142,0.023820683099176593,0.19824656609930613,0.028227670497500773,0.08094494332369828,0.012759523400185014,0.04840921814798779,0.009690198321813281,0.04696638041633033,0.03419567987009259,0.03277951245170228,0.0,0.10828230982898845,0.012875843787177361,0.07469492507877257,0.008998465612505413,0.011694030029512609,0.0,0.02564527742455151,0.0,0.06218597506701294
doc_55,0.1533181788960508,0.06379725830896865,0.10072419060801038,0.06591380432109387,0.05995429305007005,0.05334422076864974,0.07980027945289392,0.10562768390538675,0.048493356522120515,0.0446987210119585,0.14056941351661834,0.08792643620432988,0.02702764722259957,0.11452001075825483,0.040565719273464834,0.05476377580539181,0.03838759468630251,0.06017708182341479,0.046677327513958616,0.05114174548648133,0.12084698943373345,0.07847568327558907,0.11320515251392671,0.030082483880454074,0.08531127491441519,0.08884826330113663,0.06283733764956478,0.15439487393009851,0.05479338608538348,0.025041336499526036,0.058339976159363524,0.07824635093570037,0.039968395017632295,0.07935556015121674,0.035195074536197045,0.09517756582786274,0.04682256973156604,0.047613225887075575,0.08899371386103509,0.03545136980731298,0.023254771922707695,0.12780892573607505,0.08273033125442593,0.06963553830722194,0.0,0.0551128872832288,0.04892501042235546,0.08136321502568153,0.0,0.02817176501766736,0.00733422431055084,0.009853739313491944,0.07160537004347889,0.05144954659666051,0.07844177444381553,1.0000000000000002,0.09484140448647788,0.0,0.13148523283399743,0.10203719206130647,0.05729603993730416,0.0,0.02224923642877755,0.07817655662971934,0.07009585394555798,0.1205022266472475,0.012083058700181868,0.0656981862117899,0.05017916319275839,0.049082299917233174,0.1538133901622814,0.06325122671950253,0.04736373074352639,0.08103914726275004,0.12597151219639,0.0,0.06478914893413212,0.048198331402249925,0.09401633119205886,0.07599523186219109,0.03259545965702601,0.05145669971310014,0.046105327618147486,0.07902993216158152,0.0,0.05824758639634301,0.05464523841499342,0.028012479963479546,0.08678715342482304,0.09690249198662661,0.017026280148793056,0.013914177459790882,0.0,0.16949630672584726,0.02189842528732611,0.0,0.039336541089805305,0.022418602043994058,0.0,0.025451076074492335
doc_56,0.028751812130477217,0.014913908465452083,0.0600056498381302,0.102568503775572,0.04052618137705713,0.09380073606298418,0.03449320620099471,0.07654315170438175,0.06778244185004788,0.08907816926438926,0.11266883007649073,0.11454374519809818,0.07384941752934124,0.04284550133857616,0.11632198637373034,0.10888791191031756,0.102996889373629,0.083234361216908,0.15096261183723395,0.07073251266273395,0.021755387104858886,0.13941226663496026,0.15680332208080158,0.07665445978513385,0.09337053176602289,0.0961958030741834,0.0733762460544645,0.05332936469950286,0.07067893416638926,0.11025056729148602,0.10787144738517136,0.022181615961636564,0.013387891908803937,0.09954248079892092,0.02156597686487942,0.09125262307004468,0.04122074349940098,0.020014928019206735,0.06313783566933162,0.07265167025387338,0.11725506388447392,0.13585288666666331,0.07793117170587534,0.0840490752727341,0.1398753685588922,0.06187421150793647,0.08544541218342817,0.10178120417015774,0.14435098886918543,0.10140388585208097,0.049039156970110076,0.06787542097374809,0.08570275801119447,0.011653462241965224,0.06551888889573064,0.09484140448647788,1.0000000000000004,0.15096342721556813,0.03935520148708158,0.057708645330658226,0.20752198876351746,0.08102866066426473,0.09766336028277693,0.1529621651895148,0.07914973523251775,0.05425815869721257,0.023047413878796722,0.10600013927437671,0.05871182145315937,0.024302021249558395,0.07274570581757275,0.10828841369386225,0.052001639868407,0.06659680330590466,0.07789367622523549,0.0,0.08858534071843224,0.007647255712543595,0.07063670076239745,0.019240357381154136,0.03946167833535251,0.053536878035248536,0.03343258551319014,0.026897576448503,0.09348405275314534,0.05397649512971075,0.02725808678023904,0.04244759105061915,0.06438106501747888,0.016400523133381823,0.0,0.0,0.06757529387111236,0.07524385996924637,0.09337997109794464,0.06634741471469716,0.03006226827918844,0.05552694598964027,0.04110319730221093,0.026544513150231236
doc_57,0.10004361568619723,0.0,0.0539179954280944,0.0556707608179047,0.0,0.03357329224875312,0.01593819311796163,0.111908233204156,0.024451708054835344,0.02500536174796793,0.07029898313045754,0.11417780074539274,0.039550723268711514,0.05333410078266082,0.10033865136973712,0.07139154767943505,0.024939407908944014,0.0,0.02732668304966597,0.08925113040582404,0.0,0.1099068617102957,0.08506736530636674,0.05196806507234501,0.006528252249486938,0.12022718689835381,0.046540097648299,0.011777372749096581,0.046463581173935065,0.033086215309799154,0.06682518913794505,0.015795135784034648,0.0,0.03369674856356637,0.07870378404623735,0.0661281255743863,0.032593268585346696,0.0,0.0,0.018656061408751336,0.10678866669432102,0.13324178318469906,0.0,0.044012736238230536,0.07404316177641643,0.1134129301458355,0.03532388513967776,0.014989838768270168,0.2118451474947998,0.045149558471524145,0.02737458530160381,0.0,0.026368080122219546,0.06405180229357928,0.04050183817515915,0.0,0.15096342721556813,1.0,0.013584783054038695,0.01454162162121145,0.08007247782527604,0.01468502080284873,0.0795114868608856,0.060260897752913586,0.025727310572156502,0.06396690644439691,0.03627376801147113,0.0928538616333128,0.06911000474471948,0.05577418426917155,0.01922990919466331,0.0,0.0,0.0,0.0564495510995123,0.0,0.048557686540083946,0.0,0.04280709390299546,0.08931132167748741,0.008535033210775414,0.0,0.05513904830616147,0.0,0.014754115201531453,0.04965724012569245,0.03340529475901206,0.028209745243589338,0.006306739462789663,0.0,0.0,0.0,0.0,0.0,0.021935086311507826,0.0,0.06085422178703426,0.0,0.0,0.0
doc_58,0.0,0.0,0.012210993431376646,0.04526445669391272,0.02316949330331101,0.08844705104658444,0.07540233658305863,0.02055935606332791,0.021022883815807903,0.0,0.08021774196270132,0.058251658483512735,0.032633484356982184,0.14579316044769527,0.052722254775970326,0.06925932017320621,0.028221041383010452,0.07373690952185326,0.029145778550104987,0.038824426757587654,0.0,0.12901344678660037,0.04027842309906811,0.0447356130617219,0.036629674238852536,0.10007070683004901,0.09885526240218757,0.08994686744934063,0.04328897839270864,0.11208698685514262,0.009386087500969193,0.05118914401190437,0.02976286921371055,0.038014596311626556,0.07620209912844321,0.09428956941664604,0.0,0.1563339274255814,0.0,0.08528913065229533,0.0342053107069291,0.05025607613916462,0.04808974812574527,0.04048137958228075,0.0,0.07720926604648903,0.03545292478573636,0.049303463338584624,0.020933519238291586,0.04401308515061661,0.04769695322256009,0.029099844648494872,0.042809899725415164,0.05509739815132361,0.0,0.13148523283399743,0.03935520148708158,0.013584783054038695,1.0000000000000002,0.012661206868510962,0.034488642125081556,0.04759146454787998,0.10085048944787124,0.05854686368210599,0.10877552061266069,0.18642309865172935,0.1003172714743035,0.06326456387939297,0.10576457062192274,0.08139999004689275,0.11554951538199638,0.03830380343140731,0.06268888059502115,0.06517533878092979,0.18011442994482038,0.11338544703276623,0.011564544823052322,0.0,0.0856114008615333,0.068392565966375,0.02063936466727903,0.0,0.05084643370021593,0.03932491480915333,0.058684336439077334,0.03070925592108513,0.02869117743780082,0.0382675826508878,0.013840943625610112,0.0,0.02307802536698611,0.0,0.01839532268882776,0.05870764813972839,0.023288953245684176,0.03341380331748869,0.0,0.0,0.0,0.0
doc_59,0.039407120382530934,0.010056146935781276,0.027545015186150733,0.0054884557275021945,0.018424207579759846,0.013134542763168246,0.022793746925837858,0.02432870273635955,0.0358866889480899,0.023956203313968437,0.04725312047669698,0.12831627884477192,0.007313906928854507,0.041613484380429305,0.01821554095521271,0.021164703853044628,0.005326975980839749,0.023540239164370168,0.058961069388835614,0.017918197003930623,0.07989064059535146,0.045440940166810134,0.05796364084047487,0.023452916546933468,0.010630077051396982,0.04459757619455222,0.07613847913784924,0.06255641029736816,0.0,0.016530885834361637,0.017189611763286514,0.06966479849894226,0.007863279842553401,0.015624690385849243,0.010302492880139619,0.06273194643488024,0.09660923233070812,0.05871207941797992,0.009499850763203315,0.058269464905692646,0.02761307371082111,0.04155367886682393,0.00547721708111322,0.0495554835670871,0.0,0.05744777453500584,0.07307639891101395,0.04161403968909088,0.009419098521465732,0.008583690976646813,0.013401833364780725,0.012118891360869402,0.0233805646549837,0.021219433968733287,0.008912681771687204,0.10203719206130647,0.057708645330658226,0.01454162162121145,0.012661206868510962,1.0,0.0517704673950443,0.013686643762631052,0.08380920305300672,0.06123673885902019,0.02397821150538447,0.004890091599644123,0.0,0.050375887786475865,0.027554052549940797,0.013521056263426283,0.08255421036498367,0.04111009919660835,0.0,0.06306073265278318,0.10964616256203415,0.0,0.006809922220559185,0.00787106937565194,0.09741046993545376,0.011362182664270293,0.13639391263377643,0.032734395892039234,0.06483571690255793,0.008019641455715227,0.013751040703803936,0.11425257830271582,0.031031934505649166,0.04354392085036716,0.048451374046211935,0.040691832362831346,0.0,0.0,0.07854142182935907,0.08631664986003058,0.11713170076591006,0.013285203096407483,0.016041322478218784,0.04794030503745835,0.0,0.051521785106686396
doc_60,0.08023703541966784,0.0842276758373792,0.04470120071446788,0.17669951262581474,0.10750316012001082,0.09310007237652453,0.0868806439164817,0.09431798301145997,0.13453526279850309,0.1328666033793518,0.16922825974178865,0.1870524637988987,0.10316195109728907,0.08781981177348878,0.07513814610272566,0.11800050323829665,0.10252189059984479,0.1129356212701518,0.14566117821061886,0.17345900858565136,0.11696983930954874,0.1279860960224456,0.17964533890039083,0.17832225930453532,0.09510310014586798,0.14994012626345213,0.11818732913440597,0.11093200776428942,0.058223046779490334,0.07834581670924166,0.18754750954014507,0.026950091719564688,0.0716977807477348,0.2996439429523476,0.08534869869967736,0.1288318067595614,0.070932882777955,0.09763702421572448,0.10901081797285732,0.0760181409281072,0.13769309017568251,0.13873851965530232,0.0920628396422351,0.12332092956402527,0.08732103923657455,0.10561591153926733,0.13950651425433527,0.15335865163135953,0.12103683326849976,0.1380842861207514,0.14882062030805526,0.02950925695460834,0.09529803691688524,0.09657724484742791,0.037437671997784736,0.05729603993730416,0.20752198876351746,0.08007247782527604,0.034488642125081556,0.0517704673950443,1.0,0.12701118848324972,0.10228364724172034,0.20825940854342834,0.02413707784838767,0.14701142779718931,0.07087416021271187,0.12881676939347197,0.21029686413182866,0.019475115766907757,0.12343292111213708,0.22343760716163158,0.12550854591781022,0.10333152910378629,0.08031314742305354,0.03958163431834849,0.1718176344972785,0.06510698084796765,0.17885603624933244,0.08207285901115283,0.10493581886983024,0.09799851548531682,0.11400296140873167,0.09838013790664998,0.08531669249041143,0.12164760171631096,0.09318443670044446,0.13363227274043676,0.19392503064925273,0.10806693827800369,0.03674435561833296,0.014315725103561357,0.1583601810846959,0.10727651340730873,0.17354490354487725,0.09203249748081471,0.053553026188510815,0.12638177844702436,0.0339404716791782,0.13495689587234155
doc_61,0.0,0.0,0.07460197258291314,0.11017239285406843,0.019689628852827767,0.00759205939406769,0.01719881267485786,0.005969167942803665,0.03179714780730921,0.02341352492887734,0.05641862936362936,0.02691688708860247,0.0,0.024774393763258806,0.0348328605141574,0.055590247238924854,0.037983658945238634,0.02347420939482814,0.03317837333912385,0.06386125127186613,0.0,0.10022815052577211,0.03553082661613142,0.1462986163412645,0.07848243998997817,0.06228008426388294,0.041112593369441605,0.047102168332302144,0.13619549785572832,0.01800957332851688,0.2248999840805706,0.13591805454331454,0.011339235969467227,0.08757796638150651,0.004952233681143926,0.006831404918539859,0.017052705513116696,0.07813067633031917,0.024937331578626987,0.042404031733798475,0.0608614199967103,0.05383903172550514,0.003902270821567084,0.06005309500615046,0.004699361583510294,0.0915645121168752,0.08136693787352994,0.07994735881919762,0.0,0.055521765775605914,0.0966308040317921,0.07341339055318685,0.06801762691991113,0.018730051044054785,0.006349884896747417,0.0,0.08102866066426473,0.01468502080284873,0.04759146454787998,0.013686643762631052,0.12701118848324972,1.0000000000000002,0.07212207787014514,0.0758350604707131,0.09617498813053382,0.12377445784746692,0.0537321471907837,0.06089358967283559,0.20740356999879506,0.1285702650323432,0.0027577305107854074,0.07168356300144615,0.2292431737074676,0.011293764822364364,0.037195048076224285,0.0,0.03297069791230485,0.04132348429288859,0.027649271067601795,0.010029214803148737,0.02410425335615653,0.0,0.048629455846235604,0.017140901513642455,0.02852526491401712,0.020880527338440823,0.004598783050445261,0.008681311691122615,0.015321989544225069,0.0,0.0,0.0,0.0,0.02839095883529857,0.120029704324458,0.0,0.041398872598133664,0.004985092889289963,0.037193022448962845,0.030316048351636857
doc_62,0.013107215306914412,0.02543821353463862,0.02845935809986191,0.004664829268625282,0.02348906150557734,0.030688550378211353,0.03661962834273168,0.05351622656692222,0.04097549710465303,0.05248184833925926,0.0636476678892265,0.07750181453010445,0.019854547495921186,0.1473562031936893,0.13061187098487423,0.03493298439667971,0.07290900184830669,0.017947965744341345,0.027010917496806647,0.03475592430151736,0.0,0.049820399234269404,0.16899411283901877,0.0466192355054217,0.05869658185428656,0.08607981206223703,0.12060882805955134,0.13319997594286911,0.0076307711494409325,0.02606499898424654,0.05174901365028052,0.08310997111853229,0.03968601471855163,0.12266344588325737,0.13720976396235643,0.05456088210475959,0.12170315632931047,0.012220492699706785,0.008074253321513255,0.10295117060603422,0.03323756217729734,0.10423134243987113,0.0046552771524713136,0.08215514804324611,0.021191189827182915,0.10625403453907199,0.06319361422259254,0.11415606291740021,0.08172166283743369,0.07662892454027208,0.08895574587767306,0.0375267249934198,0.018352018832477453,0.04847816024558943,0.007575197989149287,0.02224923642877755,0.09766336028277693,0.0795114868608856,0.10085048944787124,0.08380920305300672,0.10228364724172034,0.07212207787014514,1.0,0.13025565854203008,0.07181039446193432,0.0847934004377236,0.13198361609686898,0.19627597527659352,0.2267249068410881,0.14618352518570557,0.03350832947624695,0.07871417702354183,0.07611754118402203,0.04355980835493278,0.043694825693566974,0.16801707335840793,0.04995908924238404,0.01337979082711171,0.053800104309900385,0.02730196869107825,0.016604376767080122,0.04427626801503711,0.08186719405906112,0.02044851596362964,0.12027743815123199,0.03204166001930732,0.03133306076636145,0.13173471409667165,0.08805179328197182,0.03179538942523272,0.024908724918346815,0.10848605774956441,0.1303428090283055,0.17035832002393256,0.1062021771352881,0.0,0.017082167676066313,0.08196996165593959,0.0,0.019395558313359387
doc_63,0.02042100040670877,0.08403917149326472,0.0430514793630504,0.0960187794501712,0.10227079746531176,0.06498202711694154,0.07112414395385377,0.09770666473373393,0.12472753771720858,0.07505178759353484,0.1726604672186172,0.12219333624693432,0.09851121744541445,0.11927683705875358,0.07133045009055122,0.05302666344000159,0.09307492817835654,0.0769710793655765,0.10245485197372368,0.11299206791971197,0.054376004954452134,0.10109874834111433,0.11427473021541812,0.15041073271034264,0.05538599349023782,0.16666493010616354,0.03301781607203348,0.11842237170005729,0.04284756118613279,0.08355048888528302,0.11895166700335665,0.064770767152509,0.06905498505340589,0.16581617410853064,0.10092698869671086,0.10288421543861641,0.16224914519287162,0.08134384126116087,0.09194760649163337,0.06472065539001458,0.10590358142130264,0.15709360124500918,0.10656689343257142,0.12622488844581667,0.043502129458691946,0.18265737033523818,0.09109186347570405,0.1585959270243846,0.17861672064301287,0.12619326135452247,0.18006987669958502,0.014020190550190527,0.18217389550378182,0.13615342517124834,0.06958164944259544,0.07817655662971934,0.1529621651895148,0.060260897752913586,0.05854686368210599,0.06123673885902019,0.20825940854342834,0.0758350604707131,0.13025565854203008,1.0,0.0,0.12784055397840394,0.0714391972799388,0.1741230827505261,0.14619691988252417,0.13192695718279046,0.19852984753046343,0.2036370945794202,0.10043968033054518,0.11037120480390175,0.15923099533777524,0.12424149014241503,0.1824392972076066,0.10987469442466995,0.12529302821535301,0.09593529864577041,0.09764902515060594,0.0592924428377552,0.1906134103630975,0.09935440429705247,0.032494197785109064,0.08247686555870173,0.09114968886111852,0.11805547884662726,0.19001379659446632,0.0729056135819476,0.048328635082395835,0.13866044915010062,0.07344905094802451,0.13921239224115903,0.08392824512255252,0.06385898928203138,0.038971294875351836,0.11226391795373152,0.011759133920036201,0.11344745498597904
doc_64,0.08572712960201577,0.05776632313434683,0.10626941650960638,0.0467295852451738,0.07843331725889567,0.013300850746874477,0.01325657903723543,0.0,0.0,0.033303075069361934,0.04358213020022239,0.013367777783606193,0.0,0.021129560633282213,0.020742767069722057,0.04474228326692667,0.02898312859923719,0.013320545789850853,0.01134998418190424,0.0361416039770447,0.07705404059672835,0.05212784738148579,0.10508087257309918,0.017496917963663323,0.05512081324466323,0.04830432922091747,0.042859528766128106,0.01942014048444637,0.08198209621974689,0.0,0.04202982602767794,0.026045176834569368,0.0,0.03187918523603978,0.0,0.043778286323027854,0.0,0.06564615742889089,0.0,0.030762661687191738,0.015072252635234474,0.021214406207634182,0.01490028184835348,0.011687755327013868,0.0,0.024791964693027958,0.031006038940697877,0.03220848867174856,0.0,0.048055591456819105,0.047157762092941626,0.0,0.04798052577555402,0.1816018771883222,0.07588399055971021,0.07009585394555798,0.07914973523251775,0.025727310572156502,0.10877552061266069,0.02397821150538447,0.02413707784838767,0.09617498813053382,0.07181039446193432,0.0,1.0000000000000002,0.0477171233080254,0.0,0.0,0.1134996308270155,0.09501141756884032,0.02106002568832727,0.025855889224559735,0.015048447125310808,0.0,0.04798599295842677,0.0,0.0,0.021412544072713785,0.08453366204576454,0.03794147810311142,0.014073728285910657,0.0,0.03395279040076443,0.021816721200433025,0.05227637591272087,0.0976435241768723,0.0,0.016574194478791562,0.010399413262654197,0.0,0.0,0.0,0.0,0.09335728712757448,0.09072046857562431,0.0,0.0,0.0,0.0466035470172232,0.0
doc_65,0.027976892698226626,0.02567928113240895,0.056100023337786645,0.06159299358329593,0.023098885741122628,0.06708662507036633,0.10127767239443007,0.061944528526097664,0.08092464823625516,0.09173904793625733,0.10768113752670867,0.03984785422996618,0.0210249938925914,0.08663471224961267,0.06727076662470416,0.04963410583367067,0.08462811809832742,0.06573147736946582,0.1238643685077487,0.10782995453944569,0.004370773054598559,0.09818335743807517,0.05542324369587843,0.07994092404055797,0.06203714269092002,0.07020010233424935,0.11180941263569952,0.07801644619084766,0.08241087560704226,0.030876968166746087,0.06896963199266555,0.16376003992617377,0.014207008261730793,0.14254614063208232,0.021958795440674896,0.07269807040804718,0.06748896235156687,0.12212066957479978,0.015948408628928233,0.04240720405713368,0.025482146899179742,0.09983828255600165,0.05535433989869504,0.060196114931263166,0.0,0.07251869998262733,0.0719811965403472,0.07348600192300887,0.015370965374491745,0.051983930762511156,0.0906736839312388,0.029293291601316315,0.1069947451688992,0.08105569449667338,0.004304403748917422,0.1205022266472475,0.05425815869721257,0.06396690644439691,0.18642309865172935,0.004890091599644123,0.14701142779718931,0.12377445784746692,0.0847934004377236,0.12784055397840394,0.0477171233080254,0.9999999999999998,0.09161661565165499,0.1606626596276054,0.16803497640553808,0.10908321745396164,0.15029439447672982,0.10883639041515339,0.07877861094445021,0.05199092984794177,0.042384349251314735,0.038028929918449285,0.08616396087457565,0.06393029664848535,0.06834925638292036,0.10848435311680389,0.06139177794303159,0.02056208930592242,0.1100486317138324,0.009828529408493072,0.007629047251817721,0.08551196640363441,0.060501096513265726,0.08105971757695138,0.0165921986030994,0.08407269887740727,0.02231631854480216,0.05241653521818075,0.05272141146958211,0.12747786330033892,0.023277143930303813,0.006416124739802125,0.0,0.03430247967093399,0.05134092028010376,0.08134859653918528
doc_66,0.06723713382901139,0.03066956168117034,0.024562234784456762,0.04795160784715857,0.03576877609528986,0.04205764615376653,0.02427456367020383,0.04781591392804604,0.04503549032824887,0.02263029496697881,0.06538009760883705,0.0351857733549303,0.0,0.07990744403799814,0.09083567090433939,0.038656730875914674,0.09560392891355665,0.0791817305146256,0.0474933100521954,0.03366146189347524,0.0671167950924115,0.042832889191986585,0.05613722723188497,0.043702682634597194,0.1140906844331591,0.08800556938128906,0.049636274738530446,0.057040292021386725,0.0,0.05761215277468318,0.08039575902271079,0.05779403190777399,0.04396908548100181,0.03728234585680355,0.0,0.01519018050812274,0.020067541816341163,0.010551141509537145,0.008078386471905867,0.03240063613433522,0.03352625952605559,0.03607227553564593,0.08844514628732109,0.0,0.0,0.009565243911640271,0.05063425078395186,0.04432674404703173,0.016019434403767345,0.02760780036210521,0.016713532060572304,0.07831902340532046,0.06142135801152004,0.03825537520334177,0.03295177426502644,0.012083058700181868,0.023047413878796722,0.03627376801147113,0.1003172714743035,0.0,0.07087416021271187,0.0537321471907837,0.13198361609686898,0.0714391972799388,0.0,0.09161661565165499,1.0000000000000004,0.07917208914681892,0.09201646143393528,0.1061641404454334,0.07848088829823027,0.12419511416514899,0.08508135959348238,0.04021443465815415,0.06654674239258179,0.0,0.05918177122223603,0.0,0.017763100744996672,0.06789637718301378,0.052605762145634324,0.014621673973932051,0.040145647060297746,0.0,0.06070910452535411,0.06762021947078121,0.014589152993713484,0.0,0.044689066076129366,0.01716027068020185,0.03562756903083342,0.0,0.07398767097790053,0.01509909207115273,0.01913164921791946,0.0515838147045068,0.026994515928840442,0.0,0.0,0.0
doc_67,0.061457145386844866,0.1380981955876499,0.027503352302970994,0.030501209767246514,0.03391519229335388,0.08942397376860638,0.006664940817969516,0.04162228977499936,0.062167713842758654,0.09297875548006782,0.07155786978244086,0.009056684417981528,0.020182406388914678,0.120135883142517,0.04936909979629749,0.06094215636452138,0.02226980800856363,0.025104407932171467,0.05242020452880379,0.08848031005634567,0.07128030795916768,0.08048911197738148,0.043730580628743604,0.10425325052650444,0.06987541070732259,0.108519334827723,0.12659992632101164,0.09150974602537143,0.06075840896126186,0.060555570764878254,0.10003883731372448,0.14364967334306472,0.028671511065016038,0.13862573063513967,0.1062810588041691,0.06729379137165986,0.050694848806033255,0.09247676994007775,0.0,0.0390511014037041,0.0436806404640758,0.11148466781586866,0.06622010987171931,0.03747505451518386,0.011392248732868385,0.05247246193511988,0.06509146979485475,0.13394628229271338,0.08880432773995889,0.06981877585998929,0.008543606472389834,0.11469553972846616,0.03179308167716169,0.07955001335023251,0.0,0.0656981862117899,0.10600013927437671,0.0928538616333128,0.06326456387939297,0.050375887786475865,0.12881676939347197,0.06089358967283559,0.19627597527659352,0.1741230827505261,0.0,0.1606626596276054,0.07917208914681892,1.0000000000000002,0.17874707921568772,0.1684057420040388,0.10719825228504781,0.12309014383666449,0.12724880222315643,0.082173976832643,0.02790369457365787,0.049390512196099176,0.08868051383809873,0.03788328563992365,0.10083459172512028,0.06881551547447096,0.07261569625407377,0.016383091585769737,0.12183437197884464,0.047560043805205524,0.017743560545797822,0.0707145390295554,0.06801126958346186,0.10908874588709619,0.05622140037741528,0.06945132736166701,0.0370190223414034,0.11027749212027002,0.023323819276250317,0.08177690436410238,0.0564102325057147,0.09123330334916877,0.07996052048682976,0.01790083884630453,0.0,0.07238608555049704
doc_68,0.0628904057646933,0.06155988391630643,0.05786964235676901,0.0714343371680031,0.0626699443045799,0.06464204256682479,0.05022261607079015,0.059071787132706284,0.09142566144293315,0.04031393957356682,0.1272740124459766,0.08634361539197472,0.0521021046380801,0.021770796861835185,0.04965652767619238,0.13452849340021267,0.08415803436791668,0.07262123622949115,0.09542442226720402,0.10440215594657141,0.07495592546707738,0.08560590771291295,0.163672833629409,0.0546517571266223,0.14587446666679765,0.1527841237830672,0.13023923112479407,0.0908062213301706,0.04312986944581887,0.05937446447221523,0.0866055971911512,0.11544646250555404,0.03705887442562231,0.2055684620468247,0.11159568735825541,0.09887370914557937,0.06830189813382348,0.059689659916958064,0.03348907197761479,0.03371603205842612,0.07558299052759881,0.14221932415431623,0.06780767284457026,0.07799796745129861,0.010055874039485421,0.08140966900856239,0.16142162665487783,0.1373212994126672,0.13728074491577835,0.11917314241498275,0.043476268923190065,0.04939047619836552,0.06068525595855213,0.06754513297871459,0.0027185491798646507,0.05017916319275839,0.05871182145315937,0.06911000474471948,0.10576457062192274,0.027554052549940797,0.21029686413182866,0.20740356999879506,0.2267249068410881,0.14619691988252417,0.1134996308270155,0.16803497640553808,0.09201646143393528,0.17874707921568772,1.0,0.1817312039825261,0.12052845985596329,0.23809689423450342,0.16661441093939122,0.06501021906169431,0.046044443880915435,0.06782475415535387,0.06465029379357462,0.02377906392510909,0.16822512186844457,0.0452704435244804,0.02252185950731982,0.039686300137559444,0.07588293100028756,0.04087389627248235,0.05324679398830804,0.030463332529464003,0.09060341812203346,0.09030555891653459,0.04488336355266651,0.05679977400716948,0.035985160601198565,0.025962581773443703,0.0420182049262223,0.06932866635540183,0.06358201351061528,0.023741237791076397,0.07397416112253805,0.02433075278388965,0.0856146803999367,0.04052705161532049
doc_69,0.0,0.07123376803257266,0.05013390313574194,0.0,0.0,0.0075002070633808805,0.015299535073653336,0.03873067437086193,0.05778892905143547,0.07742145560365679,0.05039121358312008,0.10549774798469555,0.06149206182098,0.011914732592959712,0.011696623851444373,0.017286474304871995,0.020836762331493633,0.0,0.023609106192908583,0.01873467254355821,0.0,0.04112524944251811,0.04205554126887098,0.05867833029322449,0.0902033301293527,0.05965743099466381,0.05706235894744256,0.12773109544788244,0.0,0.0,0.028910051500703783,0.09464441872168873,0.0,0.1015588127804537,0.0699162865046366,0.15850777282028758,0.17474877158342383,0.04726883651158601,0.0,0.04275289443758557,0.12398922693531425,0.08340541402939174,0.032050000385030836,0.039306580790682846,0.0,0.027165690879458648,0.03846608776111393,0.11566589928161322,0.0,0.09654500586784907,0.07407469755456629,0.03198259846246008,0.023133909409559044,0.04194776711627079,0.0,0.049082299917233174,0.024302021249558395,0.05577418426917155,0.08139999004689275,0.013521056263426283,0.019475115766907757,0.1285702650323432,0.14618352518570557,0.13192695718279046,0.09501141756884032,0.10908321745396164,0.1061641404454334,0.1684057420040388,0.1817312039825261,0.9999999999999999,0.06280103498532894,0.034548802302029114,0.054398704094363,0.01354791082214263,0.039517692693524176,0.0,0.08782745910526377,0.0,0.0847098533208736,0.018945730572259692,0.023173641855115217,0.0,0.04241739840649866,0.043682769411914506,0.013718636542295092,0.023687290131402146,0.03903462083502572,0.14739035160847247,0.023041379728414767,0.08710003105135694,0.0412540901527041,0.09583428264782913,0.0,0.13906622799332896,0.01590291064641821,0.0,0.06452319411879218,0.0,0.0,0.0
doc_70,0.1539688285579765,0.12168836556861379,0.02105463025626409,0.06016927865670493,0.05508515105223797,0.05594071808127906,0.08152906334996605,0.04777226300110462,0.11808645814336843,0.07041143075077508,0.12456933095012732,0.09537941777685227,0.029503605347376404,0.07223524699740677,0.041558119192118416,0.047855247422323645,0.11248462753073135,0.0593680193791514,0.0899129038419251,0.12515217015995322,0.13164093208468697,0.06477067392927183,0.04103992551851332,0.10686494792853088,0.043586385929065094,0.09349285675156241,0.06270714415800793,0.05251477678510483,0.03137627168130487,0.036101151795006746,0.08117263766918383,0.03607486685898639,0.08208035282264683,0.1711699324874008,0.09040942967597129,0.12670209060990503,0.10152364844271924,0.08981255824153592,0.041705078924134234,0.05093168954013102,0.06323910704537694,0.1047735910952798,0.13468283578126022,0.05285898189327942,0.025894560690819406,0.09794352941083725,0.06673600988340271,0.0848488343612776,0.08352361402786893,0.11377287835649127,0.082171804182634,0.0,0.202401860613651,0.0134123350881296,0.018519492905726256,0.1538133901622814,0.07274570581757275,0.01922990919466331,0.11554951538199638,0.08255421036498367,0.12343292111213708,0.0027577305107854074,0.03350832947624695,0.19852984753046343,0.02106002568832727,0.15029439447672982,0.07848088829823027,0.10719825228504781,0.12052845985596329,0.06280103498532894,1.0000000000000004,0.12405713127316677,0.11056494432332883,0.09394177962931487,0.1034637924578721,0.04272965360840961,0.16580355859318463,0.01650792201119187,0.10268978090226516,0.09257945474800008,0.12709753644728494,0.04135652113217497,0.22410358448382733,0.0650077574168951,0.07728881905056005,0.06803394560326215,0.06468046894069782,0.05129450902805345,0.0848694111853525,0.061611972498333584,0.05144319060420761,0.11349617367318937,0.043216959656016726,0.10472119563113379,0.05326605631070579,0.03974372974373448,0.03781527704157529,0.009807997941050459,0.02013953303035209,0.20861069566547988
doc_71,0.08073130231356097,0.13194622810840143,0.038297325383153405,0.040903183200568856,0.09984327603764737,0.040189947262717435,0.046929541537619024,0.08668921106112444,0.1278941407302822,0.04691475776740716,0.15474714871985842,0.09976165213405629,0.10865749080618872,0.10590284387807403,0.06677761429119493,0.11672334950060057,0.03837006227763204,0.06778297482820557,0.14736016664037577,0.20247862142919829,0.057897006451906624,0.10531759896964947,0.1552441531233365,0.16665052458928387,0.06891351399045101,0.16164941449067854,0.018511228711358244,0.08866706120132843,0.062355930841655874,0.056536381535538,0.10640592513015969,0.1529035958993769,0.03631388129905382,0.20477858937696894,0.0775148965981158,0.04531955865028564,0.04031565187337285,0.101284470783253,0.11625009552352963,0.03377502537936786,0.11682387404266421,0.10822387865431746,0.20021850908625416,0.12745108168470565,0.0186952126131433,0.12698073528832657,0.0653374738426361,0.09577424774731047,0.057569690861158776,0.12603542568522075,0.042705892720628184,0.03083016491924233,0.10427542608098292,0.06941926534815172,0.06805520165424901,0.06325122671950253,0.10828841369386225,0.0,0.03830380343140731,0.04111009919660835,0.22343760716163158,0.07168356300144615,0.07871417702354183,0.2036370945794202,0.025855889224559735,0.10883639041515339,0.12419511416514899,0.12309014383666449,0.23809689423450342,0.034548802302029114,0.12405713127316677,1.0000000000000007,0.1032038449019127,0.08975863378178228,0.14506349422461126,0.04594234572834855,0.16069357443156246,0.07435374176095744,0.1213769289603484,0.06418642718839207,0.06057469333019564,0.10016704000071462,0.08514584818158515,0.08624174934605978,0.08923640429352378,0.1033528901223573,0.09334012438998485,0.08894669458067735,0.10527146698531206,0.07079691609195143,0.04245689488034019,0.02409479169369376,0.1324716780459239,0.10714045671269212,0.07470591462735594,0.06981000481557928,0.015260462925211278,0.09569582360126924,0.16668224972496204,0.06427615625162095
doc_72,0.044675484746006425,0.11966986502926164,0.030138075716448706,0.056700058392458924,0.14228031539668498,0.11040823049393658,0.062438445016459676,0.031251374296874974,0.13963739032302624,0.13610804500807044,0.07383895015305543,0.023414777403637774,0.04105432746771274,0.10906373804660902,0.048278678017023825,0.11496261772928812,0.04047927033264488,0.1335518612581629,0.10287904651534628,0.18997289060898762,0.027245789901096735,0.10676578648888635,0.022192610835909867,0.12967892315772533,0.056404524866476534,0.0817375541318592,0.07945768107116778,0.07252892095220517,0.05223478172538203,0.011432632274984162,0.16496458392506322,0.07056298204480072,0.04558281711171804,0.12400804856892023,0.0202159375800125,0.04643798681086936,0.06132948537582572,0.11227442151941289,0.05106707811955803,0.12739110554963493,0.06590870085279062,0.07198984106417113,0.07674230575942242,0.09614566806903235,0.01271135664541741,0.09071589575386427,0.11106886397419577,0.0746050311045238,0.010459148311815486,0.11121127499403394,0.06953443373361191,0.03313662993259938,0.07053117486225359,0.07621088197461001,0.017175875945177548,0.04736373074352639,0.052001639868407,0.0,0.06268888059502115,0.0,0.12550854591781022,0.2292431737074676,0.07611754118402203,0.10043968033054518,0.015048447125310808,0.07877861094445021,0.08508135959348238,0.12724880222315643,0.16661441093939122,0.054398704094363,0.11056494432332883,0.1032038449019127,1.0,0.20468981518998625,0.08247290731964176,0.0,0.11058048185171487,0.053849203146554774,0.05538524305353745,0.10582296209656948,0.06877193321430103,0.06725483429528034,0.15559457044372746,0.05310140477257322,0.07461569860823385,0.08906136312251323,0.08003480456986137,0.0903406508989602,0.07716101476309399,0.06685001777986019,0.15694497206034205,0.09464516041847809,0.023192880166447626,0.08756590210300833,0.09277372467082051,0.01954028114948627,0.051949657058129185,0.06067576225670379,0.08650168520970455,0.0699943798128077
doc_73,0.0940615901200275,0.13811102788022622,0.021555591831883925,0.04026245660663732,0.09029481144402632,0.06192872460885834,0.07272510342336988,0.0235843022674773,0.06761235946843443,0.12373345512449659,0.07984985634508744,0.08218903590556528,0.05486793692661522,0.13168196776330868,0.03513500077307806,0.07355858160083666,0.09880440340071664,0.03211402240450212,0.12299939123397732,0.09339962998524302,0.05835601278811113,0.06807092095492408,0.032063040556774586,0.11945594978286607,0.058775288758086214,0.13479647659538613,0.049832014363458105,0.10355202240096444,0.06614318914984377,0.04367148203330788,0.13657159019575144,0.01030869518035348,0.06022262048066529,0.08996986861431756,0.07786604721767491,0.02191983310234553,0.10824374170378376,0.046668951783464974,0.0446016222893239,0.059151384600913695,0.10922882283647115,0.1187344434984759,0.06784927528332971,0.05437124862571036,0.007285276339585657,0.0660210004801006,0.11105865755597585,0.056736926814665786,0.07596647128184938,0.08682640578056858,0.04742848475526239,0.06444389853883915,0.09015992248533014,0.029742039140400876,0.009844032082930469,0.08103914726275004,0.06659680330590466,0.0,0.06517533878092979,0.06306073265278318,0.10333152910378629,0.011293764822364364,0.04355980835493278,0.11037120480390175,0.0,0.05199092984794177,0.04021443465815415,0.082173976832643,0.06501021906169431,0.01354791082214263,0.09394177962931487,0.08975863378178228,0.20468981518998625,1.0000000000000004,0.07459288023646507,0.022470910646585504,0.09609160881604606,0.04587073333759148,0.0994734780319519,0.08311446764367815,0.13030910635596823,0.07407077596197101,0.15628709700589993,0.052785975395279634,0.05901456968771159,0.06886468555343864,0.16651727675713474,0.04335094452140226,0.09304011930248704,0.0,0.03283285582372938,0.008930319575713191,0.15015693090196955,0.04429387517681907,0.10773021538208997,0.06563415051447574,0.035570497898992144,0.036702296358575734,0.07164455463156774,0.05982930916648736
doc_74,0.06608469462553039,0.05305207084977304,0.04327882042725902,0.07033362854979795,0.00779639965963436,0.056312482575510005,0.07672209097608801,0.07857094073515476,0.07239137213324932,0.07678703020507852,0.12653049851201081,0.07562442170328741,0.032820344576365526,0.09414596812201893,0.07292714167988741,0.04219683493348868,0.05684399006795098,0.07454868343188256,0.1023095561934914,0.09402423052105748,0.06740911799160272,0.03713146353467223,0.08420008071781218,0.09746691239414439,0.09989724065699135,0.09896652190536322,0.007096874365369193,0.06966727508232036,0.03837816851593055,0.0826836528522087,0.059475864366064134,0.07269943654306016,0.02819843722452704,0.08001366467348166,0.09282738061413721,0.05152440153770785,0.11751369499757253,0.07364031304204179,0.042370378112277396,0.08668622842584481,0.13099845115169678,0.0766833343358816,0.09834874539856349,0.051370155388391105,0.03457376950334731,0.09258785356994353,0.05194197793343659,0.052574995480383795,0.0924567534817621,0.06679707775322515,0.05855234064548885,0.011404197046905575,0.1433791039105226,0.07446663820543208,0.01127569332125582,0.12597151219639,0.07789367622523549,0.0564495510995123,0.18011442994482038,0.10964616256203415,0.08031314742305354,0.037195048076224285,0.043694825693566974,0.15923099533777524,0.04798599295842677,0.042384349251314735,0.06654674239258179,0.02790369457365787,0.046044443880915435,0.039517692693524176,0.1034637924578721,0.14506349422461126,0.08247290731964176,0.07459288023646507,1.0,0.03222776464724694,0.08991441118412515,0.05436141815958251,0.12031159090250984,0.058923470502126235,0.023263629605532753,0.04540644605426132,0.06279654896168542,0.09794626785577062,0.05811937400176931,0.12911212334429337,0.10002875244397118,0.07941087709879151,0.052997505017143925,0.02356718617019135,0.12233010153698429,0.03234402356953794,0.05590555343727041,0.05609397937220038,0.11480810091212168,0.04266928148009301,0.042325194931889396,0.09094648919385646,0.0357006229440196,0.03247769229763425
doc_75,0.0,0.0,0.03948279951964545,0.047688975286248284,0.0,0.04065164781274784,0.008005224160229418,0.030710788335958725,0.0605167116727005,0.0,0.02621566253902159,0.12512330242471542,0.03397903969287591,0.04360374393705169,0.0,0.04842877038235207,0.08900063213217871,0.05420592388603347,0.1426702723376448,0.014717409960690814,0.0,0.0,0.021420621825975077,0.04783655986736104,0.07291843790241553,0.031432653547099454,0.03931432582309017,0.030366508793060618,0.0,0.020464399713790275,0.01995884858335102,0.0,0.01630196160966809,0.07782859124302373,0.0,0.017804343593448294,0.0,0.030572698443308954,0.0,0.09511262189791506,0.01955728444692639,0.05699402322264419,0.036076166140729726,0.044241153549674186,0.04835551630920746,0.08063193971972216,0.0,0.02816109331537755,0.0,0.03335777808382105,0.0496262094265186,0.03027688116821504,0.0,0.036687111125450325,0.03603529256781391,0.0,0.0,0.0,0.11338544703276623,0.0,0.03958163431834849,0.0,0.16801707335840793,0.12424149014241503,0.0,0.038028929918449285,0.0,0.049390512196099176,0.06782475415535387,0.0,0.04272965360840961,0.04594234572834855,0.0,0.022470910646585504,0.03222776464724694,1.0000000000000002,0.010462776214933625,0.057702995033905545,0.04719978526099321,0.047903464922794424,0.0252735011624319,0.12420417145121275,0.11613764582581144,0.0,0.06958542820585041,0.029569261505673145,0.027450237711241787,0.06900279336567126,0.0,0.0,0.0,0.03852173789904034,0.09972321140530155,0.024271180143235344,0.03271606434415516,0.06492409510780071,0.0,0.0,0.0,0.0
doc_76,0.040931382769229877,0.09588030196616262,0.05714616033452104,0.06117587815004779,0.09406185306870331,0.07102066681364257,0.08859422929406588,0.14219342992024092,0.16828645388779412,0.05134598076140063,0.09926670344246898,0.10232416646950004,0.0499417422123837,0.08707372280935204,0.08969000789321388,0.1272392997440092,0.06929012750930043,0.08394866540429408,0.09210343551523738,0.17374680982364413,0.0739051121906954,0.1584396331455833,0.0947844969832386,0.19819062174434968,0.10960434953196409,0.1702561445863809,0.03759047887855385,0.0883029495048982,0.10163638710729071,0.05015574035072095,0.15766071526715242,0.017291072261640197,0.06448719564662829,0.11773564008752015,0.01999829392237022,0.1537207207839014,0.0920584599035732,0.06929424213828829,0.13059921008200565,0.039648907871973144,0.14442074467071458,0.0821935971658823,0.0787310251314382,0.08478605668508284,0.07121503070470073,0.09188557360428072,0.06626811012150843,0.16890818046672693,0.015269268471347708,0.15903742800215553,0.09966833368012917,0.051828285259587714,0.18741965466250937,0.04285095265327561,0.03137513785551436,0.06478914893413212,0.08858534071843224,0.048557686540083946,0.011564544823052322,0.006809922220559185,0.1718176344972785,0.03297069791230485,0.04995908924238404,0.1824392972076066,0.0,0.08616396087457565,0.05918177122223603,0.08868051383809873,0.06465029379357462,0.08782745910526377,0.16580355859318463,0.16069357443156246,0.11058048185171487,0.09609160881604606,0.08991441118412515,0.010462776214933625,0.9999999999999998,0.0820216439964372,0.11624351741047488,0.1129075889058547,0.09939063823338354,0.029857350178405014,0.18036340245687474,0.08710587352512254,0.03899223076698268,0.125228388913743,0.08383297257559487,0.11227407039827024,0.10769547762672808,0.13880966902645941,0.00704176230078784,0.042371837227159106,0.08106482099542577,0.12510288504032652,0.23251767782581148,0.04964829924131843,0.10118784637801806,0.04622310377924854,0.021165189062960527,0.05968999931821285
doc_77,0.0,0.0,0.028753776856437735,0.030865483380789146,0.04463509042073392,0.02542565397290606,0.07630333627936706,0.08564867566413217,0.056627559764824795,0.0785567926570153,0.02292920990292655,0.03269116343429349,0.005685527654209164,0.0473469928476017,0.03892423647851847,0.0552113369413771,0.01687556277242965,0.027341836771387445,0.02642149246232714,0.09614555699074843,0.007035176588610133,0.023702318743846963,0.03064495206958771,0.05251694884054665,0.04149617324563666,0.08682839657537593,0.054175087913082204,0.01536971361742676,0.07094020302878797,0.005177088346168714,0.0680705968522549,0.0,0.017457152641445026,0.06007241781049682,0.07710104442390173,0.14686665447990133,0.026253239979631214,0.06511858017991141,0.09543811559021656,0.06264122623633007,0.02182386986218764,0.03227312626877078,0.016812322896875263,0.022612389648887805,0.04590775902018269,0.08223441180838359,0.04047847625686285,0.09530347325148177,0.029319566109766403,0.08200255624295708,0.09956692155395515,0.024980244015664017,0.05468519098347921,0.18036963778502918,0.016704220014316908,0.048198331402249925,0.007647255712543595,0.0,0.0,0.00787106937565194,0.06510698084796765,0.04132348429288859,0.01337979082711171,0.10987469442466995,0.021412544072713785,0.06393029664848535,0.0,0.03788328563992365,0.02377906392510909,0.0,0.01650792201119187,0.07435374176095744,0.053849203146554774,0.04587073333759148,0.05436141815958251,0.057702995033905545,0.0820216439964372,1.0,0.0426276693578836,0.05914134668772476,0.11028379907222888,0.0704844823841203,0.07515478239504618,0.04220897741631492,0.05880897337304455,0.18639225160447032,0.05732199641726352,0.09151049412362625,0.1936151210477189,0.124592262820795,0.0,0.04093209030363792,0.06920519137446456,0.05111374884238681,0.12956250675138836,0.04135389279336031,0.057143402545172944,0.08607399649052241,0.020476643523531287,0.10756562357836164
doc_78,0.042977414451392054,0.16318755198654342,0.06465643980388017,0.07033691891878223,0.04578202018761929,0.12940307909845003,0.07569105611363718,0.16460738187707014,0.1374547092410066,0.07826949229401199,0.08020113822810933,0.0993247793340503,0.05274860354767167,0.08706999234429799,0.06981677535670813,0.10722243059104879,0.05259277171376692,0.06055457930693555,0.11399363361748224,0.16371379725295157,0.06897130410446556,0.09577475760713157,0.11698118479641831,0.2066997336857199,0.0379615728387738,0.11776589303572922,0.037819821142293465,0.11747844284600725,0.01828346269544051,0.08421788530408024,0.07237424549786486,0.012820027069167485,0.036813989530321264,0.2064111501441716,0.14426460228958932,0.09856387124607228,0.13460781266836735,0.055205278540719896,0.07605521961668697,0.01793309124818606,0.11033485817791916,0.10743000300655844,0.12085214748803404,0.07181799951161938,0.03509738094486241,0.15233891445444625,0.13446322673063738,0.1618788152564803,0.08749341634654083,0.14695483649460794,0.0675500319778516,0.015220303200202633,0.22767932845381642,0.09318176422621582,0.03173031571552096,0.09401633119205886,0.07063670076239745,0.04280709390299546,0.0856114008615333,0.09741046993545376,0.17885603624933244,0.027649271067601795,0.053800104309900385,0.12529302821535301,0.08453366204576454,0.06834925638292036,0.017763100744996672,0.10083459172512028,0.16822512186844457,0.0847098533208736,0.10268978090226516,0.1213769289603484,0.05538524305353745,0.0994734780319519,0.12031159090250984,0.04719978526099321,0.11624351741047488,0.0426276693578836,1.0000000000000002,0.1904116389449403,0.13045564652329614,0.193741712349435,0.16526703342193164,0.2375307798095072,0.04220991776647972,0.134259444844157,0.15169581070079785,0.16859313319729252,0.087937241828912,0.22375351864371695,0.14935959593256118,0.06995880418385483,0.07607223104655046,0.19443799197088318,0.11826092064086847,0.02471682976102052,0.06510639823758345,0.06021488422205812,0.024486160900637557,0.081913692260902
doc_79,0.07148756322724721,0.059341066831714924,0.0389618318369576,0.029356536872053127,0.05431955443249152,0.11074099909665211,0.08458571408148687,0.1628429620131863,0.08994806653626891,0.09240041226424694,0.07784553824448756,0.05032353614351872,0.03298925037188465,0.0523424399061591,0.03015296215220097,0.058161889260437014,0.09517214214856684,0.06987735552974025,0.0808607494353811,0.10277771516512342,0.013385415490373597,0.02923496047614061,0.14443149099552363,0.04774500543371954,0.0336916232717483,0.07845617430537367,0.018554695761265592,0.0299826147593586,0.035376377085382577,0.06522162590435328,0.06528249243167361,0.0365648830064399,0.06189126650050013,0.04916605545916061,0.03755191300933525,0.0504885790355547,0.08404216578839842,0.019749780748850004,0.026340879181879454,0.09224546370496127,0.09257645803246707,0.07741247267733516,0.0542929557855053,0.07263423794935703,0.0022329889692740685,0.08173971257951188,0.06397959395153036,0.06701287099529254,0.09926349948377657,0.1318836139339475,0.04468453408040147,0.03715190329923934,0.06538492623768233,0.07551333812736716,0.029221641311142,0.07599523186219109,0.019240357381154136,0.08931132167748741,0.068392565966375,0.011362182664270293,0.08207285901115283,0.010029214803148737,0.02730196869107825,0.09593529864577041,0.03794147810311142,0.10848435311680389,0.06789637718301378,0.06881551547447096,0.0452704435244804,0.018945730572259692,0.09257945474800008,0.06418642718839207,0.10582296209656948,0.08311446764367815,0.058923470502126235,0.047903464922794424,0.1129075889058547,0.05914134668772476,0.1904116389449403,1.0000000000000002,0.10367114745856111,0.02608393694514311,0.17024569769894513,0.0500227648084458,0.02871451696633014,0.06203790510426259,0.02648115453444979,0.06196065366222097,0.16678990098432098,0.1996024858858819,0.00916821043775025,0.04254753831109308,0.05910463432127341,0.10634469964477156,0.07019849675780188,0.038120882480434375,0.027215890692178817,0.11782511267067952,0.040380853186222844,0.04796099511452173
doc_80,0.023129544281039128,0.0,0.058837252173362296,0.0032213843222114596,0.02807235228744881,0.06574612928019215,0.1028650560208208,0.030695141457551568,0.0881946049693662,0.045341042210165564,0.05059118264994552,0.03290039154715627,0.00429281136343397,0.06731072760902121,0.024108437928731196,0.03645829487116734,0.12567080087851043,0.04815678625807897,0.045471341666407386,0.11923161703963518,0.07235678229348357,0.056258506971118456,0.04867496939890079,0.049284167534612434,0.07867700358580633,0.08236892158683516,0.0342216636242705,0.011255901432559685,0.01682002314528762,0.03076161355336597,0.05943796978850037,0.029245202856540586,0.045884864621997895,0.10158715784556555,0.04442078160315516,0.06029561317284622,0.04932803117593797,0.053056177407052374,0.05392351189699944,0.017682344216118098,0.08354200264482542,0.06341530517765265,0.01147686503362928,0.05961260357459488,0.015185867440994174,0.033199557418649064,0.041090087506241046,0.06525307347815938,0.07594657796290274,0.06677583528150055,0.007866047943843567,0.09991122525542326,0.0645950698200642,0.09484613197687353,0.023820683099176593,0.03259545965702601,0.03946167833535251,0.008535033210775414,0.02063936466727903,0.13639391263377643,0.10493581886983024,0.02410425335615653,0.016604376767080122,0.09764902515060594,0.014073728285910657,0.06139177794303159,0.052605762145634324,0.07261569625407377,0.02252185950731982,0.023173641855115217,0.12709753644728494,0.06057469333019564,0.06877193321430103,0.13030910635596823,0.023263629605532753,0.0252735011624319,0.09939063823338354,0.11028379907222888,0.13045564652329614,0.10367114745856111,1.0000000000000002,0.04575987835710221,0.16878866678288013,0.004707033915887188,0.008071011070628688,0.13789357689394174,0.07744732764700596,0.06112889701252498,0.20866832215174336,0.0674289991239832,0.0,0.09365368196562922,0.12814141278807006,0.10743021433645716,0.1514680659606302,0.040483555078909994,0.08202604099037158,0.08932146802625884,0.09412871178636857,0.08964244996375671
doc_81,0.0,0.10624065322451313,0.046779589415697834,0.16962160184653746,0.0,0.06603922287632874,0.06522339598402939,0.11436064441548441,0.018011299864121862,0.041065668293083585,0.05519253254350133,0.044592469332293286,0.030753863068179704,0.06126695123572462,0.005511601523096609,0.04512581743805027,0.014298880921630742,0.09616768342955148,0.08986491516065812,0.08084754854273561,0.06165606987691645,0.08527088216846677,0.03442745281976392,0.1224853410075567,0.01985427172878169,0.010290013094100721,0.10679190276509369,0.0532545185018356,0.0,0.06868321558826368,0.04546245670002092,0.029062539722314384,0.05094334323116542,0.09421515496360686,0.05991391070699365,0.009600854027738161,0.0,0.0,0.06950673754630685,0.020570474651827174,0.10251044543308413,0.044558425047170475,0.028315115294540123,0.035052531578279006,0.04224084089799278,0.025871060992689057,0.0239088540307935,0.06941454255251839,0.042889401420788786,0.07840697816370935,0.0,0.010289866868290627,0.1407656256417857,0.050219031735694905,0.19824656609930613,0.05145669971310014,0.053536878035248536,0.0,0.0,0.032734395892039234,0.09799851548531682,0.0,0.04427626801503711,0.0592924428377552,0.0,0.02056208930592242,0.014621673973932051,0.016383091585769737,0.039686300137559444,0.0,0.04135652113217497,0.10016704000071462,0.06725483429528034,0.07407077596197101,0.04540644605426132,0.12420417145121275,0.029857350178405014,0.0704844823841203,0.193741712349435,0.02608393694514311,0.04575987835710221,1.0000000000000002,0.11119194229487511,0.11969212470100779,0.026206149396034866,0.10077967539329315,0.11251861164812975,0.0,0.034182518752667396,0.08874285308545442,0.02761150748288737,0.18926030465758206,0.019326817389213654,0.11861680930345866,0.07171998244183195,0.03388899476906047,0.08849958345862047,0.008805647824384862,0.0,0.012016196979194574
doc_82,0.09519611720809158,0.04076137438544229,0.01804330017372934,0.11364993982023824,0.0978902117657928,0.11225946408152536,0.11315159045932544,0.0966300649056508,0.16178817883490987,0.08563844376194045,0.11371854856844009,0.13145040403668443,0.04995053266786067,0.07974500170804787,0.110835460645421,0.08611704022993795,0.13256644252889957,0.06780774114696386,0.08192347251102124,0.1450251555680947,0.03366891280440794,0.17510813390971122,0.04994416650784227,0.1281975238568887,0.0823097655214944,0.1470822190678009,0.07845005164766557,0.10547389053293062,0.03717009918955972,0.05730762850191336,0.1170925921258096,0.07441111863713323,0.11333759572532963,0.218416569957145,0.05279255440687088,0.1147945573171843,0.08592878803915695,0.10342017968439657,0.03152297082358506,0.0535434848012181,0.09275210403308556,0.16747233375835996,0.06725785243604955,0.12984393599630706,0.01627868857790453,0.14429315058783337,0.10961865122279472,0.1314513394420203,0.09704914326855417,0.11326843596995123,0.09981869756307889,0.045970044645616166,0.10581144251467782,0.0807159449831138,0.028227670497500773,0.046105327618147486,0.03343258551319014,0.05513904830616147,0.05084643370021593,0.06483571690255793,0.11400296140873167,0.048629455846235604,0.08186719405906112,0.1906134103630975,0.03395279040076443,0.1100486317138324,0.040145647060297746,0.12183437197884464,0.07588293100028756,0.04241739840649866,0.22410358448382733,0.08514584818158515,0.15559457044372746,0.15628709700589993,0.06279654896168542,0.11613764582581144,0.18036340245687474,0.07515478239504618,0.16526703342193164,0.17024569769894513,0.16878866678288013,0.11119194229487511,1.0000000000000002,0.06053044692477644,0.07511128875662385,0.1328693787077888,0.06359884498078618,0.12372148098831633,0.11112075984361815,0.04371371757700733,0.029420182088923753,0.05392472700371535,0.07949652820784617,0.1761347738414049,0.07909572242536331,0.036422339062274434,0.053438397083907206,0.05299158696871012,0.02262236925111198,0.1746210869793307
doc_83,0.03440370660052726,0.104729382121095,0.0,0.0323008452023727,0.2031706757672615,0.07714106486813245,0.036131078062208374,0.16236082782704994,0.1274695572344642,0.014908891208065976,0.05160911004567877,0.07301419862634048,0.005792846066680053,0.03698097200803348,0.014683237964629073,0.03217020256631287,0.027712315563114424,0.02480638586729843,0.06482791035677932,0.12172035005505816,0.12419427978126579,0.06496261976646948,0.037538597907881194,0.1807772347372407,0.0271218256842149,0.11939293814922405,0.05530532185346365,0.06086848168559586,0.06619999109534654,0.005274809602017508,0.13572013703091118,0.057848984611030635,0.037155300924549946,0.1507927807733893,0.011652073534650356,0.0293371544588936,0.04012318307194165,0.04866668794510721,0.13164274626622552,0.01918845499871043,0.05287274705925351,0.12777814756852196,0.09603869409320936,0.06213036377937112,0.040529064528096674,0.091161131526714,0.0755429798226818,0.1073472440700598,0.07767471536359703,0.125711955864699,0.07734043981713797,0.016144534529846304,0.12734003580846404,0.022397661448057014,0.08094494332369828,0.07902993216158152,0.026897576448503,0.0,0.03932491480915333,0.008019641455715227,0.09838013790664998,0.017140901513642455,0.02044851596362964,0.09935440429705247,0.021816721200433025,0.009828529408493072,0.0,0.047560043805205524,0.04087389627248235,0.043682769411914506,0.0650077574168951,0.08624174934605978,0.05310140477257322,0.052785975395279634,0.09794626785577062,0.0,0.08710587352512254,0.04220897741631492,0.2375307798095072,0.0500227648084458,0.004707033915887188,0.11969212470100779,0.06053044692477644,1.0,0.12353717494813957,0.061841421126767875,0.05804657014412092,0.09153812588530484,0.10688971628843208,0.09520210305734092,0.09089500328146677,0.0,0.011585699260685424,0.08189818902916439,0.02429048956727711,0.050196310083493095,0.0,0.03816682764185508,0.02086315485710132,0.01600593574626225
doc_84,0.0,0.019417285864264333,0.01326207441775181,0.007857352150551063,0.10117023503222741,0.15968541207352335,0.027686106182378996,0.011994506874423933,0.03427535131345154,0.04829944234124436,0.06389450437720454,0.0157474555491979,0.035442464242161624,0.06486209004688556,0.06484224789627166,0.08916819273050462,0.08384322122606784,0.007639075471162262,0.05542557343800906,0.08693228998012925,0.02590056372090093,0.008172589134367298,0.10098037601518303,0.0592601795518492,0.019772648298075044,0.06199446785437612,0.04188837741415745,0.02287723539308402,0.01285312980363205,0.0,0.03532902922486611,0.01493640535740166,0.022785176274100236,0.10955606270997145,0.031138955036806748,0.013727094637399939,0.03426588018036817,0.020583971902391147,0.013600122972685464,0.017641791712569212,0.017755354124057453,0.03253097051226843,0.016386286300864618,0.10318619997867545,0.028320118640997226,0.046828575444611165,0.04754582940526122,0.03532085659657807,0.09170129483001772,0.047527775096853526,0.01918625738063671,0.0,0.03836366960497041,0.025313338676091444,0.012759523400185014,0.0,0.09348405275314534,0.014754115201531453,0.058684336439077334,0.013751040703803936,0.08531669249041143,0.02852526491401712,0.12027743815123199,0.032494197785109064,0.05227637591272087,0.007629047251817721,0.06070910452535411,0.017743560545797822,0.05324679398830804,0.013718636542295092,0.07728881905056005,0.08923640429352378,0.07461569860823385,0.05901456968771159,0.05811937400176931,0.06958542820585041,0.03899223076698268,0.05880897337304455,0.04220991776647972,0.02871451696633014,0.008071011070628688,0.026206149396034866,0.07511128875662385,0.12353717494813957,1.0,0.08528472570004307,0.06826783720568212,0.048487698444799505,0.06019617353603488,0.06204396804007579,0.0,0.04545281152338343,0.0,0.048921876354770605,0.1137877267997549,0.09131941822590611,0.03299024028104784,0.03678482100845507,0.026726233181802162,0.013669341125620542
doc_85,0.04732905817408348,0.06638148456421189,0.10969267491709946,0.07060269267657,0.08067618982843172,0.08452874587977553,0.06548557123782317,0.14768917062477716,0.044299007474504895,0.09345280246469266,0.07064282600886444,0.05022363380848477,0.054965329173196936,0.06918453645310711,0.04991022370276539,0.09988092089862606,0.04113348337498002,0.1289144840373825,0.10187645983701135,0.19219269877239245,0.06022151626388026,0.10129367807668178,0.06171784312114728,0.13362818528469678,0.06001700586518641,0.15077526062137356,0.12376521430085971,0.09966491025461627,0.0602142107192393,0.06524806977996166,0.11507076933208674,0.01949905005044565,0.1811667041961001,0.13500581921927762,0.04498543735141332,0.047289317287870086,0.011085626203580567,0.04328745230422149,0.07872287448017282,0.09676677906711821,0.09770949244829569,0.0932711164100179,0.06256056080101748,0.05434859123934991,0.044946796417570656,0.07595595554300916,0.07060985708818107,0.061805192990360025,0.11800524248438594,0.12550000255812055,0.09957505326850816,0.0914926948082876,0.10374357663060449,0.09400511783007688,0.04840921814798779,0.05824758639634301,0.05397649512971075,0.04965724012569245,0.03070925592108513,0.11425257830271582,0.12164760171631096,0.020880527338440823,0.03204166001930732,0.08247686555870173,0.0976435241768723,0.08551196640363441,0.06762021947078121,0.0707145390295554,0.030463332529464003,0.023687290131402146,0.06803394560326215,0.1033528901223573,0.08906136312251323,0.06886468555343864,0.12911212334429337,0.029569261505673145,0.125228388913743,0.18639225160447032,0.134259444844157,0.06203790510426259,0.13789357689394174,0.10077967539329315,0.1328693787077888,0.061841421126767875,0.08528472570004307,0.9999999999999999,0.11122094856570908,0.11841866337279382,0.16536863105394858,0.13388580991334773,0.0831047697612458,0.038225810594272575,0.06980229723477635,0.10635599100849151,0.12157953505549013,0.08044273963666043,0.10300404220331881,0.05000798038331901,0.09326055933435615,0.08001028615601
doc_86,0.04110847036037801,0.06140705749876836,0.03613399689221774,0.07079638936428204,0.07825894907477296,0.112657111398924,0.05015825251391717,0.03552235625593132,0.042054030772603126,0.052780190332311475,0.04544394839530436,0.024364388234851618,0.02775264327205211,0.0938900716709741,0.03457047730242951,0.06012531022526171,0.003395891565675345,0.04558951503589772,0.045959563003863724,0.06296773664513462,0.04544183150683288,0.056987381705587425,0.0283338829767696,0.14799295248181085,0.017467085602551058,0.08427857360439359,0.082151238815901,0.07005109739081515,0.031644160410916215,0.04065876893737664,0.050565786248915605,0.0,0.0796715367149504,0.10548092151075622,0.04963147044473502,0.014343594222596073,0.10485118918518985,0.07299734848849272,0.0694091617830323,0.03735102665359043,0.11346558524235577,0.06555707662660942,0.020149048108711903,0.09662733654854257,0.002966540022327332,0.01916794840775207,0.0568708318821461,0.06345191853613767,0.10089758472755407,0.05488235921559376,0.1376876651519417,0.007725666702034685,0.0588205077578873,0.0864013804815859,0.009690198321813281,0.05464523841499342,0.02725808678023904,0.03340529475901206,0.02869117743780082,0.031031934505649166,0.09318443670044446,0.004598783050445261,0.03133306076636145,0.09114968886111852,0.0,0.060501096513265726,0.014589152993713484,0.06801126958346186,0.09060341812203346,0.03903462083502572,0.06468046894069782,0.09334012438998485,0.08003480456986137,0.16651727675713474,0.10002875244397118,0.027450237711241787,0.08383297257559487,0.05732199641726352,0.15169581070079785,0.02648115453444979,0.07744732764700596,0.11251861164812975,0.06359884498078618,0.05804657014412092,0.06826783720568212,0.11122094856570908,1.0000000000000002,0.15232010163653373,0.05664960189450215,0.06627782679659032,0.025529208395020306,0.02911873635950278,0.009325084333258196,0.08021816102422541,0.17475537127919963,0.08480109249790278,0.09513481558586304,0.02350679549373993,0.0,0.025990521604938168
doc_87,0.03817725057498031,0.05615514067113092,0.023884487340454716,0.05264439636437329,0.26826476586443115,0.04671685071621899,0.04101099296910248,0.053291657974371055,0.10780934612614876,0.12956300278047683,0.07593337160037779,0.14795782072239902,0.0927995134226546,0.09022606469481981,0.023913367280307123,0.03073905668056114,0.04765243999105734,0.0338994070465808,0.058862125008703414,0.0986628631016439,0.08541436913498171,0.062041530571575694,0.038906852597763046,0.12375420332964737,0.04109004747887909,0.11305272204165717,0.05806543622108399,0.10249785434186873,0.0362590122627187,0.12669653464560815,0.19004141983677475,0.02209415948053053,0.02794912438456946,0.2918359148288892,0.24530430484830817,0.19202995177647034,0.15112665962969582,0.0814903126936109,0.06544921908149418,0.024311950485177494,0.07773108347392542,0.1138715817673176,0.09847341486467028,0.10566270454468377,0.020449835204817655,0.11081804132956832,0.05811727167601338,0.136258830045222,0.04606837226794016,0.07608147620868211,0.12550897007332254,0.025559271078963445,0.06457058669421911,0.1286303585418918,0.04696638041633033,0.028012479963479546,0.04244759105061915,0.028209745243589338,0.0382675826508878,0.04354392085036716,0.13363227274043676,0.008681311691122615,0.13173471409667165,0.11805547884662726,0.016574194478791562,0.08105971757695138,0.0,0.10908874588709619,0.09030555891653459,0.14739035160847247,0.05129450902805345,0.08894669458067735,0.0903406508989602,0.04335094452140226,0.07941087709879151,0.06900279336567126,0.11227407039827024,0.09151049412362625,0.16859313319729252,0.06196065366222097,0.06112889701252498,0.0,0.12372148098831633,0.09153812588530484,0.048487698444799505,0.11841866337279382,0.15232010163653373,1.0000000000000002,0.11790385445832094,0.13039107807926753,0.07137784746035954,0.2054386028917492,0.180834150677792,0.1764274651554368,0.06671818799511339,0.08538739404726177,0.02551937690936173,0.054356555951338446,0.037572610404642756,0.054095510434041406
doc_88,0.034044524340560656,0.07796141565998957,0.005668957233044164,0.04160847659927763,0.07468412353573074,0.10725055970365502,0.12491433157708205,0.10791044483407232,0.10682634794472523,0.08739693250903366,0.09009079720349635,0.07204758961879129,0.04397218725263477,0.06320854183021801,0.06384484605118482,0.049803440023062286,0.05475044891447415,0.08789831434071826,0.09329185903251898,0.14123220208513437,0.09372196907249053,0.06454843141207442,0.09552083897819877,0.11685291301654524,0.16197567140923574,0.17738474157693834,0.1083957639324922,0.1463847351669467,0.047443636156373994,0.08094816155887738,0.15775481474481023,0.02122961092837518,0.0662678609683221,0.15812128840335107,0.02268770426438083,0.14679146600192483,0.07355001367988871,0.060327381146693455,0.06575443555990632,0.07832689646616303,0.06759231433650888,0.11147642746737013,0.06437393341003826,0.07622221699089528,0.01727586888309181,0.0858560860709949,0.10399325334589027,0.11849365700097812,0.07117684740146188,0.10060291927970084,0.1635875750417961,0.08773048641523588,0.05977315556452131,0.14844764475367353,0.03419567987009259,0.08678715342482304,0.06438106501747888,0.006306739462789663,0.013840943625610112,0.048451374046211935,0.19392503064925273,0.015321989544225069,0.08805179328197182,0.19001379659446632,0.010399413262654197,0.0165921986030994,0.044689066076129366,0.05622140037741528,0.04488336355266651,0.023041379728414767,0.0848694111853525,0.10527146698531206,0.07716101476309399,0.09304011930248704,0.052997505017143925,0.0,0.10769547762672808,0.1936151210477189,0.087937241828912,0.16678990098432098,0.20866832215174336,0.034182518752667396,0.11112075984361815,0.10688971628843208,0.06019617353603488,0.16536863105394858,0.05664960189450215,0.11790385445832094,1.0,0.11111060604530261,0.04918866400161591,0.0,0.1999801104373751,0.11461352603299024,0.07894529915416851,0.041437918631870796,0.0,0.13425729542074719,0.06955394859567418,0.05678204259202725
doc_89,0.014661645556015557,0.04739411688762342,0.05667602551536363,0.04772260335336372,0.03724279112567242,0.11604820653131909,0.06681470389582687,0.09819997950692122,0.13608231165425008,0.09205742218546573,0.031658984591901834,0.04792633152163441,0.058511876836810583,0.018035968852190092,0.022379540488017893,0.05304751714452481,0.0336004698747825,0.07193710195368644,0.024344491352621837,0.14663989104637382,0.06946564052842714,0.07833411540730674,0.07768541073262589,0.15552749371173047,0.114623194126828,0.10131496696784441,0.07227745320389661,0.0761540058503046,0.0,0.03280507028447461,0.05609999761577934,0.0,0.028044066232484142,0.10831807561028653,0.06723156552374673,0.0463403686873114,0.0922785167992762,0.04633986863650787,0.04292078700987823,0.03867688906641904,0.0688110927083621,0.14320463994286417,0.04640484260500477,0.0379450391684102,0.0,0.06763511260021551,0.08388379436302106,0.11826423846472985,0.07748936578133847,0.09198170630050584,0.03316836176545461,0.05714898396345292,0.14137369703014782,0.0884325901432319,0.03277951245170228,0.09690249198662661,0.016400523133381823,0.0,0.0,0.040691832362831346,0.10806693827800369,0.0,0.03179538942523272,0.0729056135819476,0.0,0.08407269887740727,0.01716027068020185,0.06945132736166701,0.05679977400716948,0.08710003105135694,0.061611972498333584,0.07079691609195143,0.06685001777986019,0.0,0.02356718617019135,0.0,0.13880966902645941,0.124592262820795,0.22375351864371695,0.1996024858858819,0.0674289991239832,0.08874285308545442,0.04371371757700733,0.09520210305734092,0.06204396804007579,0.13388580991334773,0.06627782679659032,0.13039107807926753,0.11111060604530261,1.0,0.021911666190237926,0.05353409764941828,0.05521332336324311,0.17468440347542133,0.09075541588520779,0.026854780149415232,0.07877135257643038,0.12815658576152442,0.0,0.09364535979916845
doc_90,0.05213569679005595,0.11242942942372974,0.06664643330180987,0.0,0.12101915625933085,0.060824539316850654,0.004915882060391673,0.04935840619970722,0.019223246374447247,0.0817715866018061,0.039369653209418334,0.0,0.02986954910174263,0.021768698225617802,0.0,0.049281576886955364,0.0,0.022072750329393615,0.029179881039735848,0.08469399942069177,0.017077189366600607,0.0,0.0,0.028574949879340242,0.0,0.01666378798233944,0.0,0.015474289304718704,0.0,0.0,0.0288609105412408,0.0,0.0,0.06634522216216028,0.07486885626192394,0.009914978682605196,0.0,0.0,0.009823267990561964,0.012256098948203918,0.06863814829580378,0.0432745944813359,0.021687129551033073,0.0,0.0,0.030470818454943958,0.016445758596942972,0.07951443664130806,0.0,0.06513485938681154,0.05745405083464668,0.0,0.02832082170170079,0.05305032641469186,0.0,0.017026280148793056,0.0,0.0,0.02307802536698611,0.0,0.03674435561833296,0.0,0.024908724918346815,0.048328635082395835,0.0,0.02231631854480216,0.03562756903083342,0.0370190223414034,0.035985160601198565,0.0412540901527041,0.05144319060420761,0.04245689488034019,0.15694497206034205,0.03283285582372938,0.12233010153698429,0.0,0.00704176230078784,0.0,0.14935959593256118,0.00916821043775025,0.0,0.02761150748288737,0.029420182088923753,0.09089500328146677,0.0,0.0831047697612458,0.025529208395020306,0.07137784746035954,0.04918866400161591,0.021911666190237926,1.0,0.08239060311500311,0.017844158913448042,0.04379583015560222,0.01822838559884265,0.03241265328072159,0.0,0.03623051131418689,0.039089490043835474,0.018017074203778995
doc_91,0.017017019228089875,0.0,0.038222706163915814,0.13945485458890605,0.07586286237173621,0.02484980901616391,0.03264165738625207,0.0,0.015563098235189662,0.08882308193883555,0.011742702517789536,0.04941837777912599,0.09124612136455866,0.0,0.0,0.04128733735232806,0.0,0.02370128724214781,0.028678393564810837,0.04226810176019426,0.04082636475428651,0.009648073018022185,0.04763822664555253,0.005811333176955313,0.02200295062179495,0.0,0.07770431522305193,0.04554430327190459,0.0,0.1254986983030143,0.09036699832974539,0.01858788108627426,0.0,0.08091218549229309,0.19262565924331665,0.025153235673188407,0.09210961867699832,0.012150106939797947,0.0,0.010977324150470863,0.0,0.038554068786356255,0.00925692877150226,0.028620784639024857,0.0,0.03640070378603177,0.0,0.0725073808657288,0.0,0.056928992826962635,0.08684444842000116,0.0,0.09076133997408269,0.07644993421145163,0.10828230982898845,0.013914177459790882,0.0,0.0,0.0,0.0,0.014315725103561357,0.0,0.10848605774956441,0.13866044915010062,0.0,0.05241653521818075,0.0,0.11027749212027002,0.025962581773443703,0.09583428264782913,0.11349617367318937,0.02409479169369376,0.09464516041847809,0.008930319575713191,0.03234402356953794,0.03852173789904034,0.042371837227159106,0.04093209030363792,0.06995880418385483,0.04254753831109308,0.09365368196562922,0.18926030465758206,0.05392472700371535,0.0,0.04545281152338343,0.038225810594272575,0.02911873635950278,0.2054386028917492,0.0,0.05353409764941828,0.08239060311500311,1.0,0.01901734496077175,0.1323585321834721,0.012559017366707744,0.0,0.052387294078561054,0.0,0.04058871405252593,0.01613721173546437
doc_92,0.08684566157498684,0.01525225474523154,0.0,0.055268276048340656,0.1367460322936233,0.048455762378825526,0.10274410716251989,0.0604113393154764,0.10668080719320788,0.01624407781880611,0.11967791429543546,0.08855623211526062,0.06432500862269744,0.030241681243591563,0.037500917141265855,0.015729493564408663,0.07288971742881103,0.05045882078370531,0.10669285996970151,0.07500958716238708,0.013074375537928824,0.012833192226898393,0.11899014465827382,0.0741479838270104,0.07107684467705784,0.08220533657697475,0.02940139477149153,0.047213484410601914,0.0,0.07418552485585067,0.15580854291072238,0.0247242999327742,0.1025565991543789,0.132830941615001,0.11470638793099393,0.04880457294171843,0.09576961681022607,0.021767629259766993,0.013724106566563537,0.06162529806175547,0.08490843357363574,0.08085225672057787,0.05834395816297609,0.046969740476247135,0.05606680225635208,0.0716483632419645,0.03340135464717074,0.11291793552993436,0.16698761814971907,0.0901611478298325,0.06003659670890636,0.0636441631303636,0.025842797463226222,0.013108746403686321,0.012875843787177361,0.0,0.06757529387111236,0.0,0.01839532268882776,0.07854142182935907,0.1583601810846959,0.0,0.1303428090283055,0.07344905094802451,0.0,0.05272141146958211,0.07398767097790053,0.023323819276250317,0.0420182049262223,0.0,0.043216959656016726,0.1324716780459239,0.023192880166447626,0.15015693090196955,0.05590555343727041,0.09972321140530155,0.08106482099542577,0.06920519137446456,0.07607223104655046,0.05910463432127341,0.12814141278807006,0.019326817389213654,0.07949652820784617,0.011585699260685424,0.0,0.06980229723477635,0.009325084333258196,0.180834150677792,0.1999801104373751,0.05521332336324311,0.017844158913448042,0.01901734496077175,0.9999999999999998,0.0563529927092385,0.0588874127611928,0.08525449941228572,0.0,0.09460630211028948,0.07643671227888423,0.10766190820272539
doc_93,0.12619047884872103,0.05805605984329513,0.12683660864130708,0.06672388719876558,0.05968884965251812,0.08006808148435035,0.08652975332615993,0.09041665848101453,0.20485059336123818,0.08449311552395311,0.07192448603822779,0.049407691664211426,0.04642525492749894,0.04594457284760914,0.07249628472561656,0.07935621257439927,0.05040608289431704,0.10320991512793287,0.07450682806755872,0.09586678142121573,0.08343952794689305,0.08362261635046006,0.07542040438489904,0.10083560622979383,0.0659303138055958,0.10204129414677943,0.13105991431153965,0.13379573484329432,0.05308302508218396,0.06012274460552853,0.18100275264921994,0.020292966956912895,0.06258862384948777,0.15117306185842808,0.07690780951701441,0.09578389244715826,0.13260239854550582,0.10593629012445491,0.04234100535462777,0.0832787492985664,0.09708833352664492,0.10689920301472114,0.07925554056261043,0.07784608136354836,0.018098219082709713,0.06618230307158061,0.05259983885345487,0.1419515204479604,0.03307311918389229,0.06589425294968836,0.06348229817981857,0.03127834083451174,0.1176020704752847,0.18945867951052686,0.07469492507877257,0.16949630672584726,0.07524385996924637,0.0,0.05870764813972839,0.08631664986003058,0.10727651340730873,0.02839095883529857,0.17035832002393256,0.13921239224115903,0.09335728712757448,0.12747786330033892,0.01509909207115273,0.08177690436410238,0.06932866635540183,0.13906622799332896,0.10472119563113379,0.10714045671269212,0.08756590210300833,0.04429387517681907,0.05609397937220038,0.024271180143235344,0.12510288504032652,0.05111374884238681,0.19443799197088318,0.10634469964477156,0.10743021433645716,0.11861680930345866,0.1761347738414049,0.08189818902916439,0.048921876354770605,0.10635599100849151,0.08021816102422541,0.1764274651554368,0.11461352603299024,0.17468440347542133,0.04379583015560222,0.1323585321834721,0.0563529927092385,0.9999999999999999,0.03527333337932864,0.015752773973602446,0.019020810250569772,0.04185454906371182,0.0,0.09250024264302618
doc_94,0.038800743299514995,0.07764432881083075,0.01970404507241996,0.04421672775317953,0.02790230863018,0.07593294095004609,0.08744195470449521,0.11435921080258642,0.06469782440091827,0.06095141931541524,0.05736226406619245,0.08564903999330988,0.017049893956590793,0.10166016380979061,0.03413794343586403,0.09251140189617507,0.024092015726098117,0.01962294752493025,0.0649220796950698,0.15339067570735312,0.06776513191974577,0.100852034759275,0.06212046763198015,0.11045503670170255,0.06434147785012018,0.08209617363423533,0.047916557452139734,0.07094593456094507,0.03116897269230094,0.05787314285544359,0.11335094265583495,0.04253742517689088,0.05978315303524191,0.1154490463065889,0.08910498134614289,0.07252648411899726,0.07109806155066332,0.05339119097091259,0.05942637298107685,0.031062690419019948,0.09303711466198418,0.05146443818212934,0.02626099294407338,0.09212516840191533,0.006659497659809068,0.03429989898099204,0.08264684514717016,0.13270647000841015,0.08409308218261816,0.09158837284306226,0.049445097909739125,0.016927831960722003,0.17806342162376487,0.05973660140067602,0.008998465612505413,0.02189842528732611,0.09337997109794464,0.021935086311507826,0.023288953245684176,0.11713170076591006,0.17354490354487725,0.120029704324458,0.1062021771352881,0.08392824512255252,0.09072046857562431,0.023277143930303813,0.01913164921791946,0.0564102325057147,0.06358201351061528,0.01590291064641821,0.05326605631070579,0.07470591462735594,0.09277372467082051,0.10773021538208997,0.11480810091212168,0.03271606434415516,0.23251767782581148,0.12956250675138836,0.11826092064086847,0.07019849675780188,0.1514680659606302,0.07171998244183195,0.07909572242536331,0.02429048956727711,0.1137877267997549,0.12157953505549013,0.17475537127919963,0.06671818799511339,0.07894529915416851,0.09075541588520779,0.01822838559884265,0.012559017366707744,0.0588874127611928,0.03527333337932864,1.0000000000000007,0.07615788845539145,0.14296826432704904,0.10516537680116639,0.017733380806891418,0.04643478308222924
doc_95,0.0,0.0,0.0,0.007201218189675272,0.16247822366466666,0.0789687973122251,0.014328318214334761,0.010992896770476168,0.007853290733527415,0.0,0.04963062292114344,0.12617174916941698,0.009596331323169635,0.21947974434507012,0.0,0.01280823599682797,0.006989346044455478,0.023721174497155138,0.03021723377386097,0.09438836965176366,0.011874339475128233,0.0,0.007589986233326618,0.01804615166165523,0.005964201191461593,0.046685191837766836,0.022383816357650733,0.010759789588089147,0.0,0.0819954301593481,0.08559530127475411,0.0,0.03466340063213547,0.07696662424124026,0.02739952957930631,0.032290828551763205,0.0,0.07907871963731403,0.012464434717470876,0.0,0.0250524861707665,0.02239719746480495,0.007186472339690901,0.005637056481582036,0.0,0.017935912588062226,0.0,0.0853548188924269,0.1478886720667283,0.02254089577813881,0.017584094869865622,0.044969778367890914,0.04707603535112184,0.0119055555991316,0.011694030029512609,0.0,0.06634741471469716,0.0,0.03341380331748869,0.013285203096407483,0.09203249748081471,0.0,0.0,0.06385898928203138,0.0,0.006416124739802125,0.0515838147045068,0.09123330334916877,0.023741237791076397,0.0,0.03974372974373448,0.06981000481557928,0.01954028114948627,0.06563415051447574,0.04266928148009301,0.06492409510780071,0.04964829924131843,0.04135389279336031,0.02471682976102052,0.038120882480434375,0.040483555078909994,0.03388899476906047,0.036422339062274434,0.050196310083493095,0.09131941822590611,0.08044273963666043,0.08480109249790278,0.08538739404726177,0.041437918631870796,0.026854780149415232,0.03241265328072159,0.0,0.08525449941228572,0.015752773973602446,0.07615788845539145,1.0000000000000002,0.04266197461591357,0.08227911788401714,0.0,0.0
doc_96,0.0,0.03241742864486785,0.055007823307396626,0.0,0.0,0.0,0.06785828538963266,0.07246409461504495,0.0,0.058437649571901076,0.10391939445259968,0.0841269697072888,0.034366862884212486,0.10790441035637345,0.024669961696987472,0.05400635182592915,0.10553901840080375,0.03468061827098425,0.014976187145035836,0.0421131173932039,0.0,0.05518209009737289,0.016201525359175916,0.028534494687591814,0.04339796941418468,0.05040131696768545,0.007168211044926842,0.025983984336226347,0.0,0.07061600633389406,0.07095720619589221,0.0,0.008404906017379234,0.039548437987981626,0.05280096515077823,0.0287390457013779,0.025480777247655555,0.0,0.01923096961847842,0.1353631990231217,0.017825613799046396,0.060420167671431116,0.0,0.0,0.0,0.08146853929996276,0.07424292704229925,0.08116610897531651,0.13576826558402372,0.051350050364594564,0.05626073899588219,0.04318307751410637,0.045979590961760734,0.02541350603607991,0.0,0.039336541089805305,0.03006226827918844,0.06085422178703426,0.0,0.016041322478218784,0.053553026188510815,0.041398872598133664,0.017082167676066313,0.038971294875351836,0.0,0.0,0.026994515928840442,0.07996052048682976,0.07397416112253805,0.06452319411879218,0.03781527704157529,0.015260462925211278,0.051949657058129185,0.035570497898992144,0.042325194931889396,0.0,0.10118784637801806,0.057143402545172944,0.06510639823758345,0.027215890692178817,0.08202604099037158,0.08849958345862047,0.053438397083907206,0.0,0.03299024028104784,0.10300404220331881,0.09513481558586304,0.02551937690936173,0.0,0.07877135257643038,0.0,0.052387294078561054,0.0,0.019020810250569772,0.14296826432704904,0.04266197461591357,1.0,0.011085201155141743,0.0,0.015126878032222863
doc_97,0.03975667468386528,0.07837726413119861,0.07346147038614279,0.0064685175927252855,0.05020789267223904,0.06255774528817226,0.13457503878378108,0.08741172820340735,0.05190880668639868,0.12450665909631878,0.1284611044139855,0.027359833253437153,0.0749077936726525,0.04210048297443205,0.022131899554653275,0.11929552839875172,0.025277892786808056,0.040218535360042586,0.07172198973518022,0.07917340862867027,0.034650931550490705,0.01447719456054647,0.060388778919287095,0.05425525566900103,0.04084572633955531,0.08376095821301349,0.022555723021425587,0.06267919439169173,0.004377054724596377,0.0813857504232529,0.03335162421461268,0.0,0.020383451495817596,0.06303002970887622,0.04785955856925496,0.11844622329789709,0.13107872952083047,0.02783437301636412,0.05844192932931463,0.040217239063529364,0.10840351174901179,0.15416618555421785,0.04878554729006226,0.0524778134703991,0.021095042370831953,0.09440015261597762,0.05519108660791135,0.06840474885349343,0.07022467214911955,0.0101164624166926,0.045738185287880165,0.020217005604759353,0.055542248444324954,0.0602120684031817,0.02564527742455151,0.022418602043994058,0.05552694598964027,0.0,0.0,0.04794030503745835,0.12638177844702436,0.004985092889289963,0.08196996165593959,0.11226391795373152,0.0,0.03430247967093399,0.0,0.01790083884630453,0.02433075278388965,0.0,0.009807997941050459,0.09569582360126924,0.06067576225670379,0.036702296358575734,0.09094648919385646,0.0,0.04622310377924854,0.08607399649052241,0.06021488422205812,0.11782511267067952,0.08932146802625884,0.008805647824384862,0.05299158696871012,0.03816682764185508,0.03678482100845507,0.05000798038331901,0.02350679549373993,0.054356555951338446,0.13425729542074719,0.12815658576152442,0.03623051131418689,0.0,0.09460630211028948,0.04185454906371182,0.10516537680116639,0.08227911788401714,0.011085201155141743,1.0,0.0,0.10821376536553974
doc_98,0.0384935870972399,0.0,0.0,0.0,0.0,0.0,0.025906960931490246,0.0,0.030066412588163637,0.0945197953369466,0.04346619151392094,0.03285135156334656,0.0,0.0,0.0,0.05185922940883731,0.027716332562253473,0.044897065449188714,0.03333430782754428,0.03510768425174353,0.0,0.0,0.026433452611231534,0.03780310434233976,0.055396088177801006,0.02147449824948573,0.05189387771515251,0.0,0.0,0.0,0.033466399452225695,0.0,0.019477856077206323,0.05770584783945137,0.08132930648607062,0.05251662957576166,0.02479673982917266,0.03285048916557222,0.0,0.0,0.019781251857727916,0.007401362128500305,0.03927716458769641,0.06362627474286923,0.0,0.06195041195984974,0.0896717678478339,0.03146465201078642,0.03458162574605629,0.02181621787759023,0.0,0.16076259969313625,0.013703294577879492,0.0,0.0,0.0,0.04110319730221093,0.0,0.0,0.0,0.0339404716791782,0.037193022448962845,0.0,0.011759133920036201,0.0466035470172232,0.05134092028010376,0.0,0.0,0.0856146803999367,0.0,0.02013953303035209,0.16668224972496204,0.08650168520970455,0.07164455463156774,0.0357006229440196,0.0,0.021165189062960527,0.020476643523531287,0.024486160900637557,0.040380853186222844,0.09412871178636857,0.0,0.02262236925111198,0.02086315485710132,0.026726233181802162,0.09326055933435615,0.0,0.037572610404642756,0.06955394859567418,0.0,0.039089490043835474,0.04058871405252593,0.07643671227888423,0.0,0.017733380806891418,0.0,0.0,0.0,1.0000000000000002,0.0
doc_99,0.07398500309921488,0.03612731217920056,0.03610469104529038,0.0036513631440883627,0.10538114109522592,0.011028548608929701,0.08373914093844459,0.04228903909702685,0.10842701364773835,0.08039877374166196,0.07340031067898652,0.04752257100868111,0.0,0.011871919175902922,0.02004840192865965,0.0721977222020257,0.05083846926095967,0.05356393180122504,0.06995378515975707,0.07452532233958854,0.08457262229251541,0.06370873446595593,0.03469964138728889,0.0640149533353589,0.019838151383315523,0.07547718680405284,0.048229801571789056,0.07779893751990757,0.039246784278213584,0.04764544596125607,0.10165607580825232,0.018627955632644858,0.05223326229568757,0.09874491351977255,0.0389679784075976,0.02585691360245172,0.015923579546014026,0.02174180888484594,0.03257237079851076,0.054320646707469236,0.05118206136895503,0.07371671431968374,0.035173242614261295,0.05591137984685318,0.046982029228250274,0.06938673957082499,0.11086033866100609,0.04036011161063548,0.03484049324705163,0.04028806249141621,0.02207360626099577,0.0417309662946769,0.1510251636380826,0.04977354238490346,0.06218597506701294,0.025451076074492335,0.026544513150231236,0.0,0.0,0.051521785106686396,0.13495689587234155,0.030316048351636857,0.019395558313359387,0.11344745498597904,0.0,0.08134859653918528,0.0,0.07238608555049704,0.04052705161532049,0.0,0.20861069566547988,0.06427615625162095,0.0699943798128077,0.05982930916648736,0.03247769229763425,0.0,0.05968999931821285,0.10756562357836164,0.081913692260902,0.04796099511452173,0.08964244996375671,0.012016196979194574,0.1746210869793307,0.01600593574626225,0.013669341125620542,0.08001028615601,0.025990521604938168,0.054095510434041406,0.05678204259202725,0.09364535979916845,0.018017074203778995,0.01613721173546437,0.10766190820272539,0.09250024264302618,0.04643478308222924,0.0,0.015126878032222863,0.10821376536553974,0.0,1.0
