id,texto,palabras_ambiguas,genero
6,"*Una serie que lucha por capturar la realidad de la medicina en tiempos de crisisRespira, serie creada por Carlos Montero, es un drama médico que intenta abordar la dura realidad del sistema de salud ",clave,Drama
17,"Dos lugares comunes del genero gótico, delicados de echar mano. Pueden hacer que una obra de fantasía (está basada en hechos reales...) quede demasiado barata, o cuando menos, muy desprolija. Un gato ",gato,Terror
19,*Inevitable referenciaNo vamos ahora a descubrir América enumerando la enorme lista de títulos que han adaptado con mayor o menor acierto la literatura mitológica. Los mejores están en nuestra memoria,cabo | linea,Comedia
23,"La franquicia de 'Terminator' es, sin duda, una de las más desaprovechadas de la historia del cine desde que se estrenase 'Terminator 2: El juicio final' en aquel 1991. Aquel filme dirigido por James ",curso,Accion
25,"La verdad es que me están sorprendiendo muchas críticas negativas que estoy viendo por aquí. Desde luego, 'Terminator Zero' no está en el mismo escalón donde se posan 'Terminator' y 'Terminator 2: El ",cabo | linea | cabo | clave,Accion
39,"Antes que nada, es imprescindible ver esta serie en su idioma original, el coreano. Al igual que sucede con muchas otras películas y series donde la interpretación es clave, el idioma original aporta ",clave,Terror
45,"Como fan absoluto de ""Aquellos maravillosos 70"", no he podido resistirme a ver esta (para mi), deseada secuela, la cual me ha gustado más de lo que había imaginado.Si no has visto la anterior, esta se",red,Comedia
46,"En la era de la nostalgia y los reencuentros con series que han marcado cierta época en nuestra historia televisiva, es donde Netflix saca provecho para entregarnos una especie de secuela con toques d",red,Comedia
47,"*El sótano como mismo punto de partidaAquellos maravillosos 90, sigue los pasos con la misma fórmula de su antecesora. En esta ocasión, la trama nos sitúa en la misma casa de los Forman, donde viene a",red,Comedia
50,"Nada que ver con el humor fino que caracterizaba a la original, esta serie es infantil y se parece a las series de Disney también de los 90, Hanna Montana y otras series de para niños adolescentes, pa",red,Comedia
56,"Como cualquier otra antología de temática fantástica y de terror, hay algunos episodios mejores que otros, pero en general es entretenida. Está bien filmada y con actores para mí desconocidos pero con",radio,Terror
57,"Bastante mala. Nada nuevo, realmente. Salvo alguna historia como la de la familia poseída o el locurón de capítulo que es el de la abuela amante de las anguilas, lo demás bastante tedioso. Muñecas que",linea,Terror
72,"NO PUEDO VIVIR SIN TI (2024)Dir. Santiago RequejoCon Adrián Suar, Paz Vega, Eva Santolaria, Ramón Barea, Pepe Carrasco, Clara Alonso, Nerea Arriola y Álvaro Manso3/10Un claro ejemplo de Suarciclaje.Ya",planta,Comedia
77,"Ese es el nivel medio de la serie. Lo digo para no crear falsas ilusiones a los fans de Lily Collins (club que fundé yo mismo hace años), cuyo talento aquí es totalmente prescindible hasta el punto qu",oro,Comedia
81,"""Emily en París"" es la típica serie que no te encanta, pero te engancha hasta el final. Esta serie está repleta de clichés sobre los franceses que comienzan siendo graciosos y acaban siendo pesados.De",capital,Comedia
95,"""Emily en París"" es un soplo de aire fresco dentro de la tv actual, una serie que no se toma en serio y que se ríe de los estereotipos tanto americanos como franceses, con un  argumento liviano y fran",capital,Comedia
106,¿Qué tal seriéfilos? Hoy os quiero hablar de esta serie que tenéis disponible en netflix y que nos cuenta la historia de Emily (Lilly Collins ) una joven estadunidense que se muda a Paris para trabaja,oro,Comedia
107,"Comenzaré siendo honesta y reconociendo que no empecé a ver Emily en París con altas expectativas. Tras terminar la cuarta temporada de ""The Crown"", quería ver una serie que no fuera muy larga y algo ",cabo,Comedia
113,"Netflix nos trae un nuevo anime que usa tecnicas por ordenador para la animación, esta vez por cell shading.Podria ser otro mas, pero gracias a que ya he visionado varios me ha hecho darme cuenta que ",cabo,Accion
126,"*Un cómic premiado; una serie realizada con interésThe Umbrella Academy es la adaptación de las novelas gráficas, galardonadas con el prestigioso premio Eisner, escritas por Gerard Way (de la banda My",cabo,Accion
129,Un auténtico bodrio. Una serie de auténticos disparates sin pies ni cabeza. Unos descerebrados personajes que no razonan en ningún momento ni toman ninguna decisión pensada un minuto en el curso de la,curso,Accion
141,"The Umbrella Academy es una serie basada en el cómic de Gerard Way, cantante de la famosa banda My Chemical Romance, y retrata la vida de siete jóvenes con superpoderes y su padre, un genio loco, filá",fuente,Accion
202,"Aunque nada vaya a evitar el habitual, facilón y ya casi populachero linchamiento al bueno de Zack está vez a causa de estos nuevos montajes, hay que decir ¡Bravo!Bravo por no renunciar a su innegocia",clave,Accion
208,"Inestable, la nueva serie cómica de Netflix, y todos sabemos lo que eso significa. Cancelación. Pero no estamos aquí para hablar del futuro de la serie, más bien del presente. ¿Es una buena comedia, o",clave,Comedia
213,"Por lo general, el escepticismo suele invadirme cuando afronto el visionado de proyectos de estas características. Netflix y su relación con los relatos adolescentes, ciertamente, no es algo que me ha",estrella | estrella | linea,Terror
222,"Godzilla Minus One me fascina. No se trata únicamente de un filme de acción desenfrenada sin sentido (como podrían ser sus homónimas americanas), sino que es un drama bélico que nos traslada al Japón ",cabo,Accion
229,"¿Has llegado hasta esta crítica? No sé muy bien cómo. Quizás has hecho como yo, que después de ver la puntuación tan buena de ""Godzilla: menos uno"", tuvieses la curiosidad de saber si eres el único qu",gato,Accion
231,"Conmovedora. Emocionante. Épica. Estamos ante una magnífica fusión de película dramática de posguerra, con cine bélico y películas de monstruos. Parece difícil que de una mezcla tan variopinta y con u",clave,Accion
243,"""Pensándolo bien, este país ha tratado la vida de su gente con demasiado desdén.""Bueno, primera película del año y empezamos bien.Godzilla celebra, a través de esta cinta, los 70 años de la franquicia",linea,Accion
264,"¿A quién debería culpar de las decepciones? A mí mismo. Pues si no me emocionara de al ver buenas notas o ver buenas críticas de una película, no tendría expectativas y si no tengo expectativas, no ex",banco,Accion
268,"""Dime de qué alardeas y te diré de qué careces..."" este viejo adagio nunca falla. La isla del Japón, su machacante supuesto sentido del honor, su cultura milenaria, nos llega como faro cultural de ori",cabo,Accion
286,"Sin complejidades, va muy de frente. Simplemente, es un GRAN guion.  Un GRAN mensaje oculto e inesperado que todos quisiéramos GRITAR a todos los titiriteros del ENGRASADO (con coimas y negociados) SI",banco,Accion
288,"Empecé a ver esta serie con bastante interés y el primer episodio consiguió hacerme creer que estaba ante una serie diferente, con recursos y que se saltaba los estereotipos... Wrong!!!!Élite sólo se ",linea,Drama
298,"Recuerdo en una gala de los Goya como Julián López, Ernesto Sevilla o Joaquín Reyes en una intervención hizo un llamamiento en plan coña para que se contratase a actores jóvenes que se les entendiera ",curso,Drama
302,"""El Big Mac de Netflix: no es la mejor serie del mundo pero devorarás todos sus episodios (...) destaca por su fácil consumo y su entretenimiento práctico.""LOLEl Big Mac de Netflix lo llaman jaja vaya",cabo,Drama
318,"Ya sabemos que la fórmula de Élite no es novedosa, los ingredientes son siempre los mismos: sexo, drogas, alcohol, cuerpos fit, product placement y una buena playlist. Solamente se precisa reajustar l",cabo,Drama
332,Serie entretenidilla en la línea de Física o Química (son los mismos creadores). Ni qué decir que hay sexo y drogas por un tubo así como situaciones en las que los chicos de 16 años en la vida real no,linea,Drama
339,"La primera y la segunda temporada me parecen muy entretenidas, y cumplen con su función de mantener al espectador pegado a la pantalla. He de decir que había algunas escenas en las que me costaba ente",cabo,Drama
340,"La serie es entretenida y engancha el ir sabiendo qué ha pasado y cómo se va resolviendo.En esencia es la versión española de Por Trece Razones, pero con un asesinato (en la primera imagen) en vez de ",clave,Drama
351,"Me veo algo obligado a hacer esta crítica porque la voté en cuanto vi el primer cap y estaba bastante fumado. Como resultado, le puse un 7.Una irresponsabilidad por mi parte (incentivada por las regla",cabo | linea,Drama
365,"He de reconocer que empecé a ver la serie sin ningún tipo de espectativas, pero me animé al ver tantos votos negativos, ya que, cuando éstos se llevan a cabo, es cuando una serie destaca en puntos poc",cabo,Drama
366,"No deja de sorprender la aceptación o rechazo de algunos productos realizados por Netflix, que en casos específicos los proyectos nos son bien vistos en sus países de origen y en el extranjero causan ",clave,Drama
371,Antes de analizar la serie me gustaría hacer un par de consideraciones absolutamente irrelevantes.Élite pretende ser un drama ligero pero los recursos que utiliza a la hora de articular su narrativa l,clave,Drama
396,"Para responder a la pregunta del título, diré que no puedo asegurarlo con ciencia cierta porque el recuerdo de Avatar: La leyenda de Aang (Michael Dante DiMartino, 2005) remonta a mucho tiempo atrás, ",cabo,Aventura
400,"Es una miniserie en que todo parece haber sido hecho por niños o adolescentes, el libreto, la dirección y las actuaciones, todo eso es palpable desde el primer minuto. El humor a menudo resulta forzad",linea,Comedia
418,"Adaptación de un manhwa (que no manga) y cortesía de Corea del Sur, Sweet Home es la nueva serie de Netflix, la cual propone un bizarro cóctel de monstruos, acción y terror. Desde que vi sus primeros ",estrella,Drama
431,"'Sweet Home' es una serie Surcoreana dirigida por Lee Eung-bok, que ya dirigió para la plataforma americana 'Mr. Sunshine' en 2018 con bastante acierto he de decir, y que se basa en el Webtoon homónim",linea,Drama
432,"¿Recuerdas cuando decíamos aquello de ""has visto la peli..."" ""bah, está mejor el libro""? Pues eso. La serie es un nuevo intento de adaptación de un cómic a serie de TV que, como otros, queda en ""inspi",linea,Drama
439,"Visualmente este documental es una pasada. He sentido vértigo en mi sofá. No comparto el jugarse la vida ni por dinero, ni por likes o por fama. Por eso este documental me crea malestar. La gente es d",cabo,Accion
444,"La serie Cobra Kai reinvidica la saga, sobre todo la obra maestra Karate Kid de 1984 que es una película popular y taquillera del director de Rocky con chic@s guap@s y que representa el triunfo final ",cabo,Accion
452,"Vale, lo confieso, solo he visto el primer episodio y esta crítica la escribo en caliente antes de irme a dormir... ¡¿Qué acabo de ver?!  Me he pegado medio episodio con los pelos de punta y con la la",red,Accion
454,"La verdad que estaba bastante reticente cuando me enteré que iba a salir una serie acerca de la mítica ""Karate Kid"". Supongo que era porque pensaba que iba a terminar de mutilar lo que esa infame rema",banco,Accion
460,"*Un inteligente ejercicio de nostalgiaHe de reconocer que cuando tuve conocimiento de la existencia de una secuela en formato serie de Karate Kid, la idea no me sedujo demasiado. Fui de los que crecie",estrella,Accion
468,"Pocas son las ocasiones en las que, resumir de una tacada tres temporadas -15 horas aproximadas- se antoja un ejercicio tan fácil, rápido y cómodo: las dos primeras temporadas homenajearon, inflaron y",linea,Accion
470,"¿Cómo debe ser una serie moderna? ¿Debe ser inclusiva? ¿Woke? ¿Retro? ¿Debe mostrar sexo y violencia descarados? ¿ O debe quizá apelar al corazoncito del espectador? Cada día, las plataformas vomitan ",clave,Accion
474,"Acabo de ver el último capítulo de la 3ª temporada y la verdad es que sé que no se debería escribir en ""caliente"" pero  la verdad es que las sensaciones han sido muy buenas, estoy realmente emocionado",fuente,Accion
487,"Es una pregunta que me hago por varias razones:- Los personajes de la serie son planos, predecibles y poco profundos.- El guión y las premisas centrales de la serie rozan lo absurdo en muchas ocasione",linea | estrella,Accion
492,"Esta serie da lo mejor que puede de si, conserva los personajes  intactos y no solo eso,  los potencia y los humaniza, trayendo  los 80 de oro hasta nuestros  días, obviemos el entrenamiento  en el ca",oro,Accion
493,"Cobra Kai ofrece muchas más cosas de las que se esperaban:- Una revisión adulta e interesante de la primera Karate Kid, dejando a un lado el infantilismo argumental del bueno y el malo y dando un enfo",curso,Accion
494,"Hace unos días, cuando escuché los comentarios por radio, creí que hablaban de una remake china, de Karate kid, como la protagonizada por el hijo de Will Smith y Jackie Chan, porque además no aparecía",radio,Accion
507,"Toda una generación hemos estado marcados por películas como los Gremlins, Willow, Regreso al futuro... y como no, por Karate Kid. Para quienes echábamos de menos el dar cera, pulir cera, podemos reco",linea,Accion
510,"Me habían hablado muy bien de esta serie, pero a ser verdad, no les había hecho caso nunca. No he sido muy fan de las películas de Karate Kid, ni tampoco de todo lo que tenga que ver en relación con e",cabo,Accion
511,"Antes de comenzar Karate Kid de 1984 sera para muchos una obra de culto, pero para mi solo fue una buena película buena con los matices claves de los 80s, que fue bien ejecutado solo para su tiempo. O",clave,Accion
541,"En realidad no responde del todo al género de telenovela, salvo en la lucha de ricos y pobres y en el perfil de la protagonista. Malos malísimos (obviamente los ricos), buenos en principio muy sumisos",clave,Drama
543,"Los países nórdicos y centroeuropeos están resultando ser un buen caladero donde ir a pescar series televisivas más que interesantes. Desde Polonia nos llega esta primera entrega de las nuevas ""chicas",oro,Comedia
550,"Lunes a la noche, invierno en el Río de la Plata.Ella: ¿Y si vemos una peli?Yo: bueno, veamos.Todavía sigo arrepentido de aceptar el convite, así que hago catarsis en FilmAffinity.Uno nunca sabe muy b",plata,Comedia
552,"'Zapeando' por Netflix, me encontré con 'El Campeón'. A favor de esta película, diré que buscaba algún bodrio de sobremesa que hiciera más amena la hora de la siesta. Ya lo intenté con 'Tiburones en e",estrella,Drama
555,"Lo cierto es que el hecho de ser colchonero y ver que la película se basa en la vida de un joven futbolista del equipo y que saldrían muchas escenas relacionadas con el club, fue el motivo que me anim",campo,Drama
556,"Bluff, de verdad que el cine español cuando se pone rollo social, lidiar con la salud mental o historias de superación, consigue sacar la basura más auto-preparada y sencilla que uno haya visto.El Cam",campo,Drama
558,"Carlos Therón nos presenta, en una producción de la gran ""N"", ""El campeón"" drama deportivo y clásica historia de superación de deportista con un don excepcional, pero cabeza completamente desamueblaba",estrella,Drama
565,"Me ha parecido muy interesante, el mensaje que trasmite es maravilloso, se ve muy bien; es amena, colorida,y con unas actrices con una química entre ellas que nos llega.Quien conozca las CONSTELACIONE",cura,Drama
566,"He disfrutado mucho de la serie Vikingos, un producto de muy alta calidad que narra eventos transcurridos en el S. X. Es por eso que, ni bien fue estrenada su continuación, ambientada un siglo más tar",gato,Accion
595,Los aspectos mâs destacables de la serie son su cinematografía y la historiografía que envuelve la trama en la Bogotá de los 70'. Eva es a todas luces aquel espacio umbral que tergiversa los valores i,cabo,Drama
612,"Calificación General: 5.7 / 10""Goyo"" ofrece una exploración conmovedora y a veces desafiante de la vida de un hombre con Asperger que encuentra el amor en circunstancias inesperadas. A continuación, s",clave,Comedia
615,Hay un momento en la vida en el que el recuerdo se convierte en dolor. Ocurre cuando pretendemos traer de vuelta hechos congelados en la memoria para confrontarlos con el presente. Uno tan alejado del,campo,Accion
622,"Esta critica va dirigida a la saga completa, con mención especial a la cuarta película.Debo decir que no era fan acérrimo de este personaje hasta que hace un par de veranos me dio por ver las primeras",oro,Accion
652,"Como dice el título la protagonista es muy mala, sobreactua, no transmite nada al público y encima su personaje es muy línea o y predecible. Se le dio el papel por su amistad con la dirección de la pe",linea,Comedia
653,"Comedia en la que Arantxa Echevarría pretende hacer satirizar (no siempre le sale) la política patria, fusionando las crispaciones ideológicas con otros capítulos como el amor, la amistad o la admirac",sierra,Comedia
655,"¡Arantxa Echevarría promete mucho!, ¡Esta bilbaína es una directora todoterreno!; ¡Lo mismo hace comedias como ""La familia perfecta"" que dramas como ""Carmen y Lola"" o más recientemente ""Chinas""!Ahora,",campo | clave,Comedia
660,"De 'Políticamente incorrectos' no esperaba la cumbre del humor del cine español cuando vi en su momento el tráiler, pero sí que es verdad que tenía un material sobre el que se le podía sacar mucho ren",oro,Comedia
668,"Cuenta la historia de una estrella de cine. Una especie de buscador de emociones, con mucho dinero, bastante soledad y pocas cosas auténticas a su alrededor.  Chris es incapaz de comprometerse... Se h",estrella,Comedia
669,"Dirigida por Richard LaGravenese  y protagonizada por Nicole Kidman, Zack Efron,  Joey King y Kathy Bates.SinopsisUn sorprendente romance desencadena cómicas consecuencias para una joven, su madre y s",estrella,Comedia
675,"Una madre, una hija y el jefe de esta última, una estrella de Hollywood.¿Típico triángulo amoroso? ¿Una especie de remake no declarado de El graduado?Pues la verdad es que no. Sin desvelar nada, lo me",estrella,Comedia
692,"Poco más hay que decir, sin alma y lenta,Si ves un culebrón de esos sudamericanos, estás viendo esta serie en el fondo. Salvo esos nombres tan largos antes de llegar al apellido.No tiene sentido ningu",linea,Drama
699,"Dirigida por Mouly Surya  y protagonizada por Jessica Alba, Mark Webber, Anthony Michael Hall y Gabriel Basso.SinopsisParker, comandante de las Fuerzas Especiales, está en servicio activo en el extran",cabo | linea,Accion
720,Si lo que usted quiere es reflexionar sobre la existencia y su ontología no vea esta serie. Tampoco si quiere estudiar problemática social ni ahondar sobre tiempos históricos o indagar sobre la natura,linea,Drama
728,"Rodrigo Sorogoyen e Isabel Peña, buenos creadores coguionistas habituales que se compenetran como los engranajes de un reloj de precisión, construyen la historia de esta película ""As bestas"" inspiránd",clave,Drama
733,"Hablando en plata, no me temblaría lo más mínimo la voz en decir que estamos ante lo que es la película o una de las películas del año.Rodrigo Sorogoyen, conocido por proyectos como 'El Reino', 'Antid",plata,Drama
738,"""Solo las bestias"", con Denis Ménochet, película francesa de 2019. Ambiente rural.""As bestas"", con Denis Ménochet, película española de 2022. Ambiente rural.Uhmmm...!!!!.Que curioso. Esta misma sensac",campo,Drama
746,"Voy a resumir:Guión fallido, pretencioso. Al fin y al cabo todo está inventado y si no miren Raices Profundas, viene a ser lo mismo pero en Galicia, siglo XXI (o eso creo porque, aunque aparecen model",cabo,Drama
747,"Veo que la propuesta ha sido financiada por entidades e instituciones de alto rango, esto es, Gobierno de España, de Cataluña,, de Francia, RTVE, Canal Plus... vamos, organismos poderosos del Estado y",linea,Drama
751,"Grandiosa y soberbia la nueva película de Rodrigo Sorogoyen (El reino, Antidisturbios). Ojito con este chico madrileño que apunta bien alto, y con esta película se ha considerado ya como uno de los gr",cabo,Drama
752,"Sinceramente, si esta es la mejor o unas de las mejores películas ""españolas"" del año, no me quiero imaginar como serán el resto. A mi me ha parecido una película demasiado larga y muy sobrevalorada.H",clave,Drama
753,Trataré de ser breve porque ya hay 219 reseñas escritas en FA sobre esta película.Coincido plenamente con quienes se mantuvieron pegados a la pantalla durante los primeros 90-95  minutos. El ritmo pau,campo,Drama
763,"ARGUMENTOAntoine y Olga dejaron la vida urbanita que tenían en Francia, y se instalaron en una aldea perdida en un monte de Galicia, para dar rienda suelta a su ecologismo y su espíritu naturista cult",oro,Drama
764,"Antes que nada, aconsejo a aquellos que se dispongan a disfrutar de ésta espectacular película, que no se les ocurra ver antes el documental Santoalla, ya que les destrozaría el factor sorpresa de ést",campo | linea,Drama
780,"Sorogoyen me gusta mucho. As Bestas no.Una propuesta arriesgada, que si bien es de agradecer en los tiempos que corren, no puede huir de lo que inherentemente le juega en contra.Su mayor problema: per",cabo,Drama
781,"Aunque trabajada en la forma, a mí me resulta inconexa en varios puntos. Así, a bote pronto, una vez terminada su visión, a pesar de su desmedida duración, no entiendo el sentido de esa especie de pró",oro,Drama
787,"Basado en historia real, siendo una adaptación de la misma.Un matrimonio francés decide afincarse  en un remoto pueblo gallego. Aunque consiguen trabar amistad con algunas personas, sus vecinos en cam",campo,Drama
800,"No me ha defraudado para nada este último trabajo de Rodrigo Sorogoyen y eso que mi actitud era un poco distante y no estaba dispuesto a todo lo que me quisieran contar, pero ha sido comenzar la pelíc",campo,Drama
803,"21/21(23/01/23) Cautivador thriller rural (con su pero en el tramo final), especie de western hispano (aunque de producción francesa), te atrapa desde su potente inicio, sumergiéndote en una atmósfera",campo,Drama
805,"Película que hace pocas horas que he visto y de la que saco una buena impresión. Mucha imagen, diálogos los precisos, tempo lento pero adecuado, buena puesta en escena y un reparto excelente.El título",campo | campo,Drama
809,"La oferta económica de una empresa energética que quiere instalar una planta eólica plantea un grave conflicto entre los vecinos de una aldea que sí quieren vender su tierra, por un lado, y una pareja",planta,Drama
825,Esta es una historia de pelea y predominio entre bestias. Bestias humanas que viven en la salvaje civilización y harán lo que crean necesario para probar su superioridad y mantener sus principios.Con ,campo | campo,Drama
838,"Redoble de tambores para Rodrigo Sorogoyen que vuelve más fuerte que nunca para presentarnos AS BESTAS, un excelente thriller gallego con aires de western y superioridad cinematográfica impregnada en ",clave,Drama
844,"Lo han vuelto a hacer, el tandem creativo formado por Rodrigo Sorogoyen e Isabel Peña nos regala una película con una historia muy potente y una ejecución cinematográfica excelente.La historia de Anto",clave,Drama
883,"Debo comenzar esta reseña señalando que considero que Rodrigo Sorogoyen quizás sea la piedra angular del cine contemporáneo de este Estado. Existen dos Sorogoyen distintos, uno me apasiona más que el ",cabo,Drama
884,"Leía hace no mucho por Twitter que con tanta producción de ""energía verde"", ""hidrógeno verde"", ""combustibles verdes"" y demás lo único que no iba a quedar verde en poco tiempo serían los montes. No se ",capital | capital,Drama
885,"La gran verdad de la violencia nos ahoga en un abrazo sin escapatoria, que clama la libertad de unos en el final del proyecto inacabado de otros.Sorogoyen apuesta en este, su último largometraje, por ",linea,Drama
894,"Coincido con la valoración general, un 7,8 para una de las mejores películas que he visto este año.En esta cinta Rodrigo Sorogoyen no defrauda, sobre todo cuando el director cuenta con antecedentes co",gato,Drama
904,"Una pareja de franceses viven en una aldea rural de Galicia donde tienen un huerto ecológico y se dedican a vender lo que cultivan, además de arreglar las casas viejas y abandonadas de la aldea con la",campo,Drama
906,"Thriller dramático poderoso y enérgico, cargado de odio, xenofobia, venganza... Una tensión tan densa y palpable que hiela la sangre.Un prodigio rural malsano en casi todo su metraje. Un volcán al bor",capital,Drama
913,"Los que tenemos unos años y, además, somos frikis del cine, recordamos muchas peíiculas con argumento parecido o similar a la de Sorogoyen.El enfrentamiento del mundo rural contra el mundo urbano y, e",campo | campo | campo | campo | campo,Drama
922,"Tras codirigir la excelente miniserie “Antidisturbios” y la entrega “El doble” de Historias para no dormir, Rodrigo Sorogoyen ha vuelto al largometraje después del más que interesante “Madre” con este",campo,Drama
930,"Lo de Sorogoyen no tiene nombre. No se cansa el tipo de hacer películas, series o episodios con los que demostrar una y otra vez que, por derecho propio, es el director nacional más en forma del panor",linea,Drama
932,"Una de las mejores películas del año y, posiblemente, la mejor de su director. Es cierto que su parte final baja mucho en intensidad y ritmo pero el camino hasta ahí es perfecto. Gran parte del mérito",cabo,Drama
940,"Aquí, el problema que tengo para hacer la valoración es la escala, porque a Buena le asigna un 7; número que en cualquier otro lado significa Notable, y yo creo que Notable no es, es simplemente Buena",campo,Drama
952,"Esta película española, exhibida en Cannes y premiada en San Sebastián, está considerada como una de las mejores del año en la península ibérica. Dirigida por Rodrigo Sorogoyen, cuenta con 17 nominaci",fuente,Drama
954,"*Lugareños versus foráneosEn As bestas se presenta un dilema. ¿Quién posee mas derecho sobre la tierra? ¿Quién ha nacido en ella, aunque desee partir en busca de mejores condiciones? o ¿Quién se ha in",campo,Drama
986,"Voy a ser breve.Sweet Tooth es una pasable serie de aventuras que puede pasar desapercibida por cualquiera, niños con mutaciones animales denominados híbridos que nacen posterior a una pandemia viral ",curso,Aventura
988,La primer temporada consta de 8 capítulos que fueron rodados en su mayoría en Nueva Zelanda lugar de  hermosos paisajes naturales lo que nos brinda un deleite visual. Robert Downey Jr. junto a su espo,cura | cura,Aventura
992,A ver la serie no está mal pero tampoco es como para tirar cohetes. Creo que gusta tanto a la gente porque va de un tema de máxima actualidad.Es una serie de Ciencia Ficción con escenarios postapocalí,cura,Aventura
1000,"Para echar un rato riéndote de tantas chorradas.Comencemos por lo básico, que es que haya un tiburón en el Sena. Normal que los (las) ecologistas quieran sacarlo de ahí, con la contaminación que hay, ",cabo,Accion
1051,"''Ni una más'', por lo que puede ganar al espectador que tiene la sensibilidad necesaria para entenderlo, es porque presenta el gris de una temática cuyo color se vive en blanco y negro, el consentimi",sierra | linea,Drama
1060,"*Todo santo tiene un pasado…Tras la sorpresiva desaparición del hijo de un narcisista y alcohólico titiritero (Benedict Cumberbatch) y una entregada madre (Gaby Hoffmann), hará que todo un equipo coma",red,Drama
1065,Una serie que te atrae por el protagonismo del siempre eficaz actor Benedict Cumberbatch. Transcurre en NYC en tiempos que recuerdan el ambiente peligroso en las calles de Taxi Driver. Demasiados fren,oro,Drama
1069,"Amable comedia con ligeros toques románticos y dramáticos. Con un comienzo que puede hacer que tu escepticismo se manifieste, resulta fácil de seguir y digerir, si optas por continuar con el visionado",estrella | oro,Comedia
1070,"Pésima es decir poco.Las escenas de acción, con ver la inicial, te haces una idea, que parece rodada por unos aficionados, que solo les falta reírse, el guion es de chiste, y es lo mejor que se puede ",linea,Accion
1074,"Una joven llamada Monika Bogucka (Zofia Jastrzebska) es encontrada muerta en una playa de Triciudad en la parte polaca del Golfo de Gdansk, tras encontrar al supuesto culpable de forma muy sencilla, L",linea,Drama
1077,"Lo mejor de esta pelicula son sus críticas, y el galardón a la mejor crítica se lo doy a Rafael Sanchez de Esquire que comenta entre otras cosas muy divertidas como esta película es ""mala pero no abur",clave,Accion
1078,"Como ya es habitual en nuestra amiga J.Lo, aquí presentamos otra obra que parece extraída de los archivos de películas de serie B de los años 80, donde el guión y la dirección se centraban en resaltar",linea,Accion
1082,"No destaca nada de nada.Ni guion, ni fotografía, ni mucho menos Jennifer López.Es cierto, como ha comentado la crítica, si vas al aseo y dejas la película de fondo, cuando vuelves no hechas nada de me",linea,Accion
1088,"Una cinta que acaba siendo una colección de tópicos y lugares comunes dentro de la ciencia ficción pero que ni siquiera parece tomarse el género con un mínimo de rigor o seriedad, y acaba regurgitando",estrella,Accion
1096,"Dirigida por Brad Peyton y protagonizada por Jennifer Lopez, Simu Liu, Sterling K. Brown y Mark Strong.SinopsisUna analista de inteligencia se queda varada en un planeta lejano y debe aprender a utili",estrella,Accion
1100,"Mucho hype tenia por esta peli, aunque me olía que la participación de Lopez me haría arrepentirme, y vamos que así fue, se la pasa quejándose y soltando tacos toda la puñetera película.Es una mala co",oro,Accion
1109,"Amblin Entertainment, Colin Trevorrow, Frank Marshall, Steven Spielberg, o quien sea en Universal y en Netflix, se niegan a dejar descansar su gallina de los huevos de oro.¿Y para qué nos vamos a enga",oro | oro,Aventura
1120,"Tiene un arranque espectacular con unas espectaculares escenas de acción, eso si los personajes son muy estereotipados y un poco de cartón piedra   como suele pasar en el cine asiático más comercial. ",linea,Accion
1124,"Hoy vamos a ver cómo preparar un simple blockbuster al estilo reality asiático. Delicioso para todos los verdaderamente amantes de la sobreactuación, los personajes estereotipados y la degeneración de",clave,Terror
1125,Las comparaciones casi siempre son odiosas. Me pregunto que hubiese ocurrido de haber sido al revés. ¿Qué hubiese pasado si “El Juego del Calamar” se hubiese estrenado después de “The 8 Show”? ¿Se la ,curso,Terror
1142,"Un hábil secuestrador, luego resulta ser muy torpe a la hora de custodiar a los niños  secuestrados. Pero no solo eso, los secuestrados son un niño de unos 10 años y una niña de unos 12, ¡¡pues no va ",planta,Terror
1157,"La mitología griega siempre ha sido una inagotable fuente de inspiración, pero no siempre (digamos, más bien: prácticamente nunca) se han hecho series o películas que realmente hagan justicia a estas ",fuente,Accion
1166,"Una periodista, un podcaster y una novata viajan a un lugar remoto de Irlanda para indagar sobre unas misteriosas desapariciones ocurridas décadas atrás; los hechos demostrarán que el caso está más vi",oro,Comedia
1176,"Imagínate mezclar en una batidora ‘’Los increíbles’’ de Pixar, ‘’Parásitos’’ de Bong Joon-ho y un ligero toque de ‘’Un asunto de familia’’ de Hirokazu Koreeda. Cuando la mezcla adquiera una textura de",vela,Drama
1183,"Una esforzadísima película, de una factura asombrosamente veraz en lo técnico y en lo visual. Vivimos en un mundo en el que buena parte de lo que vemos en el cine es digital, es pura mentira impostada",linea,Aventura
1186,"VALLE DE SOMBRAS viene a realizarnos un paseo de senderismo sin movernos de las butacas, y lo hace con tintes españoles.Salvador Calvo dirige este drama con tintes de crimen y aventura liderado por Mi",cabo,Aventura
1214,"Miniserie de Netflix dirigida por David E. Kelley y basada en una novela de Tom Wolfe, ""Todo un hombre"" es una ácida crítica sobre las relaciones personales y laborables entre la gente de dinero centr",banco,Drama
1223,*La adopción que no debió serEl caso Asunta se sirve de un cruento y muy famoso hecho real para armar una efectiva y vibrante true crime. El 21 de septiembre de 2013 dos padres denunciaban la separaci,raton,Drama
1225,"Adaptación en ficción de un caso real que conmocionó a  España a finales de 2013. Conmocionó por las características del caso, entre ellas, lo inesperado del perfil de la madre y su pareja. Su extracc",linea,Drama
1226,"Hay casos que, cuanto más miras, menos entiendes. Los medios presentan un relato diáfano, un rompecabezas resuelto; la realidad deja cabos sueltos, lagunas, piezas que no encajan, declaraciones de tes",clave,Drama
1230,"La verdad es que me ha sorprendido muy agradablemente esta serie. Empecé a verla como si de un crimen real más se tratara, con su morbillo y tal, y no ha sido así exactamente.El caso ya de por sí se s",estrella,Drama
1242,"Tal y como sucede con ""El cuerpo en llamas"", nos encontramos con otro producto true crime español servido en bandeja de plata para el deleite del público mainstream dispuesto a consumir (casi) cualqui",plata,Drama
1246,"Serie de moda, que parece concitar muchos aplausos, pero que a mí se me ha hecho aburrida. Realmente no nos cuenta nada que no supiéramos ya de un caso que tuvo tanta repercusión mediática, y no da pr",clave,Drama
1260,"188/12(12/07/24) Tras terminar de ver esta serie tv (6 episodios) Netflix true crime española avalada por alabanzas, mi veredicto es de producción sobre valorada, entretenidilla, pero con taras notori",cabo,Drama
1269,"La tal  Candela Peña es de pena. El Javier Gutiérrez parece que siga con su papel en Torrente. Dónde se ha visto un juez tan macarra, prepotente, fumando en dependencias oficiales, hablando con el móv",clave,Drama
1287,Zack Snyder vuelve a la carga para presentar la continuación lógica y poco deseada de su nuevo universo. Rebel Moon es como una de las tantas bombas que detonan en su espectáculo: una explosión cuya c,columna,Accion
1295,"Dirigida por Zack Snyder y protagonizada por Sofia Boutella, Ed Skrein, Djimon Hounsou, Michiel Huisman, Bae Doona y Ray Fisher.SinopsisLos rebeldes se preparan para luchar contra Mundo madre mientras",linea,Accion
1300,"Siento no poder hacer una critica de la película en condiciones puesto que no conseguí terminar, existe un momento que el tiempo invertido es suficiente como para que deba terminar de verla... algún d",campo,Accion
1304,"Pues eso, al igual que la 1ª, otra Imitación barata de SW o similares, con efectos aceptables y actuaciones pasables para este tipo de películas. Eso sí, siguiendo la línea de la 1ª y la tendencia act",linea,Accion
1324,"Probablemente es la cantante que más tirón tiene en la actualidad, sobre todo entre las adolescentes y preadolescentes, lo digo por mi sobrina, que la oye hasta en la sopa. A Aitana le ha picado el gu",oro,Comedia
1333,"El pájaro loco ha sido un personaje que siempre me ha hecho gracia, al menos en sus series animadas, aquí no.Todo es exageradamente ridículo, destinada a un público infantil, pero muy infantil. La tra",oro,Aventura
1337,"La trama nos presenta a Lale Kiran, la ‘reina’ del rating noticiario de un canal nacional de renombre y en consecuencia, el ente aspiracional de una jovencita estudiante de comunicaciones que termina ",linea,Drama
1351,"Comencé a ver la serie con las expectativas de ver algo totalmente distendido, fresco y absurdo y de repente terminé llorando a moco tendido por el drama y las escenas tan fuertes que nos presentan ac",oro,Comedia
1352,"Creada por Richard Gadd y dirigida por Weronika Tofilska y Josephine Bornebusch e interpretada por Richard Gadd, Jessica Gunning, Nava Mau y Tom Goodman-Hill.SinopsisCuando un cómico en apuros tiene u",clave,Comedia
1358,"Que cantidad de emociones, de sentimientos, de buenas interpretaciones.....contenidas en sólo siete cortos capítulos. Por supuesto me la he visto en una tarde. Y es que el guión de esta pequeña maravi",clave,Comedia
1369,"De vez en cuando sucede. Antes pasaba más a menudo pero, en la actualidad, es la excepción a la regla. Parece que Gadd tenía algo para decir. Quizás su ""basado en una historia real"" sea cierto en part",linea,Comedia
1379,"Si, una vez más caí en las tendencias, no es que sea algo malo, pero soy medio salmón. Por suerte esta vez no me pasó de comerme un bodrio, me encontré con una serie interesante que toca el tema de la",clave,Comedia
1389,"Definitivamente, «Mi reno de peluche» es una de las (mini) series más inquietantes en mucho tiempo. Sórdida y feísta a machamartillo, combina comedia —cierto que negra como el betún— y terror psicológ",clave,Comedia
1393,"Refleja muy bien el ambiente sórdido y deprimente de un hombre inseguro, completamente perdido en la vida, sin autoestima ni recursos para vivir dignamente. Eso influye en la vulnerabilidad del person",curso,Comedia
1397,"Miniserie de Netflix basada en hechos reales que aborda de forma desgarradora temas tan controvertidos como el acoso, los abusos sexuales, la falta de amor propio, la manipulación y los diferentes tra",cabo,Comedia
1399,"Creo que esta miniserie habla sobre todo de la empatía y como esta puede llegar a joderte la vida si no eres capaz de gestionarla en su justa medida.Me daba mucha pereza ver esta serie por su reseña, ",gato | linea,Comedia
1400,"Todo el mundo está hablando de Mi reno de peluche (Babt Reindeer), y claro, al final como un borrego, me he apuntado a la fiesta, pero no sólo porque la crítica y el público se hayan enamorado de ella",clave | oro,Comedia
1429,"Cómo saben me gusta ver películas y series de varios países, no quedarme tan solo con Usa o mi querida Argentina. Cuando apareció esta serie en el catálogo de Netflix me pareció interesante ver una se",clave,Drama
1430,"Los secuestros aéreos suelen resultar muy jugosos, toda una experiencia; a la lógica inquietud por el hecho de estar en el aire se le suma el peligro cierto de que te peguen un tiro. Esta excelente pr",linea,Drama
1436,"*Prometedor inicioDespués de su debut cinematográfico con “Cerdita”, muchos esperaban con ganas la segunda película de Carlota Pereda. Por eso, las expectativas en torno a La ermita eran altas y lo qu",corona | gato,Drama
1438,CERDITA no me pareció el gran debut que muchos quisieron vendernos pero tenía cierta frescura y originalidad. Se notaba el presupuesto escaso y eso la hacía más valiosa de lo que era. Ahora se han caí,linea,Drama
1440,"Empodero ciertas fibras que me conmueven cuando conozco historias sobrenaturales, ciertamente terroríficas, pero eso no significa que sean del género de terror. En ellas hay mucho de lo que aprender, ",campo,Drama
1442,"La directora madrileña Carlota Pereda afronta sin ningún pudor una historia del cine fantástico, envuelta  en lo ancestral de la cultura vasca, en la que se entremezcla con el dramatismo personal y la",cabo | cabo | vela,Drama
1447,"Llega Parasyte: Los grises. Adaptación de un manga con el mismo nombre.Luego de una caída de esporas, diversos organismos parasitarios se filtran entre los seres humanos, tomando anfitriones en los qu",gato | raton,Ciencia Ficcion
1453,"Dirigida por Philip Martin (The Crown) y protagonizada por Gillian Anderson, Keeley Hawes, Billie Piper, Rufus Sewell y Romola Garai.Sinopsis:Cómo la BBC obtuvo la explosiva entrevista con el Príncipe",linea,Drama
1454,"A todos aquellos fans de The Crown que esperabais como yo con muchas ganas este film, lamento informaros de que pese a tener en la silla del director a Philip Martin, responsable de la mayoría de capí",corona,Drama
1455,"La película muestra cómo un programa periodístico de la BBC gestionó y produjo en 2019 una entrevista exclusiva con el príncipe Andrew, el desarrollo de esa entrevista y sus consecuencias, ya que el h",estrella | corona | corona,Drama
1458,"Makoto Shinkai es el director de la muy interesante ""Your Name"", una película que me hizo abrigar esperanzas de que alguien tomase el relevo del estudio Ghibli tras la anunciada retirada de sus dos pr",corona,Aventura
1463,"Vi esta película habiendo visto “Your Name”( film estrella del director) ,y he de decir que aunque esta película me pareció que tenia un arte muy bonito y único, me parece unos escalones por debajo de",estrella,Aventura
1465,"En primer lugar, el director explora otra vez los desastres naturales teniendo la base real de que Japón ha sufrido muchos, así como el ocurrido en 2011. En este caso, ha descendido: En 'Your Name' er",gato | gato,Aventura
1467,Soy una gran admiradora de toda la trayectoria cinematográfica de Shinkai. Nunca seré capaz de explicar lo que siento al ver una obra suya. Es como recibir una caricia al alma. Es mágico. Estoy segura,linea,Aventura
1469,"La llave que abre las puertas de nuestra vida. A nuestro pasado o a nuestro futuro, y esa acción, determinante, puede marcar para siempre no sólo el propio, sino también el ajeno, el colectivo, de aqu",gato,Aventura
1472,"Hay momentos definitorios siempre en la vida, que marcan un punto de inflexión en los personajes, que los conduce hacia la odisea que será clave en sus vidas, pero siempre deben cruzar un umbral de un",clave,Aventura
1474,Puede que 2023 termine siendo uno de los mejores años para la animación en mucho tiempo. No sólo Illumination Entertainment rompió records absolutos con “The Super Mario Bros”. Movie. También resulta ,clave | gato,Aventura
1480,"Nueva película de Makoto Shinkai, el cineasta que me fascinó con su película «Your name» (https://keizzine.wordpress.com/2017/04/16/your-name-kimi-no-na-wa/) hace seis años, y que se ganó el derecho a",gato,Aventura
1487,"Aquí tenemos una hermosa película de animación japonesa que nos narra la increíble experiencia de Suzume, una chica de 17 años que por cosas del destino acaba siendo la heroína de Japón, aunque prácti",gato,Aventura
1490,"Una chica llamada Suzume se cruza con un chico guapo que busca puertas en ruinas y sitios abandonados, que resulta que son portales a otra dimensión. Él las cierra para evitar catástrofes chungas, y e",gato | gato,Aventura
1496,"Si bien me faltan un par de episodios para terminarla, esta serie es de lo mejor que he visto en lo que llevamos de año. Cuando era jovenzuelo me leí un par de novelas de Patricia Highsmith de la seri",estrella,Terror
1503,"Resulta curioso: el señor Ripley es un impostor al que parece no importarle nadie más que él mismo, careciendo por completo de simpatía y empatía... Sin embargo, a medida que avanza la historia, uno t",gato,Terror
1517,"Pocas veces se tiene la posibilidad de disfrutar de una serie como esta.Estoy seguro que Zaillian ha visto mucho cine europeo, al menos yo he visto cine de Malle, de Clouzot y sobre todo en el capitul",copa,Terror
1520,"La serie ‘Ripley’ de Netflix, basada en la novela ‘El talento de Mr. Ripley’ de Patricia Highsmith, es una producción que destaca por su meticulosa atención al detalle, tanto en su narrativa visual co",linea,Terror
1526,"Si, de acuerdo con la mayoría de los críticos especializados y no tanto, es una serie que se sale de la norma, el hecho de estar rodada en blanco y negro, recuerda al gran cineasta Fellini, desde lueg",gato,Terror
1528,"Debo confesar que me dispuse a ver la serie sin haber leído los libros de Patricia Highsmith, ni tampoco haber visto las películas basadas en esas novelas. Quizá eso haya contribuido a una mejor aprec",clave,Terror
1529,"Steven Zaillian lo hizo de nuevo.Ocho años se demoró en adaptar ""Ripley""  después de la entrega de la mejor miniserie de todos los tiempos ""The night of"" del 2016.  Nuevamente Zaillian deja en las man",gato,Terror
1532,"198/20(22/07/24) Notable miniserie estadounidense de suspenso psicológico neo-noir creada, escrita y dirigida por Steven Zaillian, basada en la (famosa novela) novela policíaca de Patricia Highsmith d",raton | gato | gato,Terror
1536,"Debo admitir un prejuicio propio y rayano con la ignorancia antes de comenzar: Cuando Netflix estrenó la miniserie pensé anticipadamente: “Este tema ya lo agotaron en cine, es una historia de ficción ",estrella,Terror
1543,"He terminado la de Ripley y no me ha acabado de entusiasmar como a la mayoría. Tampoco me ha dejado indiferente y eso es bueno. Lo que si está claro es que es una serie que no es fácil, arriesga, exig",gato,Terror
1544,"Con una fotografía fantástica, soberbia.. La serie falla en algo sustancial; los contrastes de los personajes... Que delimita personalidades  enriquece aún más la trama... Acá la aclamada novela de P.",linea,Terror
1547,"Se estrenó en Netflix a inicio de abril este proyecto creado, escrito y dirigido por Steven Zaillian, creador de la miniserie “The night of”. Se trata d la adaptación de la serie de novelas de Patrici",red,Terror
1548,"Una serie muy lograda pero con cosillas que aunque gusten, para mí la empeoran. La mayoría lo tendré que decir en la zona spoiler, pero vamos....Resalto aquí la más importante, que no es otra que la d",campo | gato | gato | gato,Terror
1553,"Me habían dicho que esta miniserie venía precedida de buenos comentarios, así que decidí sumergirme en ella, sin conocer nada sobre el personaje, ya que no he leído ninguna de las novelas de Patricia ",linea,Terror
1560,"Estoy un poco perdido con esta historia, se supone que viene a representar un gris relato de amor que surge a raíz de una traumática infancia en un orfanato dirigido por una mujer malvada.Al igual que",clave,Drama
1569,"Netflix ha pillado un clásico del cine francés, lo ha pasado por el filtro de la mediocridad, y ha vomitado una insulta y tópica película de acción, que pierde todas las virtudes de la original, aunqu",clave,Accion
1572,"Empecemos por el principio. Lo único que esta película tiene de remake es el título. Todo lo demás está a años luz de lo que Clouzot nos contó en 1953.En estos días he vuelto a las fuentes, he pasado ",campo,Accion
1605,"Sin ánimo de menospreciar o hacerle ascos a esa fuente de enriquecimiento profesional -y sustento económico, supongo- que son los videos para Slayer o Steve Vai -doble de manos de Grohl cuando guitarr",fuente | campo,Comedia
1609,"Cuando uno va hacia una película protagonizada por Foo fighters o, digámoslo, Dave Grohl + compañía, uno sabe que esperar, digamos, una jugarreta nada seria, algo amateur pero divertida. Con esto quis",sierra | estrella,Comedia
1610,"*Hagamos una peli de miedoEn 2021, los Foo Fighters lanzaron al mercado ‘Medicine at Midnight’, su décimo álbum de estudio. Este evento parece haber sido el germen para Studio 666, dónde los component",estrella,Comedia
1617,"Dirigida por John Ridley y protagonizada por Regina King, Lance Reddick y Terrence Howard.El retrato de Shirley Chisholm, un icono político pionero que se convirtió en la primera congresista negra y l",linea,Drama
1621,"La serie sigue la historia de dos períodos temporales principales: durante la Revolución Cultural China y en la época contemporánea. En la primera línea temporal, conocemos a Ye Wenjie, una joven cien",linea,Ciencia Ficcion
1631,"*I want to believeLeí hace no demasiado la primera parte de El problema de los 3 cuerpos, trilogía escrita por el escritor chino de ciencia ficción Cixin Liu. El libro está escrito claramente por un c",cabo,Ciencia Ficcion
1633,"Valga la redundancia, el gran, insalvable problema de «El problema de los tres cuerpos» radica en unas premisas de todo punto absurdas.Me explico.A nadie con unas mínimas nociones de antropología, o d",cabo | campo,Ciencia Ficcion
1641,"Contrariamente a lo esperado, tal vez por una ingenuidad cultivada en la fama que precedía a la serie, me encontré con un mamarracho poblado de errores garrafales, vicios de continuidad, fallas de la ",estrella,Ciencia Ficcion
1645,"Se comenta que los libros son buenos. La cuestión es que, una vez vista la serie no los leeré. No es un drama, mi señora no me mirará con ojos inundados en lágrimas esperando en vano el retorno de mi ",cabo | estrella,Ciencia Ficcion
1649,"Hola a todo el mundo.Esto tiene de ciencia ficción dura (o incluso medio coherente), lo mismo que el final de Los Serrano.Es como Big Band Theory con ínfulas científicas y sin ninguno de sus encantos.",cabo,Ciencia Ficcion
1658,Me encanta la física que hay detrás del juego. Esta super bien llevado a cabo.Está muy logrado. Pero .... después del 3ro ya no. Parece cómo que les hubiera entrado la prisa por acabar la serie y mete,cabo,Ciencia Ficcion
1678,"*Plata o plataDesde la primera secuencia de los 8 episodios (1h aproximadamente) de Mano de hierro, uno nota que es un producto ambicioso: buena fotografía, que captura la inmensidad del puerto de Bar",plata,Accion
1704,"*Cuidado con lo que deseasEl regreso de Lindsay Lohan a la industria cinematográfica de Netflix se ha convertido en todo un hecho con su segundo film. Un deseo irlandés, escrita por Kirsten Hansen, ha",corona,Comedia
1707,"Nugget de pollo es la nueva locura coreana de Netfix, una comedia con un punto de partida hilarante, en el que una joven se convierte en un nugget, y su padre y el chico al que le gusta deben aunar es",oro,Comedia
1710,Productor:- ¿Cuántos minutos de Ester Expósito quieres?.Director:- Sí.Otra más de ladrones en busca de un tesoro. ¿Pero a quién le importa el argumento o qué carajo están buscando los personajes en es,cabo,Accion
1711,"No se dejen llevar por críticas negativas y poco objetivas, Bandidos es una serie entretenida y honesta que te aportará, cuanto menos, un rato de entretenimiento agradable. Hace tiempo que las actrice",red,Accion
1712,"El ""chiste"" que he puesto de título de la crítica es malo, pero es que la serie es mucho peor.Que supongo que la intención de sus creadores era hacer una comedia de aventuras como ""Tras el corazón ver",oro,Accion
1717,"Jóvenes Altezas no es una producción original, ni mucho menos, pero al menos está bien escrita y dirigida, amén de que sus actores lo hacen fenomenal. Parece que el protagonista a pesar de no ser cono",estrella,Drama
1726,"*La serie sueca vuelve a acertarEn las dos temporadas que llevábamos de serie, el estilo y el frescor que nos presentaba Jóvenes Altezas no se había perdido. Y esto perdura en esta tercera y última en",clave,Drama
1730,"Dispersa, aburrida, escasamente creíble... Personajes desdibujados, carece de esas emociones empáticas con las que conectas si están bien ejecutadas.¿Describe un internado de alto nivel? No lo creo.  ",campo,Drama
1740,Dirigida por el español Juan Carlos Fresnadillo (28 Weeks Later) y protagonizada por Millie Bobby Brown (Stranger Things).SinopsisUna obediente damisela acepta casarse con un apuesto príncipe. Pronto ,estrella,Accion
1753,"Damsel, dirigida por Juan Carlos Fresnadillo, nos presenta una reinterpretación del clásico cuento de hadas donde la damsel no es tan damsel y el dragón no es tan fiero. La película, protagonizada por",cabo,Accion
1756,"""Damsel"" nos lleva a un viaje a través de paisajes impresionantes que deslumbran por su belleza natural. La trama, aunque sencilla, logra mantener un equilibrio sólido, ofreciendo una experiencia cine",clave,Accion
1772,"La película es interesante porque han renovado el concepto de princesa en peligro, que siempre espera a un príncipe para ser salvada. Este es el camino. En DAMSEL veo reflejada esa esencia de mujer em",clave,Accion
1777,Ahora que cae un mes de marzo donde se juntan las fiestas religiosas (unas más en teoría que en la práctica) traigo buenas nuevas para los devotos de fraternidad y rivalidades draconianas ('Dragonhear,corona,Accion
1788,"Los Caballeros.Bajo la creación de Guy Ritchie, Netflix nos entrega esta linda historia de gánsters y traiciones envuelta en los géneros de crimen y comedia con un buen elenco encabezado por Theo Jame",cabo,Accion
1792,"A pesar de los numerosos efectos de fanservice que concede la serie y que caricaturiza en exceso algunos de sus protagonistas, para que parezcan penosamente graciosos, debo decir que me divierte todo ",linea,Accion
1799,"Es una auténtica basura, pretende ser divertida y lo que acaba siendo es una escoria de mal gusto, grotesca, ridícula. De tan burdo y vulgar me ha acabado deprimiendo. Solo he podido aguantar el prime",linea,Accion
1826,"Dirigida por el sueco Johan Renck y protagonizada por Adam Sandler y Carey Mulligan.Tras seis meses en una solitaria misión espacial, un astronauta intentar hacer frente a los problemas de su matrimon",estrella,Aventura
1843,"Sí. Ésta es la película de Adam Sandler como un astronauta siendo consolado por una araña gigante que podría estar imaginando o no. O sea, básicamente es “Náufrago” en el espacio, reemplazando a Wilso",banco,Aventura
1845,"Batacazo importante del director Johan Renck, el director de la serie Chernobyl (Miniserie de TV) (2019) que es una obra maestra, el director nos presenta una visión muy particular, aunque ya conocida",linea,Aventura
1868,"Blood & Water, nos traerá la lucha de una familia por recuperar a su hija desaparecida en ciudad del cabo desde hace trece años, una historia conmovedora que explica el funcionamiento de las tramas co",cabo,Drama
1870,"""Blood & Water"" es la serie teen más buena de Netflix. También apta para un público adulto.La serie se desarrolla en una escuela de élite en Cabo Verde, Sud-Africa. El contexto está bien definido. La ",cabo,Drama
1907,"En los primeros episodios se hace evidente que la elección de los actores principales se ha llevado a cabo debido al parecido con los personajes de la serie de animación, algo realmente loable. El pro",cabo | cabo,Accion
1912,Realizar una nueva adaptación en Live Action de una de las mejores series animadas de la historia no resulta una terea sencilla. Tras el fracaso estrepitoso que resultó ser la adaptación de Night Shya,cabo,Accion
1919,"He puntuado la serie con un 7 porque creo que con las 2 siguientes temporadas la serie lo va a merecer, pero en realidad ésta temporada merece un 6.Lo que más me ha sorprendido son los efectos especia",cabo,Accion
1942,"Ayer vi de un saque la miniserie jordana AlRawabi School for Girls, de apenas 6 capítulos. Si bien no es una película, y partiendo de terminología pasolinesca, la ubicaría dentro de la Trigología del ",linea,Drama
1951,"La última vez que vi una película polaca me había llevado una grata sorpresa, era una de esas películas que no le daba ni dos pesos para que esté buena y fue una película bastante divertida, entonces ",clave | plata | clave,Comedia
1958,"Vaya por delante que si lo que es ser una mujer no debe ser decidido por hombres, lo que es ser un hombre tampoco debería acabar siendo un constructo a gusto de las mujeres,  aunque en esas estemos. A",clave,Comedia
1964,"A ver si consigo terminar esta crítica sin recurrir a la abominable palabra que empieza por ""empode"" y termina en ""ramiento"".Yo me he reído muchísimo con la primera temporada de esta serie, lo reconoz",copa,Comedia
1965,"Serie muy fácil de ver, con buenas actuaciones y escenarios agradables. Empieza de manera aceptable y va mejorando a lo largo de los siguientes capítulos hasta provocarte una sonrisa ( o incluso carca",cabo,Comedia
1968,"Aquí están de nuevo, los Machos Alfa, dispuestos a dar guerra mientras el público disfruta de sus desventuras, en una oda a la mediocridad y la masculinidad deconstruida como pocas veces se ha visto. ",clave | oro | clave | oro,Comedia
1975,Un dogma es un punto capital de una doctrina o un sistema de pensamiento que se tiene por cierto y que no puede ponerse en duda dentro del propio sistema.En los últimos años ha habido ciertas ideologí,capital,Comedia
1979,"Es facíl y rápida de ver, sus capítulos cortos( algo de agradecer, en una serie española) .Cómo es normal y natural , la parodia manda con situaciones exageradas y inverosímiles, pero al fin de al cab",cabo,Comedia
1981,"TEMPORADA 1:Comedia con Fele Martínez, Gorka Otxoa, Fernando Gil y Raúl Tejón cuya primera temporada empieza bastante mejor de lo que después termina, yendo claramente decreciendo. El cuarteto protago",linea,Comedia
1985,Se nota la mano de los creadores de “Aquí no hay quien viva” y “La que se avecina” ya que conocen perfectamente que es lo que hace reír al público español. Aunque esta resulta inferior en comparación ,fuente,Comedia
1989,"Cada medio de comunicación que se precie cuenta con un libro de estilo. El País, Radio Televisión Española o El Mundo recogen en el suyo propio un contrato con quienes se informan de él, un código int",radio | linea | cabo,Comedia
1994,"Hay artistas y hay artesanos. Hay arte y hay artesanías. Hay Almodovar y hay Caballero´s. Hay ""La Decadencia del Imperio Americano"" y hay ""Machos Alfa"". Tres episodios -no más que eso- me han sido suf",cabo,Comedia
1997,"Sólo con que la produzca Netflix (que no ha visto ni verá un céntimo mío) muchos ya sabíamos lo que iba a pasar; obviamente no todos, porque hay gente que no se entera de en qué mundo vive. Entras en ",fuente | fuente,Comedia
2011,"*¿Repitiendo fórmula?Para muchos amantes de las series españolas, incluido un servidor, hay ficciones que se han grabado a fuego y, en mi caso al menos, he revisionado repetidas veces a lo largo de es",corona,Comedia
2018,"La paradoja del asesino, producción coreana de Netflix de ocho episodios, y que ha recibido críticas estupendas. Y lo entiendo, porque está rodada de forma impecable, confirmando que los coreanos no t",clave | clave,Comedia
2027,"Dice mucho más que grandes guiones, es una historia de amor que podría ser la de cualquiera, te hace empatizar mucho con el actor en mi caso y la actriz. La banda sonora es un acto clave en esta serie",clave,Comedia
2036,"Netflix, en su línea de convertir en detritus todo lo que toca, nos trae un innecesario remake de la película del año 2008 de mismo título, dirigida por Lone Scherfig y basada en la novela homónima de",linea,Comedia
2044,"Una historia interesante con mecánicas simples y que si entras en ella desde el inicio funciona y hacia el final hasta puede sorprender.La animación no es la mejor que he visto los últimos años, ni mu",cabo,Comedia
2048,"Es una película para niños, pero sorprendentemente reflexiva y con un trasfondo filosófico que la hace muy apropiada para trabajar en un curso de Filosofía para Niños/as.  Más allá de las cuestiones t",curso,Comedia
2052,"En la misma línea malsana de «El Marginal» llega desde Chile «Baby Bandito», una serie con personajes segregados socialmente, en los que la criminalidad va de lleno y fomentada por la ambición, la apa",linea,Accion
2072,"Continúa tres años después de la película ""Concrete Utopia"", una película que se pudo ver en el Festival de Sitges y que se estrenara en cines el 2 de febrero, donde un terremoto destruía completament",oro,Accion
2074,‘’Cazadores en tierra inhóspita’’ es una secuela de la maravillosa e inteligente ‘’Concrete Utopia’’ de la que pudimos disfrutar el pasado 2023 gracias al director Um Tae-hwa. Justamente es eso y no c,curso | estrella,Accion
2080,"Vista la mitad de esta miniserie sobre uno de los más poderosos narcotraficantes de Colombia, puedo asegurar sin duda alguna que estamos ante un producto de calidad.Sofía Vergara se fusiona con un per",clave,Drama
2095,"No conocía a Sofía Vergara y claro, es que no es muy buena actriz (creo yo). Algunos personajes escapan bastante bien, pero la protagonista no da la talla. El 5 es por el vestuario, la iluminación y l",plata,Drama
2097,Voy a intentar hacer una crítica rápida y directa para que os hagáis una idea de lo que vais a encontrar y os lo podáis ahorrar.Nuevamente Kevin Smith antepone su ego a la historia y aunque ha reculad,linea,Accion
2109,"Un especial brillante, sencillo e interesante. Si eres fanático del universo One Piece, esto es para ti. Eiichiro Oda sorprendió con una historia en aquél one-shot de 1994. Acá se le hace justicia a e",oro,Accion
2116,"""Puro cine quinqui del siglo XXI, Casas ha debutado con una película orgánica, tumultuosa y energética, mucha vida y alma hay en su film"" esto lo escribe Pablo Vázquez, y mi pregunta es, ¿En qué se ba",oro,Drama
2139,"No está mal el debut detrás de la cámara del actor Mario Casas. No es un peliculón, por supuesto, y posiblemente tenga más puntos en contra que a favor. Sin embargo,  me parece un debut más que intere",fuente,Drama
2146,"El broche de oro a la inigualable carrera del gran Mario Casas. Buena película, sin fisuras, con excelente reparto e interesante historia, muy por encima de lo que estamos acostumbrados a ver en nuest",oro,Drama
2172,"Dirigida por el gran F. Gary Gray y protagonizada por el grupeto de Kevin Hart, Vincent D'Onofrio, Billy Magnussen, Úrsula Corberó y Gugu Mbatha-Raw.Una banda internacional de atracadores recibe el en",cabo,Accion
2173,"Nos encontramos ante una película que se esfuerza tanto en ser otras al mismo tiempo (fast and furious, oceans eleven, etc) que termina en algo sin personalidad y con cero carisma.Los personajes son h",red,Accion
2174,"Se presenta como una película que, a pesar de sus pretensiones, cae en los estereotipos y clichés de películas similares del género. La trama, centrada en una banda internacional de atracadores que de",linea,Accion
2178,"Lift es una película que intenta ser una versión moderna y divertida de Ocean's Eleven, pero que se queda en un intento fallido y aburrido. La trama gira en torno a un grupo de ladrones de arte que se",oro,Accion
2181,"LIFT: UN ROBO DE PRIMERA CLASE (2024)Dir. F. Gary GrayCon Kevin Hart,Gugu Mbatha-Raw, Vicente D'Onofrio, Úrsula Corberó, Billy Magnussen, Jacob Batalon, Jean Reno, Sam Worthington, Paul Anderson, Vive",cabo,Accion
2183,"¿Qué me dirías si te digo que esta peli va de robos dirigida por el que hizo Italian Job o El negociador y está protagonizada por Kevin Hart, Vincent Donofrio, Ursula Corberó o Jean Renó entre otros? ",oro,Accion
2186,"A ver, ¿pero qué esperaba la gente de algo como Lift?F. Gary Gray es experto en este tipo de cine palomitero, perfecto para disfrutar en el cine en una tarde calurosa de verano (aunque se haya estrena",gato,Accion
2211,"¡¡¡ Bayona !!!Sé que lees las críticas de Filmafinity y esta no será la excepción.En esta crítica vas a leer cosas que ningún otro te ha dicho antes, y unas cuantas que nos repetimos.Por situarte, sé ",clave | sierra,Aventura
2212,El director catalán Juan Antonio Bayona apenas pasada una década del estreno del superproyecto de Lo Imposible vuelve a la carga con Sociedad de la nieve (esta vez con un reparto más humilde pero no p,fuente,Aventura
2218,"Desde siempre me ha sonada como a un cuento popular la historia, tan trágica como milagrosa, de cierto equipo de rugby Uruguayo que fulminados por la desgracia se estrellaron en pleno corazón de los A",cabo,Aventura
2219,"Juan Antonio Bayona nos acaba de regalar una auténtica maravilla de película que podréis ver todos en Netflix en diciembre, y que tengo que mencionar primero de todo, que si tenéis la oportunidad de v",estrella,Aventura
2228,"Bueno, no sé si tiene mucho sentido hacer esta reseña a estas alturas, pero vamos a ello. La sociedad de la nieve es la quinta película del catalán Juan Antonio Bayona, director que a mí, la verdad, m",linea,Aventura
2231,"Unas semanas antes del verano, los medios de comunicación y las redes sociales alertaron a los espectadores de la necesidad de ver Oppenheimer en el cine más espectacular que conociéramos. La explosió",sierra | sierra,Aventura
2245,"Me asomo a vuestras críticas con cierta estupefacción. La cantidad de sobresalientes y de '10' que habéis puesto es un tanto exagerada ¿no? Vaya, como habéis hecho con ""Joker"" o ""The Last of Us"", prod",sierra,Aventura
2255,"¡Viven! la vi con 11 años y dejó una profunda huella en mí; me impactó mucho conocer esa historia, y el hecho de saber que estaba basada en hechos reales.Quise ver esta nueva versión de aquellos mismo",radio,Aventura
2258,"Desde la primera escena, 'La Sociedad de la Nieve' cautiva con su hermosa cinematografía, donde la blancura del entorno refleja metafóricamente la pureza y las complejidades de las relaciones humanas.",clave,Aventura
2262,"Society of the snow está dirigida por J.A. Bayona, quien ya disfruta de 13 nominaciones a los Goya y también al Globo de Oro, lo cual lo coloca como posible para el Oscar a su vez. Tenía miedo, ya que",oro,Aventura
2264,"Más parece que se hubiera estrellado una congregación de Ursulinas en lugar de un equipo de rugby de mozos veinteañeros. Ni una discusión, riña o conflicto en 70 días de tragedia en medio de los Andes",sierra,Aventura
2267,"No quiero recurrir al chiste fácil, pero que frío te deja 'La sociedad de la nieve'. La nueva película de J.A. Bayona coge una historia conocida, la del avión que llevaba a un equipo de rugby uruguayo",sierra,Aventura
2283,"A la casa de mis padres, suscritos desde siempre, llegaba con británica puntualidad la revista Selecciones del Reader´s Digest. Pequeña, colorida y compacta, fue la revista una fuente indispensable de",fuente,Aventura
2285,Vuelve Bayona. El director catalán presenta su nuevo proyecto después de dar el salto a Hollywood rodando la segunda parte de la trilogía Jurassic World o rodando el capítulo piloto de la ambiciosa se,cabo,Aventura
2310,"LA SOCIEDAD DE LA NIEVE (2023)Dir. J.A. BayonaCon Enzo Vogrincic, Agustín Pardella, Andy Pruss, Matías Recalt, Tomás Wolf, Diego Vegezzi, Fernando Contigiani, Esteban Kukuriczka, Valentino Alonso, Fra",estrella,Aventura
2316,"El español Juan Antonio Bayona debe estar obsesionado con los desastres naturales y el cine catástrofe, ¿no?. El director de “Lo imposible” (2012) (que también dirigió la excelente “Un monstruo viene ",radio,Aventura
2322,"Bayona vuelve ha hacer de Bayona.Película técnicamente impecable al que le sobra parafernalia y le falta sutileza y corazón.Tras el visionado, me pregunto por qué re-versionar algo que ya funcionó sin",estrella,Aventura
2326,"... es la que se esfuerzan por generar cada día con más ímpetu desde la mayoría de las instituciones ""culturales"", ""políticas""... pervirtiendo, suplantando, o escondiendo bajo disfraces aparentemente ",gato,Aventura
2327,"Excelente film de Juan A. Bayona, espectacular, sentida, intimista, emotiva, humana.De largo metraje, no cansa en absoluto, siendo muy entretenida e interesante durante todo el metraje.Es sabido que l",sierra,Aventura
2330,"Cuando vas al cine para ver una película de Bayona, acudes ya con la idea de encontrarte con un producto perfeccionista en lo insólito y este de tema tan conocido, no iba a ser distinto después de un ",sierra,Aventura
2331,"Una película no debe buscar solamente la aprobación de la audiencia en base a gustos. Las películas grandes de verdad intentan incomodar, emocionar, interpelar, hacerte explorar cada uno de tus sentid",clave,Aventura
2335,"Hacer una nueva película sobre la tragedia de estos chicos uruguayos y su accidente aéreo podía parecer una redundancia o una nueva película que sale de una historia antigua, ya trillada y contada en ",oro,Aventura
2355,"Sin duda es una película que técnicamente es buenísima, y buena prueba de ello son los 12 Goyas conseguidos en la edición de 2024.Todas las escenas están milimétricamente cuidadas y el resultado es de",clave,Aventura
2357,"Por fin pudimos ver ""La sociedad de la nieve"". Muchos dicen que es una especie de remake de dos películas tituladas ""¡Viven!"" o ""Supervivientes de los Andes"". Algo tiene de esas películas, sin duda. P",sierra,Aventura
2364,"En mi opinión, en comparación con ""¡Viven!"" (""Alive"", F. Marshall, 1993), poco o nada nuevo aporta esta película del, para mi gusto, efectista J. A. Bayona. Es cierto que la puesta en escena y la ambi",plata,Aventura
2366,"Después de venderse como mercenario para Spielberg en la resultona “Jurassic World, El reino caído” (2018) y para Amazon en “El señor de los anillos: Los anillos de poder” (2022), ya iba siendo hora d",sierra,Aventura
2369,"Por fin pude hacer un hueco en mi apretada agenda y me colé en la proyección de la última película de J.A. Bayona. Ante la insistencia de mi hermano de que no podía verla en la televisión, pues no iba",estrella,Aventura
2371,"Aclaro que esta historia me fascinó cuando de adolescente la descubrí en el cine, así que mi agradecimiento a la primera aproximación cinematográfica hace 30 años. Gracias a ella compré el libro y pro",cabo,Aventura
2372,"Hace tiempo que en España tenemos un problema a la hora de enviar las películas que nos representen en los Oscar: los académicos escogen cine muy nuestro, pero sin pensar en lo que están buscando en H",cabo,Aventura
2384,"Juan Antonio Bayona, ahora mismo nuestro director más internacional —digan lo que digan los corifeos de Almodóvar—, parece abonado a las historias de supervivencia en condiciones extremas, caso de «Lo",capital,Aventura
2392,"Dirigida por J.A. Bayona y protagonizada por Enzo Vogrincic, Agustín Pardella, Matías Recalt, Esteban Kukuriczka y Rafael Federman.El vuelo de un equipo de rugby se estrella en un glaciar de los Andes",estrella,Aventura
2407,El grupo de supervivientes de la tragedia de los AndesPrevio paso por cines se ha estrenado en Netflix a inicio de enero el último largometraje coescrito y dirigido por J. A. Bayona después de “Jurass,estrella | oro,Aventura
2412,"La película comienza como una pura fiesta. Se ve a unos jóvenes jugando al rugby. Luego entramos en el vestuario, hay camaradería, el gozo de estar juntos. También la alegría y la ilusión de un equipo",estrella,Aventura
2422,Un viaje a los detalles y crisis que significó caer de una avión en plena cordillera de los Andes es lo que el director español J. A Bayona ofrece este buen film de mucha tensión¿Por qué vemos algo qu,estrella | fuente,Aventura
2435,Muy bien conseguidos los efectos especiales del avión y del alud y la sensación de desamparo e inaccesibilidad del hostil entorno donde se estrella el avión.Bayona consigue reflejar bien el lento paso,estrella,Aventura
2441,"Recuerdo haberme leído de pequeño el libro de Viven e ir al cine a verla.  Y bueno, me encantó.  Salí ""tocao"" de la sala porque es una película dura, si la hubiera visto en casa no habría sido lo mism",estrella,Aventura
2442,"16/16(16/01/24) Emocionante recreación sobre el famoso “Milagro de los Andes”. El episodio (el extraño lo desconozca lo busque en Wikipedia) dio la vuelta al mundo, sigue siendo hoy en día uno de los ",linea | sierra,Aventura
2450,"La Sociedad de la Nieve (2023).""No hay amor más grande que el que da la vida por sus amigos.”Treinta años después de que Frank Marshall diera a conocer al mundo la historia del malogrado equipo de rug",sierra,Aventura
2468,"La sociedad de la nieve, producción española dirigida por J.A Bayona, heredero del cine de Spielberg, y, por lo tanto, uno de nuestros cineastas más ambiciosos y espectaculares, con una filmografía qu",clave | clave,Aventura
2472,"Netflix vuelve a ir a la carga y aterriza en los cines su apuesta para los Oscars, LA SOCIEDAD DE LA NIEVE, un biopic dramático que relata el accidente aéreo del vuelo 571 en la cordillera de los ande",cabo,Aventura
2484,Que a nadie lleve a engaño la ocurrente traducción del título (maldito y bendito sea el perpetrador) ni que la premisa de esta serie sea mostrar las aventuras de un grupo de aventureros en un mundo me,gato,Accion
2495,"Tengo que confesar que no puedo presumir de haber leído ni una sola novela de este Coben (lecturas, por otra parte, que supongo no muy dignas de ser ""presumidas""), por lo cual no tengo conocimientos s",cabo,Drama
2499,"Aparecen cada vez más mini series, sobre todo en Netflix. Esta serie apareció en varias de las cuentas que sigo en Instagram, parecía ser una gran serie con muchos giros interesantes y buen argumento.",plata | plata,Drama
2510,"La primera vez que escuché un especial de Dave me hizo creer que estaba, posiblemente, ante uno de los mejores precursores del Stand Up de los últimos tiempos. Y no me equivocaba, ya que al seguir con",campo,Comedia
2514,"Lamentable producción defecada por Netflix a mayor gloria de Pedro Alonso, quien a los 46 palos alcanzó el estrellato con la sobredimensionada y sobrevalorada ""La casa de papel"", con su carismático Be",oro | estrella,Accion
2518,"Malísima a más no poder. Personajes sobreactuados, trama que no engancha, demasiado centrada en historias que no esperaría en la casa de papel sino en un telefilm de media tarde. Ojalá pudiera “desver",estrella,Accion
2523,Hay que estrujar al máximo el éxito (la pasta) de las anteriores temporadas y esto hace que Netflix y sus creadores se inventen esta serie derivada (spin off) que deja en muy mal lugar a La Casa de Pa,estrella,Accion
2524,"Como puedo empezar a resumir esta serie...Algo que esperaba con muchas ganas, después de la maquinaria perfecta que significó su antecesora pero que conforme iba avanzando la trama en Berlín, iba teni",sierra,Accion
2528,"No se me malinterprete, en términos generales he disfrutado bastante la serie. Me ha dejado mejor sabor de boca que el segundo robo de “La Casa de papel” en su totalidad… pero hay cosas que me han chi",banco | sierra,Accion
2530,"Serie repleta de primeros planos, musiquillas pseudorománticas que me revientan los tímpanos e ilusionismo barato.Trata de imitar la magia y esencia de «La Casa de Papel», y no solo se queda en el int",cabo,Accion
2536,"La voto con un 7 para compensar otros votos, porque creo que es una serie que tiene potencial, el personaje de Berlín está magnífico en ciertos momentos, y podrían salir tramas de robos muy interesant",estrella,Accion
2539,"Entendido este spin-off de 'La Casa de Papel' como un puro entretenimiento, sin intención de parecer realista, de trascender, ni siquiera de dar continuidad a la saga, se engulle mejor este producto '",campo,Accion
2556,"Este año, la saga de videojuegos Pokemon, nos ha brindado con algunas miniseries junto a su serie oficial, en la que hemos tenido desde una serie enfocada en el juego de cartas, ""Pokemon Senda a la ci",cabo,Comedia
2557,"""Pokémon Concierge"" es una miniserie de solo cuatro episodios, producida por The Pokémon Company para Netflix, y la primera serie del animador por stop-motion Iku Ogawa.En ella seguimos las aventuras ",linea,Comedia
2567,*A muchas galaxias de distanciaOdio amar a Zack Snyder. O amo odiarlo. Ni yo mismo lo sé. Cada película del director es una especie de videoclip con una estética de los dos mil de esos que salían en M,estrella,Accion
2575,"Sinceramente, he vivido la película como si fuera un filme de serie B pero que no es serie B porque se nota el dinero por todas partes. Es eso, una peli con mucha imaginería, y sí, toque personal de Z",estrella,Accion
2583,"Kora es una buena moza que cultiva las tierras con su caballo alíen en un fondo de PC de temática espacial que  evocador y mágico por igual, lo hace por la noche y el motivo de esto será misterio de m",curso,Accion
2588,"Con Zack Snyder nunca se sabe.Principalmente porque, últimamente, hay que esperar siempre a las versiones extendidas para entender qué es lo que realmente ha querido hacer o cuál es la verdadera enver",oro | estrella,Accion
2589,"Rebel Moon: a child of fire está dirigida por Zack Snyder, que parece tener crédito en Netflix para llevar a cabo su película en dos partes. Sin embargo, y aunque seguramente la verán muchos espectado",cabo,Accion
2591,"No sé ni por dónde empezar, pero, en fin, empezaremos por el principio. Rebel Moon, nueva película para Netflix del señor Zack Snyder, para mal y para mal, uno de los cineastas más populares y polémic",raton,Accion
2600,Es una de las películas de las que más se ha hablado en los últimos días y no precisamente por nada bueno. Y es que la nueva película de Zack Snyder ha horrorizado a crítica (tiene un 23% en Rotten To,campo,Accion
2615,"Hace más de 40 años -mira, más o menos yo- el director de 'THX 1138' o 'American Graffiti' no pudo hacerse con los derechos cinematográficos de 'Flash Gordon' que terminaron en las garras de un produc",cabo,Accion
2627,"Si eres de los que come pollo todos los días, los sábados tu plan es botellón viendo la sexta noche, cuando juegas al pádel estás más cómodo en el fondo que en la red y el 24 de diciembre eres de los ",red | fuente,Accion
2633,"Increíble lo poco original que es, el mayor interés que tiene seguir viéndola es ver de dónde han copiado y pegado la siguiente referencia, casi de forma literal. Sería tremendamente fácil poner docen",estrella,Accion
2645,"Creo que todo el mundo convendrá conmigo en que, desde su paso por DC, Zack Snyder se ha convertido en un director excesivamente rodeado de polémica. Tanto sus numerosos fans como los no menos numeros",cabo,Accion
2646,"Después de un segundo visionado me veo en la necesidad de modificar mi crítica, y sí, en esta ocasión para mejorar la nota.Reconozco que la primera vez que la vi ya estaba influenciado por las crítica",linea,Accion
2655,"Yo se supone que me tengo que tragar que esto iba a ser Star Wars, mis cojones 33. Rebel Moon es todo lo malo que tiene Star Wars, que junto a varios elementos copiados de otras películas, forman una ",campo | linea,Accion
2678,"“Maestro” era un proyecto que pretendían llevar a acabo tanto Scorsese como Spielberg. Finalmente ambos se han limitado a ser coproductores y la película (producto Netflix), ha sido llevada a cabo por",cabo | estrella | cabo,Drama
2680,"*DespegandoMaestro comienza con un trasnochado Bernstein tocando una pieza al piano grabada en directo para un programa de radio. Al término de la misma, reconoce cuánto sigue echando de menos a su es",radio | estrella,Drama
2684,"Bradley Cooper, popular actor que saboreo las mieles del éxito hace una década, y que hace unos años sorprendió a propios y extraños con su debut como director, Ha nacido una estrella, drama que sirvi",estrella,Drama
2693,"El metraje biopic dirigido, guionizado , y protagonizado por Bradley Cooper,  el cual se  centra  en la vida de Leonard Bernstein, el magistral creador, pianista, director, y compositor, forjador de n",campo,Drama
2694,"De un tiempo a esta parte, Bradley Cooper está obsesionado con la estatuilla dorada y parece que ha volcado esta parte de la carrera a conseguirla. Esfuerzos el muchacho está poniendo de su parte y na",estrella,Drama
2701,"Que Bradley Cooper es un cineasta excepcional es algo incuestionable.Su versión de Ha nacido una estrella tenía todos los números para ser una película del montón, y el protagonista de El lado bueno d",estrella | estrella,Drama
2706,"Maestro está dirigida y además protagonizada por un Bradley Cooper con prótesis en la nariz, algo bastante destacable en su rostro. Por lo demás, lo acompaña una Carey Mulligan siempre interesante. No",oro,Drama
2713,"Maestro es la segunda película dirigida y protagonizada por Bradley Cooper, después de su exitoso debut con Ha nacido una estrella (2018). En esta ocasión, Cooper se mete en la piel del legendario com",estrella | linea,Drama
2716,"Maestro es una muy bien realizada pero algo convencional pelicula biográfica, dirigida y protagonizada por Bradley Cooper en faceta dramática, usando una prótesis de nariz que lo deja irreconocible, p",oro | estrella,Drama
2723,“Maestro” es de aquellas películas biográficas realizadas con mucha calidad que no dejarán contentos a todos los familiares con esa mirada particular de mostrar un genio musical con todas sus imperfec,estrella,Drama
2742,"Pues es buena secuela la verdad. No al nivel de la primera y que tardaron tiempo en sacarla pero no está mal y es de notable pese a lo que ladren. Buena historia, divertida y demás y buena trama de la",linea,Aventura
2749,"La primera película de Chicken Run fue un éxito de taquilla y de crítica, una obra maestra de la animación en plastilina y del humor británico. ¿Qué podía salir mal con una secuela? Pues, por desgraci",oro,Aventura
2757,"Soy una persona de ciencia y siempre me ha parecido importante el por qué de las cosas. Cuando me documento para una novela intento comprender a mis personajes, incluso los que están en mis antípodas ",clave,Terror
2758,"Este documental de Jordi Évole ha suscitado opiniones de toda índole, divergentes en su esencia, oscilando entre quienes lo perciben como una tentativa de redimir tanto al grupo en sí como a Josu Urru",cabo,Terror
2767,He estado un rato reflexionando sobre cómo me había hecho sentir esta entrevista. Lo primero que pensé cuando la estaba viendo es que me había dejado fría por la falta de sinceridad que percibía en la,linea,Terror
2780,"Carol es una serie que puede pasar desapercibida para mucha gente, pero quienes echen un ojo a su primer capítulo estoy seguro la a acabarán. Muestra una situación espeluznante y la multitud de reacci",clave,Comedia
2789,"Basado en una serie de mangas, Yu Yu Hakusho es conocido por su serie anime que marco la infancia de muchos en una época donde el anime tenía una gran relevancia en la televisión. Después de muchos añ",fuente,Accion
2799,"Los críticos profesionales dicen que es una comedia más, con el humor típico, de las plataformas.Sin embargo, a mí me ha gustado porque soy afín a este subgénero de llamémosle comedia ficticia históri",campo,Comedia
2803,"*Influencias e inspiracionesSi hay algo externo que se resalte durante el visionado de Dejar el mundo atrás a la narrativa de la misma, es la clara inspiración del director en las obras de otros grand",linea,Ciencia Ficcion
2811,"Sam Esmail explora varias de las obsesiones con las que ya nos perturbaba en ‘Mr. Robot’: Hackeos a gran escala, dependencia de la tecnología, paranoia, conspiraciones, élites que gobiernan el mundo d",cabo,Ciencia Ficcion
2812,"He estado toda la película pensando en los apurillos económicos que deben estar pasando Julia Roberts, Ethank Hawke y Kevin Bacon para aceptar este trabajo de mierda.A ratos el filme tiene tono de com",cabo,Ciencia Ficcion
2821,"Tremenda pedantería de dos horas que trata de intrigarnos con inexistente argumento, razones o motivos para el más mínimo interés. ""Aburrida"" no empieza a describir el soporífero y perezoso sentimient",curso,Ciencia Ficcion
2822,"¿Qué acabo de ver? Si alguien va a decirme que no la entendí, que encierra un oculto significado social que yo no puedo comprender...no. Entendí el final, pero la película me ha parecido tediosa a más",linea,Ciencia Ficcion
2832,"Al terminar de ver esta película, uno siente que se trata de una más de la larga serie de desaciertos de M. Night Shyamalan, en la línea de ""Después de la Tierra"", ""Viejos"" o ""Llaman a la puerta"". Per",linea,Ciencia Ficcion
2892,"Basada en una novela de Rumaan Alam. Captura la esencia de una época en la que las distopías son factibles. Dirigida por Sam Esmail, creador de la serie Mr. Robot (2015-2019).Por Nicolás BianchiEl nue",campo,Ciencia Ficcion
2897,"Como varias de las películas en boga actuales con características similares (larga duración, muestran poco e imaginan mucho y de un ritmo a veces pausado). Este film muestra como una familia decide ir",campo,Ciencia Ficcion
2908,"Basada en la aclamada novela homónima, esta adaptación cinematográfica no solo captura la esencia del texto original, sino que también lo eleva a nuevas alturas a través de una narrativa visual y sono",campo | linea | clave,Ciencia Ficcion
2920,"Acabada Hilda!La verdad es que me ha gustado bastante. Es una serie muy entrañable, muy imaginativa, con personajes muy carismáticos y una gran cantidad de bichos y folklore variado creado para la oca",campo,Aventura
2939,"A ver, hagamos un inventario de contenidos de lo visto hasta el momento en lo que, espero, sea una demostración de intenciones y no un simple episodio piloto de cebo captagarrulos ávidos de vicio como",oro,Accion
2952,"Últimamente las series nórdicas me están aburriendo. Tuvo sus buenas secuencias, pero no me gustó como resolvieron ciertas cosas. Los personajes que más aparecen son los padres de la chica, y me cayer",cabo,Drama
2953,"Entretiene y mucho la miniserie en la acertada cantidad de 6 episodios, una duración no muy exagerada en la cual se van  planteando con cierta morosidad pero sin aburrir en ningún momento el desarroll",linea,Drama
2956,"Esta miniserie empieza bastante bien, mostrándonos un suceso que tendrá un gran impacto en una pequeña familia de tres miembros (padre,madre e hija), una familia bastante normal en apariencia, pero qu",cabo | clave,Drama
2964,"Previsible, película del estudiante de cine donde el ruido de la gotita de agua cayendo parece que la enaltece porque alguien de la Nouvelle Vague lo hizo, constantes guiños políticos, minutos de dura",plata,Drama
2973,La nueva propuesta de Fernando Frías de la Parra sobre la novela homónima de Juan Pablo Villalobos (ortónimo del personaje protagonista de la película) plantea una cuestión curiosa: el divertimento qu,red,Comedia
2982,"Película cargada de buenas intenciones pero aburrida como ella sola, con la típica animación de las que tantas veces nos ahogan últimamente, con personajes humanos y/o animales que huelen más a serie ",cabo,Comedia
3007,"Ya tuvimos una excelente adaptación de Scott Pilgrim en acción real, la cual es reconocida porque supo captar la esencia de la obra y trasladarla a un nuevo medio. La serie con la que nos encontramos ",linea,Accion
3010,"He visto la miniserie... Scott Pilgrim da el salto...https://www.filmaffinity.com/es/film874065.htmlUn 7. No conozco el cómic, sólo la película. Y la historia que cuenta el anime me ha gustado más que",cabo,Accion
3013,"Seré sincero, justo ahora estoy iniciando la franquicia de Scott pilgrim, de ahí que no tenga conocimiento alguno sobre la película o la novela gráfica, sin embargo hablo claro cuando digo que eso no ",linea,Accion
3016,"BAYARD RUSTIN fue un activista afroamericano que realizó numerosas aportaciones de gran calado contra el racismo y en favor de los derechos civiles, al igual que en favor de los derechos de los homose",cabo,Drama
3017,"Dirigida por George C. Wolfe y protagonizada por Colman Domingo, Chris Rock, Aml Ameen y Glynn Turman.Netflix nos ofrece un nuevo estreno y viene de la mano de un biopic de Bayard Rustin activista y e",linea | linea,Drama
3027,"Esta miniserie de Caro ha conseguido algo que hacía mucho que no experimentaba: que mire la televisión directamente durante todo el episodio, sin desviar la vista constantemente al móvil mientras me p",linea,Drama
3028,Lo peor que puede decirse de una serie es que lo que cuente carezca de interés y más de la mitad de sus personajes estén de sobra. “Sagrada familia” demuestra que la época dorada de las series ha pasa,cabo,Drama
3048,"Sagrada Familia es un thriller de intriga que mezcla muchos géneros como el drama, algo de comedia, incluso el surrealismo. Me he visto los ocho capítulos del tirón, ya os podéis imaginar lo adictiva ",cabo,Drama
3064,"No suele pasarme, pero en ocasiones ocurre. Un producto de valor y riqueza cinematográficos, ya sea en formato serie -pues ni qué decir que las series hoy se comen al cine- o propiamente película, de ",corona,Drama
3070,"Continuando la tradición de series británicas dedicadas a la Corona y a la aristocracia británica, con Downton Abbey (2010-2015) primero y Victoria (2016) después, la plataforma por excelencia de las ",corona | corona,Drama
3074,"The Crown es una digna serie británica, la elegancia, la finura y la pertinencia en su guión se ve reflejada dentro de los 10 capítulos (primera temporada).Nos narra los inicios de la reina Isabel II,",clave,Drama
3079,"No siempre un presupuesto elevado (en este caso mucho) lleva aparejado la excelencia artística. Afortunadamente los cinco millones por capítulo de  ""The Crown"" han rendido cuentas en un producto de un",corona | copa | capital,Drama
3082,"The CrownHe disfrutado lo indecible y más con esta maravillosa serie que Netflix ofrece a sus abonados. Las tres temporadas de “The Crown” son, literalmente, un verdadero festín para todos aquellos ci",linea | plata,Drama
3088,"'The crown' es, posiblemente, la mejor serie incluida en todo el catálogo de Netflix sin exagerar un ápice. Una producción fastuosa donde el escenario repleto de lujos, palacios y ostentación, habla p",clave,Drama
3089,"Me decido a votar esta serie tras haberla visto antes de ser la gran triunfadora, junto con la de O.J. Simpson, en los último Globos de Oro. Sin duda, formalmente tiene todas las virtudes de una serie",oro | oro,Drama
3091,"Puede que no tenga detrás el número de fans que Juego de Tronos, Westworld, House of Cards o Stranger Things, pero no tiene nada que envidiar a ninguna de estas series (por no decir que bajo mi punto ",corona,Drama
3092,The Crown es la serie que narra como la reina Isabel de Inglaterra llega a su puesto y cómo es reinar a partir de entonces durante la época de mediados del siglo XX. En línea con el cine más intimista,linea,Drama
3095,"""Sólo habrá hecho pedazos si lo decimos. Así funciona la monarquía. Tapamos a los agujeros"". La tercera temporada de The Crown es una obra audiovisual magnífica que consolida la calidad de una de las ",estrella,Drama
3096,"Como agua de mayo espero una nueva temporada de ésta gran serie, que nos narra la historia de la Reina Isabel II.En ésta cuarta temporada, nos cuenta el reinado de Isabel II durante los años 80, donde",corona,Drama
3098,"Muy muy inglesa, pero de inglés RP, no del de untar un hash brown en salsa HP y ser antipático como un barbarismo cultural más porque yo lo valgo. Es la mejor novela histórica que se podría haber hech",corona,Drama
3099,"Después de seis temporadas tengo que decir que estamos ante una de las mejores series históricas de los últimos años y de Netflix nada menos, lo que tiene más mérito aún.A lo largo de las seis tempora",corona,Drama
3100,"Imaginemos que el recorrido por la historia de ""Cuéntame cómo pasó"" y el elitismo de la nobleza de ""Downton Abbey"" se fusionaran, el resultado podría ser la serie que nos ocupa, con el añadido de que ",corona,Drama
3103,"Serie de 6 temporadas sobre la vida de la Reina Isabel que, en su conjunto, ha resultado muy notable.TEMPORADA 1: Interesante primera temporada sobre la monarquía británica desde el reinado de Jorge V",linea,Drama
3106,"The Crown era un proyecto tremendamente ambicioso desde sus inicios. Tanto por la escala como por lo que implicaba: sumergirse en una de las figuras más icónicas de la historia británica y mundial, y ",oro,Drama
3109,Excelente serie con brillantes actores que dan vida a unos personajes complejos y que a la vez son como el último suspiro de la monarquía europea en todo su esplendor decadente. Una historia llena de ,corona,Drama
3119,"La escenografía, vestuario y los actores llevan adelante una sería que en mi opinión carece atracción.Cuando lo hechos históricos le pueden elevar el interés de la serie, queda todo eclipsados por los",corona,Drama
3120,"De factura impecable, actuaciones excelentes y una producción cuidada, siempre nos quedamos con gusto a poco al final de cada temporada. Quizás se le pueda reprochar que algunos eventos no los cuenten",estrella | corona,Drama
3121,"El hecho de que los avatares de la corona británica hayan sido siempre un filón para cualquier guionista, alcanza todo su sentido en esta ambiciosa y cuidada apuesta de Netflix. “The Crow” ha estado e",corona | oro,Drama
3122,"Un retrato formidable que no se corta un pelo en retratar a los miembros de la realeza británica como una poderosa mafia, (en Inglaterra coloquialmente se refieren a ellos como ""The Firm"") capaz de ma",red,Drama
3123,"Vaya por delante: a mí siempre me ha sugestionado la tradición británica de conservar las protocolarias costumbres de la Corona, con su boato e  inmutables formas, tan importantes en cualquier Estado ",corona | corona | plata | corona | corona,Drama
3124,"Despues de cinco temporadas y a pesar de que conocemos los hechos históricos, la serie sigue atrapando y convenciendo. La hemos visto avanzar, cambiar a sus actores principales, evolucionar y ahondar ",cabo,Drama
3125,"""The Crown"" ha sido una de las series más maravillosas que he visto últimamente, una delicia de principio fin, una inmersión total de los sentidos en una época, en una historia, en unos personajes, fa",corona,Drama
3127,"Vi la penúltima temporada de The Crown. Lamentable. Luego de ser una serie de calidad, llena de matices, crítica con la decadente corona, aquí lisonjea al “pobre” actual rey Carlos y, claro, la culpa ",corona,Drama
3133,"Tanto la película como la serie son auténticas obras maestras de la producción audiovisual italiana.En concreto la serie, en sus tres primeras temporadas, constituye un muy buen exponente del buen hac",linea | linea,Drama
3155,"Buen somnífero. Una mierda. La voz en off es tan cansina que a los 5 minutos ya estás durmiendo. Esto no es la Delgada línea roja, buena peli pese a quién pese. Esto es una bazofia, aburrida, cansina,",linea,Terror
3161,"*¡París, oh là là!Allí comienza el primer episodio y ""el encargo"". Las vistas desde el apartamento donde vigila la casa de la víctima muestran el elegante barrio del Panteón. De la fotografía se ha en",cabo | cabo | cabo,Terror
3165,"Mayra: Por veinticinco pesetas, díganme títulos de películas de David Fincher que sean obras maestras. Según la opinión de Augusto Faroni, claro, que es quien nos imagina en su tontuna. Por ejemplo: “",red,Terror
3168,"El cinco de julio escribí mi última crítica y después me sobrevino el aburrimiento ante todo lo que veía, nada merecía que escribiese un ratito en mi página favorita de cine, pero este fin de semana p",red,Terror
3184,"Que David Fincher, director de El Club de la Lucha, Seven y La Red Social entre otras, estrene una película y casi nadie se entere es un crimen. La poca publicidad que ha habido para The Killer sorpre",red,Terror
3187,"Absolutamente frío el asesino, bien encarnado por Fassbender, y absolutamente frío me he quedado yo cuando he terminado de verla.A primera vista parece que todo está bien engarzado en la historia, que",linea,Terror
3194,"“El Asesino”, dirigida por David Fincher(Los Siete Pecados Capitales),  trae con su habitual suspenso un lapso de tiempo de un sicario muy meticuloso donde un trabajo no sale tan bien lo que le acarre",red,Terror
3195,"Tras años alejado de los thrillers, el director de ""Seven"" o ""The Game"", vuelve con ""The killer"", la historia de un frío y perfeccionista asesino profesional protagonizada por Michael Fassbender.¿Y, q",red | cabo,Terror
3210,"Todas las películas de David Fincher me han gustado mucho, y si no me han gustado del todo (""Alien 3"", ""Panic Room"") siempre las he defendido a capa y espada. Fincher rueda como Dios, es un genio de l",red,Terror
3218,Una pena que directores como Fincher tengan que estrenar en cuatro salas mal contadas y que sea una plataforma a la que tengamos que acudir para ver sus películas. Ya pasó con MANK su anterior y mejor,linea,Terror
3224,"Soy un enamorado de la voz en off. Si está bien implementada, no me sobra. Es literaria, y aunque este sea un medio eminentemente visual, me gustan esos largos monólogos que aportan trasfondo al perso",red,Terror
3233,"No esperaba mucho después de leer algunas críticas, pero el visionado me ha confirmado los peores augurios. Quizás si esta película fuera de otro director le daría un aprobado por su buena factura téc",cabo,Terror
3234,"Soy un sigiloso admirador de esas mentes. Esas personalidades perturbadas, mórbidas, oscuras y la introversión de ellas. Ahí dentro hay un mundo repleto de reflexiones, pensamientos, emociones y senti",clave,Terror
3238,"Quizá he visto esta película desde la exigencia a David Fincher y eso ha influido en que me hayan gustado muy pocas cosas de ella. Premisa interesante, personajes correctos y una trama manida y repeti",linea,Terror
3256,"El reality es divertidísimo. Independientemente de si conoces o eres seguidor de la gente del ""mundo Sálvame"", estos personajes son oro puro, además tanto para lo bueno como para lo malo. 3 capítulos ",oro,Comedia
3283,"A veces no puedo evitar subirme al tren de lo que está a la moda o en este caso de la serie que mucha gente está hablando maravillas, y la verdad que esta es una de esas veces agradezco haberme subido",clave,Accion
3299,"Imagínese que desea presentar un cuadro excepcional, pero, en lugar de embellecer el espacio en el que lo exhibirá, decide dar brochazos al lienzo para alterarlo, ya sea con la intención de hacerlo má",cabo,Drama
3304,"""Nyad"", a primera vista, es una historia de superación y resistencia humana. La película, basada en hechos reales, cuenta la historia de Diana Nyad, una nadadora de larga distancia que, en 2013, se co",clave,Drama
3306,"Nyad es una película biográfica que narra la increíble hazaña de Diana Nyad, una nadadora que a los 60 años se propuso cruzar a nado el estrecho de Florida desde Cuba, sin jaula protectora contra los ",estrella,Drama
3315,"*Una heroína aparentemente normalNyad recupera la proeza que en 2013 lograría Diana Nyad (Annette Bening), a la que su padre llamaba ninfa del agua. Consiguiendo cruzar a nado la distancia que separa ",radio | clave | estrella,Drama
3326,"Con las últimas películas de Santiago Segura aprendemos tres lecciones clave:1º) Que aún no se ha tocado fondo. Se puede interpretar todavía peor, y hacer una película sin sentido...y lograr que la ge",clave,Comedia
3337,"No me he destacado yo por ser demasiado hater, o por lo menos esa es la impresión que tengo de mí mismo. No odio a las cosas porque sí. Lo que sí me ocurre (y me he percatado de ello) ahora que ya pei",oro,Comedia
3361,Un éxito recurrente que se repite una y otra vez en la pequeña pantalla es el drama médico ubicado en un hospital. Las historias de enfermos y médicos son una veta de oro televisiva inagotable que se ,oro,Drama
3363,"“La serie que NO debes ver”, reza la única crítica de un usuario a esta serie aquí en FilmAffinity. Va a resultar hasta gracioso que las dos críticas vayan a ser tan radicalmente opuestas no solo en l",clave,Drama
3367,"Lamento admitir que mi evaluación de la serie se ve limitada por la ausencia de haber explorado la obra literaria original, lo que podría haber arrojado luz sobre ciertos aspectos que la adaptación pa",radio,Drama
3369,"Miniserie de Netflix que adapta la novela ganadora de un Pulitzer que narra las peripecias de Marie-Laure, una chica invidente que huye con su padre a la casa de su tío en Francia durante la invasión ",radio,Drama
3378,Este es un ejemplo de película / serie en la que las valoraciones que la gente hace se dividen en dos: quienes han leído antes la novela y quienes no. El primer grupo tiene unas determinadas expectati,cabo,Drama
3379,"Me ha costado terminarla y eso que solo cuenta con cuatro capítulos. No sé cómo será el libro en que se basa, pero no pienso leerlo para comprobar si es mejor o peor que esta serie.La historia no me h",radio,Drama
3397,"Una siempre bella Roma, una ciudad del amor, una historia prohibida, un mundo de deseos ocultos a la sombra de un cine. Cuando empiezas a ver la película te dejas llevar por la nostalgia, tal y como u",cabo,Drama
3415,"Paco Plaza ha inaugurado el Festival de Sitges 2023 con una cátedra de cine de terror clásico como pocos cineastas pueden impartir en España. Casualidad o hermandad, el director valenciano ha dado el ",oro,Terror
3417,"Uno de los directores de género referencia de nuestro país vuelve a la carga de la mano de Netflix con un spin-off de su magnífica Verónica, más allá de sacar rédito de la obra principal, este enlace ",campo,Terror
3444,"ConclusionesQue Plaza es un artesano del terror es ya un hecho desde el principio de su carrera, siempre ha demostrado una madurez impregnada en cada uno de sus trabajos y este no podía ser menos, par",oro,Terror
3446,"Sabéis cuando la crítica profesional machaca sin piedad a una película, y luego os acercáis a ella, intoxicado por esas despiadadas opiniones, y una vez la finalizáis os decís a vosotros mismos: pues ",clave | clave,Drama
3459,"""Pain Hustle"" (2023), basada en la novela ""Pain Hustlers"" de Evan Hughes, es una película que, lamentablemente, no logra cumplir con las expectativas y potencial que podría haber tenido. La trama, que",cabo,Drama
3466,"*Una adaptación con una lectura contemporáneaCon la convivencia entre humanos y robots en juego, Pluto plantea dudas que remiten al momento actual. Situada en un futuro lejano, en el que los robots so",cabo | cabo,Ciencia Ficcion
3511,"*Cuatro líneas temporalesNo sería la primera vez que vemos en la ficción una historia que se desarrolla en distintas líneas temporales, en otras épocas o incluso en mundos paralelos. Cadáveres lleva e",linea | linea | clave,Ciencia Ficcion
3513,"Adaptación televisiva británica para Netflix de la novela gráfica ""Bodies"" de Si Spencer (publicada por Vertigo en 2014 en 8 volúmenes, y más tarde recuperada por DC Comics en un único volumen, no est",campo,Ciencia Ficcion
3515,"El metaverso...otra vez. ""Cadáveres"" arranca con un cadáver desnudo tendido en una neblinosa calle de Londres. Nada raro si no fuera porque ese cadáver aparece simultáneamente en el mismo lugar pero e",linea,Ciencia Ficcion
3522,"De primeras hay que decir que Cadáveres paga el empacho de producciones previas sobre viajes en el tiempo. Ya todo nos suena, ya lo vimos, ya incluso nos aburrimos con muchos de esos aspectos.Añade su",oro,Ciencia Ficcion
3526,"Realmente una miniserie para olvidar. Quizás el libro en que se basa sea mejor (aunque dudo) y solo el director no pudo contar con claridad en ocho capítulos algo que se entienda. Hay inconsistencias,",plata,Ciencia Ficcion
3537,"Es de sobras conocido que todo buen asesino en serie necesita una celebración para iniciar su cacería y arrancar el slasher: reuniones de alumnos, gente que oculta pecados, bailes de fin de curso… tod",curso,Comedia
3540,"El mundo del slasher es muy particular. Desde aquella primera Halloween de 1978, pasando por Scream y todos sus derivados, Chucky también, Freddy, don Bates, y tantos otros más que este mundillo nos h",campo,Comedia
3542,Los amantes del slasher debemos estar de enhorabuena;  llega a nosotros a través de netflix un film que sacia el apetito de todos los que tengamos ganas de divertirnos viendo buenas dosis de ketchup y,capital,Comedia
3547,"Que a Mike Flanagan le encantan los diálogos pseudo-filosóficos es por todos conocido, también que le gustan las series tan corales que a veces pare personajes sin demasiado sentido, o tiempo de desar",cabo,Terror
3548,"Simplemente brillante, al más puro estilo de su realizador, nos muestra todos los males de nuestro podrido mundo,  todas las miserias, bajezas y mezquindades de que es capaz el ser humano, a través de",gato,Terror
3550,"Me alegra poder decir —por fin— que me he reconciliado con Mike Flanagan, tras una racha de soberanas decepciones culminada por la bochornosa «El club de la medianoche» («The Midnight Club», 2022), de",clave,Terror
3552,"Flanagan tiene rollo pero se le ha ido un poco de las manos.Es pretenciosa hasta niveles insoportables. De verdad que el nivel de ""intensitos"" de la mayoría de los monólogos es horrible y muy aburrido",cura,Terror
3553,"Para el espectador promedio puede ser entretenidilla, pero más allá de eso no hay donde rascar y de calidad es bastante floja, muy lejos de Hill house y Midnight mass, aun así si no tienes grandes pre",cabo,Terror
3570,"Esta serie producida por Netflix no se basa solamente en el relato The Fall Of The House Of Usher, es una serie que combina varios elementos y tramas de algunos de los relatos más populares de Edgar A",red,Terror
3577,"Poe versión siglo XXIMe ha gustado y mucho.La verdad es que se agradece que sólo tenga 8 capítulos, de todas formas viendo el primero y el último ya lo tienes todo. Sin embargo los capítulos intermedi",gato,Terror
3584,"La película comienza buceando en uno de los aspectos psicológicos clave en la viabilidad de cualquier relación de pareja: la idea que tenemos de nosotros mismos comparada con nuestra pareja, si somos ",clave,Drama
3603,"Puede uno decir que la nueva película de Lee Chung-hyun es su versión de Atómica o John Wick y no por su historia, sino por una dirección o puesta en escena que no tiene nada que envidiarle al directo",estrella,Drama
3607,"Adoro las propuestas de suspense con crímenes, y si ya reúnes a una serie de sospechosos en un lugar apartado, con cena con asesinato, el trato está más que hecho. Es por ello que no le he podido deci",estrella | linea,Comedia
3674,"Al igual que sus anteriores partes, Golden Wind es una serie protagonizada por un grupo de usuarios de Stand que viven todo tipo de aventuras disparatadas en su meta por acabar con un enemigo común al",clave,Accion
3676,"No es la primera vez que Wes Anderson adapta una obra de Roald Dahl, pues ya lo hizo hace más de una década con la entretenidísima Fantástico Sr. Fox (2009). Ahora vuelve a realizar cuatro adaptacione",linea,Drama
3680,"*Todos los elementos del thriller policíacoReptiles aterriza en Netflix como una apuesta de cierto calado, que fía gran parte de su interés a un género como es el thriller, que suele dar buenos rédito",fuente,Drama
3689,"Es una película del género Thriller al estilo policial, que te mantiene atrapado de inicio a fin. se desarrolla en un ámbito  dramático y con suspenso.Un asesinato lo cambia todo en una red de corrupc",red,Drama
3705,Enmarañada y cocinada a fuego lento transcurre esta película que gira alrededor de un asesinato de una joven agente inmobiliaria y en donde una serie de personajes de distinto tipo comienzan a estar b,cabo,Drama
3714,"*Distopías y otros universos aterradoresNowhere imagina un mundo que ya ha colapsado a lo bestia. Un mundo en llamas, enfrentado y con la violencia como mejor arma para reprimir a los ciudadanos. Un m",estrella,Aventura
3718,"PROS:•La actuación de Anna Castillo.•Original. Sobrevivir en un contenedor de mercancías flotando en medio del mar es, para mí al menos, muy original.•El género; personalmente me gusta el suspense y l",radio,Aventura
3744,"Con ustedes llega la versión española de ""Náufrago"", dispuesta a ofrecer un calco de la supervivencia por la que tuvo que luchar Tom Hanks, pero cambiando el sexo del protagonista al género femenino y",curso,Aventura
3749,"312/12(13/08/24) Divertido en su humor negro es cortometraje (17 minutos) dirigido y guionizado por Wes Anderson, siendo este parte de una serie de tv para Netflix, para una colección de cuentos de “R",campo,Comedia
3758,"*Vuelve la saga, vuelve CastlevaniaLa saga Castlevania continua con una nueva historia, con unos acontecimientos diferentes y una época totalmente reinventada y nueva a la que hemos visto con anterior",linea | fuente,Accion
3759,"307/07(07/08/24) Turbador cortometraje (17 minutos) dirigido y guionizado por Wes Anderson, siendo este parte de una serie de tv para Netflix, para una colección de cuentos de “Roald Dahl The Wonderfu",campo,Drama
3764,"*Fantasía a todo colorLa policromía juega un papel esencial en La Maravillosa Historia de Henry Sugar, bueno, como en todas las películas de Wes Anderson. La paleta de tonos pastel y los acertados cam",radio,Aventura
3780,"En La maravillosa historia de Henry Sugar (2023) de Wes Anderson, basada en un relato de Roald Dahl, los decorados varían como si fueran paneles móviles, se reconfiguran como si el espacio se constitu",campo,Aventura
3787,"En muchas secuencias, la sutileza, el dominio emocional del protagonista, su mirada... muchos elementos recuerdan al director de Doctor Zhivago y La hija de Ryan, entre muchas otras: el respeto profun",linea,Drama
3792,"Se trata de un dramón que nos recuerda al formato de algunas telenovelas latinas, con más un toque de las clásicas tragedias literarias decimonónicas de Europa del este.Hay un amnésico que va curando ",campo,Drama
3798,"Estamos en un año donde las películas de carreras y autos están siendo frecuentes, “Gan Turismo”, “Ferrari” y “Rápidos y Furiosos X”, son algunas de las más destacadas ya sea por su éxito en taquilla ",cabo,Accion
3809,"Nuevo ejemplo de intento de traslación de la siempre añorada década de los 80 a los tiempos actuales. Nuevo fracaso. Más allá de la imposible misión, el enfoque infantil con el que se decide llevar a ",cabo,Comedia
3818,"Dudo que cuando se hizo, los creadores de Ghostbusters imaginasen que más de 30 años después su película iba a estar entre las más queridas por los nostálgicos. Trabajar con este tipo de material es j",linea,Comedia
3822,Lo más interesante de esta película es ver a la primera plantilla de la empresa aunque solo sea fugazmente ya que la clara vocación de la película es convertirse en un producto de consumo rápido de ca,campo,Comedia
3828,"Pintaba bien al principio. La magia de los 80 estaba, pero luego notas que todo se lo han llevado al terreno que querían, es decir, copiar al máximo la original para que (supongo) los nostálgicos les ",cabo,Comedia
3837,"Siguiendo en la línea de comentar recientes estrenos emparentados con viejos éxitos de la época dorada del cine de acción y ciencia ficción que fueron los ochenta, hoy comentaremos la última entrega d",linea,Comedia
3847,"En un análisis breve y directo, se trata de una película entretenida para NIÑOS y NOSTÁLGICOS. Los unos se lo pasarán bien, y los otros rememorarán la genial primera entrega, hasta tal punto que inclu",linea,Comedia
3854,"La tercera entrega de Los Cazafantasmas es una tardía secuela, es decir, un remake actualizado de la original, protagonizado por adolescentes, con continuos homenajes nostálgicos a las dos primeras.La",campo,Comedia
3885,"El díptico que constituyen las películas de ""Cazafantasmas"" nunca levantaron en mí el entusiasmo cinéfilo. Con demasiada comedia, eran películas de fantasía y algo de terror,  con efectos especiales y",linea,Comedia
3890,"Obviemos la entrega de 2016, que ni siquiera he visto porque ya en el tráiler se veía que era mala, y recibamos esta nueva película que hace las veces de secuela oficial muy tardía. Si la nostalgia es",cabo,Comedia
3891,"La verdad es que es así, es una disculpa por lo del 2016, algo para agradar a los fanáticos pero algo que es desastroso en la película es absolutamente, el guion, porque no he visto en mi vida uno tan",cabo,Comedia
3894,"Después de ver ‘Cazafantasmas: Más allá’, salgo del cine con sentimientos encontrados. La película no me ha disgustado, pero no es todo lo buena que yo esperaba. Sabía que esto iba a ser un sentido ho",cabo,Comedia
3898,"Habrá quien piense que se está siendo demasiado benévolo con esta ""Cazafantasmas: Más Allá"" que nos ha llegado y, probablemente no le falte razón, no se puede negar.Comprendo a los aficionados que exp",estrella,Comedia
3900,"Realmente en todo el sentido, una continuación digna de la última que vimos en los años 80, lo otro, eso de las chicas, directamente no existió. Me gustó mucho realmente. Un poco flojo el papel de la ",linea,Comedia
3904,"Harold Ramis ya lo aventuró hace más de tres décadas: la pila nuclear de una mochila de protones dura 5.000 años. Por suerte no ha habido que esperar tanto para asaltar la taquilla -y reconquistarla, ",estrella | vela,Comedia
3917,"La nueva entrega de Cazafantasmas es la verdadera segunda secuela, al contrario de la estrenada en 2016. Con una mezcla de melancolía presentada a través de guiños y referencias al film clásico de 198",campo,Comedia
3922,"La franquicia creada por Robert Rodríguez es reiniciada en esta quinta película, presentando un nuevo rumbo con algunos elementos que recuerdan a las películas anteriores. A pesar de que las películas",fuente,Accion
3924,"Tarde de Viernes, aburrido, esperando que algo interesante me venga a la mente. Entro a Twitter, porque eso es lo que hago cuando me estoy aburriendo como nunca, y... ¡Baam! Sex education en tendencia",linea,Comedia
3930,"Es divertida, natural y espontánea. Hay una gran diversidad de personajes, todos son diferentes entre sí y esto hace que sea más amena. Además trata temas tabú en las series como el aborto, la homosex",oro,Comedia
3954,"Aunque el título de mi crítica es un poco desconcertante, va a la par con lo que sucede en esta serie.La publicidad tanto en las cadenas de televisión como en las marquesinas de las paradas de autobús",cabo,Comedia
3969,"Sex Education trasciende de la serie adolescente al uso. Es un vasto campo en el que se mezclan la identidad, las relaciones humanas, la asunción de uno mismo y el papel que cada individuo juega en el",campo,Comedia
3978,"Estamos tan acostumbrados a ver a los adolescentes tal como los representan en las series y películas americanas que no resulta discutible, como opción creativa, que un instituto inglés parezca idénti",clave,Comedia
3986,Excelente serie que deja con ganas de continuar en una tercera temporada ya en camino. En clave de comedia nos dibuja unos variopintos personajes sin caer en la caricatura fácil ni el chiste de mal gu,clave,Comedia
3989,"Serie sorprendente, decidí verla ya que no tenía otra elección llamativa y me dejó con muy buen sabor de boca. Es bastante entretenida, simpática , gamberra y muy fresca. Su tema principal es el sexo,",linea,Comedia
3993,"Grandísima sorpresa de Netflix, agradable y divertida a más no poder. Representar el tema del sexo de una manera tan sofisticada e inteligente no es tarea fácil, encima con una historia emocionante, e",estrella,Comedia
3997,"De sexo no se ha hablado nunca. Al punto que casi cuesta explicar cómo los seres humanos, y, más en general, toda especie animal, han logrado prosperar sin que ningún sexólogo les haya explicado qué e",curso,Comedia
4004,"Un asesinato, una mujer con su hija desesperadas, la policía investigando y el bueno de la película que ayuda a sus vecinas a salir del embrollo en el que se han metido.Aquí la idiosincrasia de los pe",gato | raton,Drama
4010,"Con ""El Conde"" me ha pasado que es de esos trabajos que quiero que me gusten más de lo que en realidad me acaban gustando. Que en este caso concreto ha sido lo justo.Y mira que hay motivos para surfea",estrella,Comedia
4016,"Sátira sobre el dictador chileno en clave vampírica, que combina elementos de terror con comedia negra, y que está dirigida por el responsable de títulos como Jackie (2016), y que cuenta en su reparto",clave,Comedia
4017,¿Cómo abordar un tema tan delicado y aterrador como la dictadura de Pinochet sin caer en la retórica y el horror? Esa era la pregunta que muchos nos hacíamos antes de ver esta película de Larrain. Si ,curso,Comedia
4019,"No debe parecernos a estas alturas ningún ejercicio de valentía o riesgo el presentar una película sobre la dictadura chilena, no. Pero sí podemos estimar que ha pasado el tiempo suficiente como para ",fuente | clave,Comedia
4026,"*PrevioMostrar a Pinochet como un anciano vampiro, de 250 años, siempre ávido de sangre humana fresca, es una lograda forma de denunciar todos los abusos, crímenes impunes que cometió. No es es extrañ",cabo,Comedia
4028,"En esta comedia negra estrenada en Netflix, el genocida Augusto Pinochet es un vampiro que todavía vive aunque desea morir. Dirigida por Pablo Larraín. Se estrenó en Netflix.Por Nicolás BianchiAntes d",cabo | campo,Comedia
4044,"Una comedia dulce donde perder un avión y que el cinturón de seguridad de tu asiento esté averiado tienen una probabilidad combinada del 0.01%, pero que si tan solo en una décima de segundo dos person",red,Drama
4049,"Club Estambul - KulüpDesde hace un tiempo, progresivamente y sin demasiado ruido, Turquía se ha ido convirtiendo en la segunda potencia productora y exportadora de telenovelas -los famosos culebrones-",fuente,Drama
4050,"Se dice que esta nueva entrega en formato de serie es una lograda adaptación del libro «Las viudas de los jueves», de la cual tenemos en este momento a la disposición (Netflix) la película rodada en 2",cabo,Drama
4080,"La serie tiene un ritmo trepidante y consigue mantener el interés del espectador a lo largo de sus episodios. El guion está bien construido y logra mezclar elementos de thriller, drama y hasta terror,",red,Terror
4086,"Contra lo que preveía, si soy sincera, me he enganchado a esta serie sobre todo por su intensidad y la he visto en dos tirones, cuatro y cuatro capítulos. La he encontrado muy interesante -aún a sabie",gato,Terror
4119,"Con una premisa tan interesante y contando con buenos actores, esperaba que el resultado de ésta serie iba a ser muy superior a lo que me ha parecido. Y es que:Aunque te mantiene muy enganchado los pr",campo,Terror
4130,"Ocurre a veces que hacemos algo que nos gusta pero que queremos ocultar: un placer oculto. Somos hipócritas y, además, nos engañamos para mantener una imagen o esconder los propios defectos/afectos qu",linea,Drama
4141,"Oigo que alguien en la radio la compara con The Wire, no me lo creo pero me decido a verla por si acaso. Grata sorpresa. No es The Wire, eso son palabras mayores, pero en algunos aspectos se le parece",radio,Drama
4146,"Se ha escrito que es el equivalente londinense a la mítica ""The Whire""; sin entrar en comparaciones digamos que el comentario no anda muy desencaminado. ""Top Boy"" de la mano de su creador el novelista",linea,Drama
4153,"He estado dándole vueltas al título de la crítica, pensaba poner ""Una princesa borracha, un elfo y un gato entran en un bar..."" pero he cambiado de idea. No dejo de ver comparaciones de esta serie con",gato | linea,Comedia
4165,"Por fin he podido visionar los diez capítulos de la primera temporada de la nueva serie de Matt Groening, responsable de series tan famosas como ""Los Simpsons"" o ""Futurama"". Casi nada. Es por ello que",linea,Comedia
4168,"Esta serie ha llegado cargada de polemica y criticas que amenazan su futuro. Esta animación en general es buena. Al principio parece que no, pero es divertida, sincera y con algo de humor inteligente ",oro,Comedia
4201,"Empiezo fuerte. La mejor adaptación a Live Action posible de un anime. Y más de uno como One Piece. Tras ver la primera temporada (habrá mas, seguro), he sacado una conclusión no sólo acerca de esta s",raton,Accion
4202,"¡Ah, la vida del pirata! Libertad, ambición, exóticas aventuras, amigos, sueños, oro, fama, poder, la brisa marina acariciando tu rostro… ¿Acaso existe algo mejor?Crítica de un seguidor del manga y el",oro | cabo,Accion
4205,"En los últimos años hemos tenido una larga lista de intentos por llevar a la acción real muchos de los animes más famosos de nuestra generación, siendo en la mayoría de los casos un resultado bastante",cabo,Accion
4206,"One Piece es un manga y anime de Eiichirō Oda que comenzó sus andaduras en 1997, siendo hasta el momento uno de los más populares y exitosos de la historia. Yo me topé con el anime por pura casualidad",clave | clave,Accion
4209,"Vista la serie, los personajes están demasiado clichetizados, los diálogos y el humor muy americanizados y la voz en castellano de Sanji desentona. También chirrían muchos efectos digitales, maquillaj",gato,Accion
4210,One Piece Live Action es un concepto que me hizo temblar al escucharlo por primera vez ya que adaptar el anime a la realidad siempre es una tarea muy complicada y peligrosa. One Piece (tradicional) es,clave,Accion
4221,"A todo fan de One Piece le recorre un escalofrío cuando escucha ""One Piece Liveaction en Netflix"", la verdad, la serie se puede catalogar como una de las más exitosas de 2023.Si nos basamos en experie",clave,Accion
4226,"Acertada adaptación de la celebérrima obra de Eiichiro Oda, que lejos de ser una obra maestra y teniendo en cuenta la tremenda dificultad para portar un manga/anime de esta índole al formato live acti",clave,Accion
4242,"El club de los lectores criminales (2023) se trata de una película española estrenada directamente a Netflix, dirigida por Marcos Alonso y que se ha colado en el top mundial de películas más vistas de",linea,Terror
4249,"Transcurridos cinco minutos de «El club de los lectores criminales», llego a la conclusión de que estoy ante una bazofia de proporciones considerables. Con el paso del metraje —hora y media, al menos ",oro,Terror
4256,"¿Recordáis un anuncio de una marca de articulos de lujo en el que salían María Forqué, Martín Rivas (sí, el hijo del egregio literato gallego, faro, luz y guía de la lucha anti-capitalista) o Sita Abe",cabo,Terror
4259,"La película puede ser muchas cosas, pero ya hay algo indubitable: Es una película incomprendida, y estas son las que me pone defender.Ni muchos menos estamos ante un plagio, y menos de películas ¿Amer",clave,Terror
4262,"No lo tenía fácil Carlos Alonso para llevar a cabo una película basada en una novela bastante floja. La película brilla en algunos momentos (pocos), y desde luego consigue asustar bastante más que su ",cabo,Terror
4263,"Permitidme dedicar unas líneas antes de reseñar a esa figura denostada y marginal que quiere siempre estar presente. Los odiadores, a pesar de su irrelevancia y de ser personas prescindibles nacieron ",gato | raton,Terror
4272,"Cuando una comedia no tiene gracia es una mala película, aunque te rías con ella. Yo me he reído dos veces. La primera con el chiste de la regla y la última con lo de Don't stop believing. Eso sí, tie",red,Comedia
4278,"¿Os acordáis de aquel monólogo de Ernesto Sevilla en el que hablaba de ""Crepúsculo""?: ""Vampiros que van al instituto"".Bueno, pues, en resumidas cuentas, ese es el concepto de este despropósito de seri",curso,Drama
4284,"De ambiente juvenil y crítica con el cambio climático y las corporaciones corruptas. Le falta mitología nórdica, han querido mojar la trama de esa esencia y centrarse en los problemas sociales y de in",linea,Drama
4294,"Temporada 1Ragnarök es una miniserie que aggiorna un episodio de la mitología nórdica donde los dioses escandinavos se enfrentaron a los Gigantes, ubicándolo en un pequeño pueblo noruego y vinculándol",clave,Drama
4311,El tema:“El sueño de la razón produce monstruos” decía Goya en uno de sus grotescos grabados. En esta grotesca obra de arte la belleza externa produce éxito (también en el amor y el sexo) y canallas. ,clave | oro | clave,Comedia
4312,"Una serie que desborda a todas luces, desde la primera escena relatando el desarrollo del crecimiento de la protagonista desde la tierna edad, un enorme talento en el manejo de la dirección capaz de s",oro,Comedia
4314,"Mask Girl es un thriller que combina el drama, el suspenso y hasta ofrece momentos de humor en una historia que en los primeros episodios parece que ya cuentan toda la historia, pero al ver los demás ",estrella,Comedia
4321,"DEPP VS. HEARD (2023)Dir. Emma Cooper3/10Este es otro ejemplo de que, por más que el producto sea bueno y se nota la intención, la temática en sí sigue siendo un absurdo completo y completamente aburr",plata,Drama
4325,¿Se puede hacer una película de acción sobre espías en la era tecnológica usando todos los tópicos existentes llevados hasta el ridículo más extremo? Comprobemos.- La protagonista es una semidiosa. No,clave,Accion
4328,"Como elemento y función básica que puede tener esta película, que es el entretenimiento, funciona a ratos. Hay escenas de acción que se pueden disfrutar, pero no es más que una película insulsa que se",gato,Accion
4329,"*Otro nuevo intentoNetflix está tratando de explotar, o más bien encontrar su camino, dentro de un género muy concreto como es el thriller de espías, o películas afines. Hay en su catálogo desde media",vela,Accion
4339,Una de las grandes apuestas de Netflix para este año con un presupuesto gigante y que termina cumpliendo con las expectativas para una película que se estrena en plataforma de streaming. Con un buen d,estrella,Accion
4340,"En la línea de mi reseña anterior, tocaba de nuevo otra película de thriller con espías, un género que me encanta. Esta vez, mediante un estreno reciente vía Netflix con Gal Gadot de protagonista que ",linea | clave | linea,Accion
4342,"Leo comentarios y puntuaciones de 1, 2 o 3 ....Ya, paren un poco. Parece que se junta lo de querer ser campeón mundial de hater (en lo que los españoles son medalla de oro) y que están en verano; el c",oro,Accion
4343,"Agente Stone, la película de Netflix que intenta ser una versión femenina de Misión Imposible, pero que se queda en una misión imposible de ver.Nos presenta a Rachel Stone (Gal Gadot), una agente de i",gato,Accion
4358,"La verdad es que estoy harto de remakes y aunque aquí no es una copia descarada de Dopesick, si tiene una línea argumental muy similar y, en mi caso, prefiero la serie original que su imitación. En es",linea,Drama
4367,"*Una comedia tronchanteHacía tiempo que una comedia no conseguía sacarme alguna carcajada, pero Mi boda con un fantasma lo ha conseguido, ¡y en más de una ocasión!. La película taiwanesa utiliza una c",cabo,Accion
4370,"""The Seven Deadly Sins: El rencor de Edimburgo - Parte 2"" es la continuación de los acontecimientos ocurridos en ""The Seven Deadly Sins: El rencor de Edimburgo - Parte 1"", con esta segunda parte, conc",linea,Accion
4416,"Probablemente, si valorase de un modo justo el anime de Bastard! hoy en día diría que es muy flojo: los combates se resuelven a base de deus ex machina tras deus ex machina, de modo extremadamente pre",cabo,Accion
4429,"*Una animación deslumbranteDesde las primeras imágenes que salieron a la luz de Prodigiosa: Las Aventuras de Ladybug La Película, supimos que el estilo visual sería distinto al de la serie original. A",capital,Accion
4432,"Capitán Fall es una serie que no duda en mostrar su mejor versión: el humor negro, bizarro, brutal. Psicológicamente nefasta (en el buen sentido, puesto que el perfil de los personajes no es arbitrari",planta | columna,Comedia
4442,"La crítica como las obras tienen:-PRESENTACIÓNSi esperas una serie madura, con grandes interpretaciones, estructurada y equilibrada, esa no es la serie de ""The Witcher""Por el contrario, si lo que busc",plata,Aventura
4443,"La propuesta promete, narrándose las distintas historas del último deseo y la espada del destino. ""Sale Renfri"" pensé. Renfri es un personaje increible y con una capacidad de desarrollo tremenda. Lame",planta,Aventura
4445,"Lo juro; lo he puesto todo de mi parte para que esta serie me gusta. Su personaje principal desprende una electricidad heroica que me encanta... ¡Pero es que nada acompaña!Para empezar, y ya sé que es",linea | linea,Aventura
4451,"Cuando me enteré de que se iba a realizar una adaptación de la saga de novelas de Geralt de Rivia, me interesé. Como igualmente me ocurrió al conocer que Conan iba a recibir el mismo tratamiento seria",cabo,Aventura
4452,"La serie es como las tartas de fondue: tiene un recubrimiento llamativo, pero la realidad es que cuando la pruebas sabe a mierda.Tras un primer episodio que logra enganchar gracias a la sorpresa que s",cabo,Aventura
4453,"Mother of the beautiful love! Lord of the great power! Eso diría mi abuela si fuera british, pero lo digo yo. Y es que no dejo de llevarme las manos a la cabeza con este carajal. ¿Se podría haber hech",linea,Aventura
4459,"Soy un gran fan del The Witcher 3. Me lo he pasado 6 veces, lo cual hace un total de unas 1000 horas a mis espaldas en este universo. Esto hace que sea muy exigente con los resultados de esta serie, y",columna,Aventura
4469,Cuando presentas una serie de TV lo mínimo es que respetes al espectador e intentes que se sienta cómodo y entienda la trama. Si no eres capaz de articular las líneas temporales en que sucede la acció,planta,Aventura
4475,"Funcionará a la perfección entre los que hemos disfrutado de alguna de las vertientes del Lobo Blanco, aunque dudo que logre cautivar a masas como hizo Juego de Tronos. La serie es aceptable, quizás r",oro,Aventura
4479,"Curiosa la manera en que ""The Witcher"" está polarizando a crítica y espectadores ¿Cómo es posible que tantas personas vean cosas tan diametralmente opuestas en el mismo material? Cuando esto sucede, n",gato,Aventura
4486,"Ya que parece necesario, mostraré mis credenciales. He jugado los 3 juegos, no he leído los libros pero si he leído cómics del brujo. Dicho esto empezamos.Hay tantas cosas que no se han hecho bien par",curso,Aventura
4490,"En primer lugar diré que soy un auténtico profano y desconozco absolutamente la obra literaria de ""The Witcher"". Desconozco también la saga de los videojuegos. Mi opinión es única y exclusivamente sob",clave,Aventura
4491,"Han pasado casi 3 años desde que se anunciara la producción de una serie de televisión sobre el universo literario de Andrew Sapkowski. Una aventura repleta de grandes historias, con ensoñadores relat",plata,Aventura
4506,"Esta crítica la escribo tras ver la primera temporada, con esperanza de que tenga éxito y pueda continuar. A la pobre le han caído palos por todos lados y no veo razón. Voy a intentar defenderla en la",linea,Aventura
4509,"La empecé a ver por cierta afinidad con el mundillo de Sapkowski, pero esperando encontrarme una bazofia, y, la verdad es que me ha sorprendido muchísimo.Hasta ha subido la (poca) estima que le tenía ",linea,Aventura
4519,"Lo primero, una advertencia. No he jugado a ninguno de los videojuegos de The Witcher, pero sí me había leído los tres primeros libros de la saga de Sapkowski antes de ver la serie. Por tanto, mi valo",clave,Aventura
4523,"*Érase una vez…El 20 de diciembre Netflix lanzó la que prometía ser su próxima joya, The Witcher. Esta nos sumergirá en un nuevo mundo marcado por conspiraciones, brujos, magos, monstruos y aventuras.",linea | cabo,Aventura
4541,"El confinamiento me ha llevado a Netflix, y Netflix me ha llevado a The Witcher. La serie es la adaptación a la pequeña pantalla de la famosa saga de videojuegos, que es a su vez una adaptación de una",linea,Aventura
4548,"El tremendo nicho de mercado que anunciaba el final de ""Juego de Tronos"" era una golosina que Netflix no podía dejar escapar. HBO  apostó por cambiar de género y Netflix por continuarlo. Podríamos dec",linea,Aventura
4551,"La plataforma de Streaming mas popular, se ha hecho hueco gracias a una amplia oferta de productos de producción ajena y propia, entre tanta oferta hay calidad y gusto de toda clase. Sobre el papel, T",linea,Aventura
4558,"Y un día Netflix comenzó a promocionar The Witcher, la obra del polaco Andrzej Sapkowski como si fuera la serie del siglo y presumiendo que se venía la próxima Game of Thrones, siendo que ésta última ",plata | linea,Aventura
4567,Se han tomado algunas licencias en la linea temporal pero por lo general se respeta la trama de los libros. Hay cosas a pulir como el cgi efectos etc pero en lineas generales esta bastante bien. Me es,linea,Aventura
4583,"Una de las series más exitosas de 2019 aterrizaba hace dos semanas escasas en la plataforma digital Netflix, una de las grandes firmas de VOD (vídeo bajo demanda) que lleva en activo desde finales de ",cabo | clave | red,Aventura
4584,"A día de hoy, cualquier producción que se enmarque en el género de la fantasía épica medieval o de espada y brujería cuenta con el hándicap de que será comparada una y mil veces con la sin par ""Juego ",cabo,Aventura
4594,"La verdad es que en parte me esperaba lo que me he encontrado, pero claro, con tanta publicidad uno acaba cayendo, y ese es el problema de series como esta ""mucha publicidad y poca calidad"", personaje",vela,Aventura
4601,"Recientemente estrenada en Netflix, se trata de una más que entretenida película alemana de ciencia ficción.No tiene buenas interpretaciones, ni un gran presupuesto, ni buenos efectos, ni buenas escen",cabo,Accion
4607,"Película distópica muy en la línea de In Time, pero con una argumentación más sólida. Carece de fuerza en algunos momentos, sin embargo logra de manera notable plantear una situación mundial distópica",linea,Accion
4616,"De ciencia ficción tiene:-Que todavía no se le pueden quitar años a una persona, para pasárselos a otra. Pero esto pasa al principio.La historia:.A una mujer joven, por una deuda contraída con el banc",banco,Accion
4622,"Comencemos diciendo que esta película es una rareza, una mezcla híbrida de géneros y estilos agitados, con un sentido del humor bastante marcado. Aunque contiene fragmentos más serios, en general, el ",linea,Comedia
4643,"Con un elenco de primera línea, de la mano de Jamie Foxx, y Kiefer Sutherland, excelentemente secundados por John Boyega y Teyonah Parris, aparece este magnífico thriller de blaxploitation, que se mue",linea,Ciencia Ficcion
4661,"La 'Bird Box' de 2018 fue uno de los primeros pelotazos que consiguió Netflix en lo que respecta a películas propias, y marcó ciertas pautas que la plataforma de streaming cumpliría en lo venidero en ",estrella,Ciencia Ficcion
4664,"""Expansión"" de la película ""A ciegas"" que protagonizó Sandra Bullock (y no he visto). ""Bird Box Barcelona"" deja una extraña sensación al finalizar, porque resulta ser un producto vistoso y muy atracti",capital,Ciencia Ficcion
4670,"No aprueba. Está algo entretenida, sobre todo si te gusta el género, pero creo que tiene un guión flojo y mal hilvanado que te deja una sensación un tanto agridulce de lo que podría haber sido y no fu",linea,Ciencia Ficcion
4672,"Uno de los misterios mas misteriosos de estos tiempos consiste en entender como películas que causarían vergüenza ajena a una ameba, sean financiadas por montañas de dinero. La ciencia te dirá que es ",cura,Ciencia Ficcion
4674,"Parece ser que los hermanos David y Álex Pastor son especialistas en llevar a Barcelona al apocalipsis. Lo digo porque en 2013, justo hace ahora 10 años, se estrenó, su película ""Los últimos días"", pr",capital,Ciencia Ficcion
4691,"ConclusionesLos hermanos pastor se mueven a la perfección en mundos post apocalípticos, su dirección aquí también es impecable, buscando una narrativa excelente, que convierte a los personajes perfect",linea,Ciencia Ficcion
4693,"Hay un giro muy jugoso en ""Bird box Barcelona"" respecto a ""A ciegas (Bird box)"" (Susanne Bier, 2018) que me parece un sólido golpe en la mesa por parte de los Pastor.Muy en la línea del que dieron en ",linea,Ciencia Ficcion
4695,"*El apocalipsis llega, sin éxito, a BarcelonaAunque las similitudes entre ambas son evidentes, podríamos decir que es la que más se acerca de las dos a narrativas como las que hemos visto en La carret",linea,Ciencia Ficcion
4699,"Prota alabado por todos descubre la cruz templaria. A raíz de esto, personajes variopintos van uniéndosele a la fuerza para revelar más secretos en torno al descubrimiento.La premisa de la peli suena ",estrella,Aventura
4718,"Y van...aunque a ésta acercársele les va a resultar complicado porque es un combo de idioteces casi imposible de igualar. Empezando por Adam DeVine, lo menos que puedo decir es que es un imbécil o al ",banco,Accion
4719,"Unos suegros de armas tomar, una comedia de acción que no tiene ni gracia ni acción. Cuenta la historia de Owen, un director de banco que se va a casar con Parker, una chica que resulta ser la hija de",banco | banco,Accion
4724,"Quizás el personaje principal que moviliza la historia sea lo más atrayente de la misma. Con pocas pinceladas, algunos actos y diálogos la dirección ya nos traza un panorama del protagonista. Personal",red,Comedia
4728,"Esta versión de trama de robos quizás sea una de las menos cautivadoras que he tenido ocasión de ver. A pesar de incluir los típicos momentos de planificación, la captación del equipo, la ejecución y ",oro,Comedia
4730,"SumarioDentro de la notable y noble tradición del “cine laboral” francés, Cash propone una variante: es una muy ingeniosa combinación de thriller y dramedia que sigue un curso diferente, alejado de la",curso | planta | planta,Comedia
4742,"""Nimona"", una película de animación peculiar y desbordante, nos lleva a un universo que fusiona lo medieval con lo futurista de una manera asombrosa. La película posee una variedad de elementos curios",clave,Aventura
4747,"Me ha gustado la animación, me han gustado los personajes, la historia, sobre todo Nimona, claro.Sobre el tema de que los protas sean gays, me da igual, creo que ya hay que tenerlo presente en casi to",red,Aventura
4756,"Es de aplaudir el hecho de que los proyectos de animación cuenten cada vez historias más originales y que, a la vez, sean hijas de su tiempo.“Nimona” se construye con varias piezas que a priori no deb",estrella,Aventura
4757,"Resulta sorprendente la acertada capacidad del cine de animación para abordar, desde la aparente cercanía y simplicidad, temas complejos que presentan mayores dificultades para su tratamiento en el ci",clave,Aventura
4783,"Película australiana que mezcla drama intimista con terror, que es el segundo largometraje de su directora tras haber dirigido episodios de series como El Cuento de la Criada, o Las Luminosas, y que e",cabo,Terror
4789,"Turquía sigue agrandando su influencia en la producción audiovisual, a pasos agigantados.En esta ocasión la factoría turca de Netflix nos trae una agradable peli, comedia romántica sin pretensiones, p",estrella,Comedia
4812,"Serie donde actúa Lee Jun Ho se convierte en oro. Su elegante y lindo carisma llena la pantalla y convierte a Cenicienta en princesa. Porque no deja de ser una historia de cuento, una comedia ligera p",oro,Comedia
4821,"Hace tres años Netflix dio, en plena pandemia, con la tecla ganadora al estrenar en su plataforma ''Tyler Rake''. Tantas fueron las alabanzas, las buenas criticas y los aplausos que, como era de esper",estrella,Accion
4826,"En Tyler Rake, la primera película del año 2020, veíamos a un Chris Hemsworth totalmente desatado y serio, en una película con escenas de acción bastante chulas mientras intenta llevar a cabo una misi",cabo | cabo,Accion
4831,"Vi la primera parte y me parecio muy buena. No creible, por supuesto, pero si aceptable y no disparatada. Con un guion trabajado y una coreografia absolutamente magnifica. la disfrute de cabo a rabo. ",cabo,Accion
4835,"Es lo que pasa con las secuelas. Que difícilmente tienen capacidad de sorprender. Pasó con la secuela de ""The Raid"" y  con las de ""John Wick"". Eso no quiere decir que sean malas o peores, sino que su ",planta,Accion
4844,"Chris Hemsworth me parece una imponente presencia como estrella del cine de acción, sin embargo una insufrible y mareante dirección, así como un argumento nimio, lamentable y sensiblero hasta rozar lo",estrella,Accion
4846,"La primera parte era una peli con unas escenas de acción cojonudas, de las mejores que he visto. Apostaba por el realismo (más o menos) en tiroteos y peleas.La secuela se estrella por muchas razones, ",estrella,Accion
4851,"Continuación de la nada reseñable cinta de acción escrita por los hermanos Russo (directores de la saga de los superhéroes marvelitas ""Los Vengadores"") y dirigida por el entonces debutante tras las cá",campo,Accion
4855,"Sam Hargrave lo ha vuelto a hacer. Si, ha repetido la fórmula de la entrega anterior, prácticamente con el elenco principal repitiendo en ésta entrega, pero con una trama más rocambolesca y peligrosa ",gato | campo,Accion
4856,"Después de convertirse en un inesperado éxito de 2020 y ""apadrinado"" por los Hermanos Russo, esta secuela de ""Tyler Rake"" brinda un explosivo regreso por todo lo alto y en el que su protagonista hace ",gato,Accion
4867,"En esta segunda entrega de la sexta temporada y siguiendo con la dinámica del primer (y más endeble) episodio, Netflix vuelve a referenciarse a sí misma y a darse un buen repaso. Parece como si la pla",linea,Terror
4883,"Interesante crítica la que hace este episodio de 'Black Mirror' a los documentales ""true crime"" o sobre crímenes reales, aunque como viene siendo habitual en la serie últimamente, la idea es más poten",cabo,Terror
4884,"Davis (Samuel Blenkin) y Pia (Myha'la Herrold) son una pareja de jovenes cineastas que se dirigen al remoto pueblo de donde es originario Davis para filmar un documental sobre naturaleza, aprovechan p",clave,Terror
4886,"Estamos ante una de los mejores capítulos de esta serie.No es un capítulo muy futurista, al contrario, es una capítulo muy tradicional que se centra en la intriga del capítulo, en saber crear una tens",clave,Terror
4887,"176/28(20/06/23) Sugerente, aunque con muchas lagunas tercer episodio de la sexta temporada de la serie tv de culto creada por Charlie Brooker (guioniza todos los capítulos), antología de episodios au",estrella,Ciencia Ficcion
4893,"Desde que se estrenó esta sexta temporada de Black Mirror que no paro de sentir que algo se ha roto: esa sensación de malos presagios por venir, un futuro inmediato que nos pisa los talones y que nos ",linea,Ciencia Ficcion
4894,"Si bien puede decepcionar por no tener el calado de otras obras de ciencia ficción de la serie, la historia no está nada mal. Lo que se nos presenta es un drama de personajes que ahonda en los detalle",cabo,Ciencia Ficcion
4898,"Trama muy buena, actuaciones de lujo y una banda sonora fantástica, es lo que ofrece entre otras cosas el tercer capítulo de esta sexta temporada de Black Mirror. También es el más impactante, el que ",linea,Ciencia Ficcion
4901,"SumarioUna gran temporada que toma como eje temático la identidad (oculta, forzada, cambiada, usurpada) y que hace gala de un gran eclecticismo, por su variedad de registros, géneros y épocas, con epi",estrella,Ciencia Ficcion
4911,"El rótulo inicial de esta entrega se desmarca del resto de la serie y reza un ‘a Red Mirror film’, anunciando que ya no disimulan que se han quedado sin ideas para su producto estrella, y hay que expa",red | estrella | red | red,Terror
4912,"Definitivamente, 'Black Mirror' ha perdido por el camino su razón de ser y se ha convertido en un compendio de relatos de temáticas varias con moraleja final que relegan a un tercerísimo plano ""el lad",oro,Terror
4917,"177/29(21/06/23) Entretenido y juguetón episodios conclusivo de la sexta temporada de la serie televisiva de culto creada por Charlie Brooker (guioniza todos los capítulos en solitario, excepto este, ",red,Terror
4925,"Es de los primeros capítulos que vi de la serie y quedé impresionado de la calidad de cada capítulo.Es de esos capítulos que son más una película que otra cosa, por la duración y por el desarrollo de ",cabo,Terror
4926,"Anjana Vasan y Paapa Essiedu pese a no ser conocidos almenos por mi parte, hacen un papel crucial en el ritmo y tonalidad del episodio, antítesis uno del otro, curiosa y adecuadamente para no despegar",red,Terror
4928,"Hace ya mucho tiempo, desde la cuarta temporada más o menos, que Black Mirror ha ido degenerando. En origen era una colección de magníficas reflexiones sobre la tecnología y su efecto en la sociedad, ",red,Terror
4930,"168/20(15/06/23) Interesante episodio reentre de esta serie de culto, aunque la siento que se estanca en su zona media, y termina siendo algo auto plagiadora. Tras 4 años y medio vuelve la rompedora s",estrella,Ciencia Ficcion
4939,"Quizás el mejor capitulo de la temporada, el que mas se parece al concepto que yo tengo de estilo Black Mirror. Cada vez con mejores repartos, caras conocidas para esta sátira critica que muere la man",linea,Ciencia Ficcion
4943,"Quizás le sobra un pelín de humor en algún momento pero el mensaje queda claro. Buenas actuaciones y buena historia que, aunque el punto de vista sea el humor, es inquietante. En la línea de Black Mir",linea,Ciencia Ficcion
4962,"179/31(22/06/23) Decepcionante capítulo, sobre todo con el nivel general de la serie, penúltimo de la sexta temporada serie de culto creada por Charlie Brooker (guioniza todos los capítulos en solitar",radio,Drama
4964,"A Charlie Brooker le gusta experimentar y nos ha colado ya dos capítulos que poco tienen que ver con la línea argumental que proponía esta serie desde el principio, le gusta jugar a ser Tarantino y a ",linea,Drama
4971,"SumarioUna gran temporada que toma como eje temático la identidad (oculta, forzada, cambiada, usurpada) y que hace gala de un gran eclecticismo, por su variedad de registros, géneros y épocas, con epi",estrella,Drama
4982,"Reconozco que me he entretenido bastante con estos ""Cuentos Asombrosos"" (Amazing Stories), que tambien podian llamarse ""Alfred Hitchcock presenta"" que es en lo que se ha convertido ""Black Mirror"" en m",linea,Ciencia Ficcion
4992,"A la hora de reseñar ""Black Mirror"" conviene deslindar las dos primeras temporadas de la tercera y la cuarta, con ese escalón intermedio que supuso el especial navideño ""White Christmas"" y considerand",linea | linea,Ciencia Ficcion
4997,"Aun en sus mejores momentos Black Mirror se tropieza consigo misma. La serie creada y escrita por Charlie Booker, una antología de los peligros de nuestra tecnología y la que viene a la vuelta de la e",cabo,Ciencia Ficcion
5009,"*Temporada 6En términos generales me gustó casi todo, tiene buenos momentos y claramente no es el BM que todos conocemos, ya que no tiene el mismo ""espíritu"" o ""esencia"" que caracteriza a la serie. Si",red,Ciencia Ficcion
5013,Sigo esta serie desde hace bastantes años. Si no recuerdo mal estaba a punto de emitirse la segunda temporada cuando empecé a ver la primera. Quedé tan impresionado que vi los tres capítulos del tirón,oro,Ciencia Ficcion
5017,"Siempre me voló la cabeza esta serie. Además de amar la ciencia ficción, la clave de Black Mirror está en la proximidad: cada capítulo se agarra de algún comportamiento muy reconocible en la sociedad ",clave,Ciencia Ficcion
5020,"Si ya de por sí una serie, con sus diferentes temporadas, es difícil de evaluar como un todo con sus irregularidades y demás, esto en Black Mirror se multiplica, puesto que no solo las temporadas, sin",linea | linea | linea | linea | red,Ciencia Ficcion
5043,"Esta sorprendente serie de dibujos animados es una obra maestra de la psicología, en la que combina el sistema nervioso central con el sistema nervioso autónomo, que claramente influye en nuestro día ",gato,Comedia
5044,"Otra maravilla de Zerocalcare, pocas personas son capaces de transmitir tan bien los pensamientos como este creador. Si sois de esas personas reflexivas que en vuestras cabezas nunca tenéis una opinió",linea,Comedia
5045,"El nuevo proyecto de Zerocalcare no deja indiferente. Con una apuesta atrevida por la trama, la miniserie compone una crítica social constante. El autor ya demostraba ambición en su previo trabajo, “C",linea,Comedia
5046,"Hace un par de años nos llegó ‘Cortar por la línea de puntos’, adaptación de un cómic italiano, y que sorprendió a todos los que reparamos en ella, hasta el punto de admitir, sin tapujos, que es una d",linea | clave | linea,Comedia
5048,"Zerocalcare vuelve, y da igual lo que haga porque es maravilloso.Un viejo amigo de esos con los que se tiene una relación extrañilla, vuelve después de años sin saber nada de él. A la vez, hay problem",linea,Comedia
5049,"De lo mejor que se puede ver. ""Cortar por la línea de puntos"" es muy buena. ""Este mundo no me hará  mala persona"" es muy buena o incluso mejor.Si esta serie de animación no capta tu atención e interés",linea,Comedia
5050,"Después de ""Cortar por la línea de puntos"", Zerocalcare nos trae otra dosis de su humor disparatado junto a su pandilla: mitad frikazo, mitad punkarra, 100% viejoven, directo de la generación perdida ",linea,Comedia
5052,"En serio, es tan buena como ""Cortar por la línea de puntos"". Bueno, ""Cortar..."" es especial, acertar con el tema que toca es muy complicado y a mi me dio de lleno. Que una continuación sea igual de bu",linea,Comedia
5054,"Las series animadas de Zerocalcare tienen el poder de elevar mi ánimo, y esta cualidad radica principalmente en la manera en que se presenta y desarrolla la trama. La narrativa se despliega como un mo",linea,Comedia
5055,"Hallazgo casual con los ingredientes necesarios para que llegue más pronto que tarde a mi salón.Zerocalcere, un historietista italiano, es conducido a comisaría para relatar los episodios acontecidos ",linea,Comedia
5059,"Como en la mayoría de las producciones surcoreanas hay algo de crítica social. Se desarrolla en la época del Covid, con múltiples negocios que necesitan dinero debido a las restricciones, con lo que l",cabo,Accion
5061,"Perros de caza, titulada en inglés Bloodhounds, y en Latinoamérica, Sabuesos, es una producción coreana de Netflix, la cual presenta una propuesta de acción y drama en el marco del mundo de los presta",clave,Accion
5083,"*De Mindy pero sin MindyCocreada por Mindy Katling (The Mindy Project) y protagonizada por la primeriza Maitreyi Ramakrishnan (¿seguirá abierto el casting para interpretar a Kamala Khan?), Yo nunca (N",clave,Comedia
5084,Never Have I Ever (Yo nunca) es una extraordinaria Serie de TV que destaca por el ingenio cómico que desprenden la gran mayoría de sus personajes. Un acierto en la elección del elenco que engrandece e,curso,Comedia
5103,"He de reconocer que sentía mucha curiosidad por Valeria, la nueva serie de Netflix que adapta las novelas de Elisabet Benavent. Es el tipo “Chick-lit” que me gusta leer (y escribir) y aunque he leído ",columna,Drama
5106,"Tenía ganas de ver esta serie rodada en Madrid. No he leído los libros así que no puedo juzgarla como adaptación, sí lo haré como serie.  Y como serie solo puedo decir que es mala. Forzada, a ratos ab",capital,Drama
5132,"*Historias de mujeres para el mundoHay cierta tendencia a pensar que las series (o libros) escritos por mujeres con problemáticas que envuelven su universo femenino son exclusivamente para mujeres, pe",columna,Drama
5134,"La película, en líneas generales, consigue lo que pretende, que no es otra cosa que entretener. El problema principal es que la línea entre el entretenimiento y el tedio es muy delgada y, en ocasiones",linea | cabo,Terror
5137,"Hay una premisa absolutamente decadente en muchas de las películas de los últimos tiempos. Es la de deslizar un final en el film que, si consigue recaudar una moneda interesante luego de pasar por las",oro,Terror
5138,"Estaba cantado que habría como mínimo una secuela, tanto por una idea que se presta a ello como por el propio final de la primera parte.Pero, afortunadamente, de momento no se han limitado a aprovecha",banco | cabo,Terror
5140,"Segunda entrega de ''Escape Room'', película la cual sorprendió por innovar y ofrecer algo atractivo de ver, vistoso y muy entretenido. No inventaba la pólvora, está claro, pero se alejaba de otras ob",clave,Terror
5146,"Nada mas empezar tenemos un resumen de la anterior. Para mi perfecto, para el que entre por curiosidad a este film menuda gracia. Estamos ante una secuela directa de la anterior que, si bien se agrade",linea,Terror
5148,"Para comenzar mi comentario debo decir que no he visto la primera película, así que no puedo comparar.Esta me ha parecido efectista al cien por cien, por supuesto nada creíble, pero esto se daba por s",oro,Terror
5159,"Continúa la historia de la primera película, donde los supervivientes deciden desenmascarar a Minos y su red de escape rooms mortales, ¿les será tan fácil conseguirlo?En esta entrega hay más acción, y",red,Terror
5169,"Regresa, dos años después, la secuela de Escape room: sin salida dirigida también por Adam Robitel. Como propuesta, funciona: sus objetivos de entretener e incluso intrigar los consigue, a pesar de no",linea,Terror
5204,"Un notable melodrama romántico rodado en Dinamarca, aunque bien podría hacerse pasar por un largometraje norteamericano. ""Una vida maravillosa"" (2023) cuenta la historia de un joven y humilde pescador",estrella,Drama
5205,"Y no por sus habilidades musicales, que también, sino porque Elliott Winther, protagonista de Una vida maravillosa, es una joya de hombre. El novio que cualquiera quisiera tener, vamos. Para llevársel",estrella,Drama
5207,"Esta película no tiene nada destacable, tanto el guion literario y técnico, como la dirección  y dirección de arte son muy pobres. El peor punto es el guion literario, es una historia extremadamente g",cabo,Drama
5213,"-Crítica hasta la segunda temporada del programa-El éxito de la segunda temporada confirma algo que ya se venía oliendo desde hace tiempo: el humor absurdo de internet ha llegado a Netflix, el mainstr",clave,Comedia
5217,"Película que no consideraría de terror, es más de desasosiego, de inquietud, de tener el culo inquieto en el asiento durante dos horas. Como en un truco de magia la mitad de la película se produce en ",copa,Terror
5249,"Pues bastante en la línea de esa ""Y todos arderán"" (David Hebrero, 2021), también recientemente estrenada, llega ""Tin & Tina"". Ópera prima de Rubin Stein que entremezcla fe contra agnosticismo, la Esp",linea,Terror
5255,Uno de los debuts más sorprendentes de los últimos años. Sorprendente también porque el envoltorio de película mainstream descubre en su interior una película autoral que juega con los símbolos (esos ,campo,Terror
5262,"Me encanta leer las críticas de Filmaffinity después de ver una película y comprobar cómo coincido con algunos usuarios, con otros no tanto, y con otros cuantos nada en absoluto. Pero normalmente las ",oro,Accion
5266,Lo primero que quiero comentar es que esta película me ha sorprendido mucho y para bien.Seguramente es que al no tener mucha publicidad y el desconocimiento sobre ella te sorprende mas.La película tie,oro,Accion
5267,"Es una película de acción, que juega con la ética de los personajes cuando hay oro por medio. Ambientada a finales de la 2ª Guerra Mundial en la Alemania Nazi, perfectamente se podría haber rodado en ",oro,Accion
5268,"'Sangre y oro' es la nueva producción alemana de Netflix, una cinta bélica de acción que se está vendiendo como la nueva 'Malditos Bastardos', al tener, supuestamente, ecos de Quentin Tarantino y del ",oro | oro,Accion
5278,"Año 1982. Con ""Conan, el bárbaro"" arranca la edad dorada de Schwarzenegger; periodo de gloria cinematográfica para un Arnold convertido en una estrella del cine de acción.Año 1994. James Cameron estre",estrella,Accion
5287,La fama de Arnold Schwarzenegger como estrella de acción ha envejecido bastante como él mismo y es claro que muchas de sus nuevas producciones no tienen ese brillo que tenían sus películas más conocid,estrella,Accion
5288,"Bajona, esa sería la descripción. No seré yo el que le niegue a Arnold la condición de héroe de mi infancia (y creo que de unos cuántos más), y desde luego tampoco el que no reconozca que de cada nuev",estrella,Accion
5308,"Es el principal problema de El silencio. Su columna vertebral, el punto de partida, el arco argumental que todo lo sostiene... se sostiene sobre arenas movedizas. A partir de allí se ponen en juego la",columna,Terror
5317,"Una serie con sus puntos buenos: la creación de ambiente, la música, mantiene el misterio hasta el final, a pesar de los altibajos del guión y algunas cosas que no tienen sentido. Pero hay una cosa qu",cabo,Terror
5332,"Pobre Jenny... La infravalorada Jenny... Una señora hecha a sí misma, que vale tanto para un roto como para un descosido. Como diría 'Paquita Salas' (2016), una actriz 360, canta, baila y actúa. Una g",cabo,Accion
5348,"*Una buena historia distópicaSi eres fan de los mundos distópicos, post apocalípticos y las historias con protagonistas marginados, entonces disfrutarás de El caballero negro. Una serie que acaba sabi",clave,Accion
5357,"Con nueve años transcurridos desde el último estreno de Bandidos Films, la productora de Luis Estrada, vuelve a la carga con una nueva sátira socio-política que pone el dedo en la llaga, esta vez sobr",cabo,Comedia
5359,"Pancho (Alfonso Herrera) vive en Ciudad de México donde lleva una buena vida junto con su esposa Mari (Ana de la Reguera) y sus dos hijos, trabaja fuerte e intenta ser un exitoso empresario escalando ",oro | oro,Comedia
5373,"""La reina Carlota - Una historia de Los Bridgerton"" es una historia que nos traslada al pasado de algunos de los personajes que hemos conocido en las dos temporadas de ""Los Bridgerton"" y que se centra",linea,Drama
5375,"Shonda Rhimes tiene una mente privilegiada para crear series de tv y con el universo de ""Los Bridgerton"" ha visto el cielo abierto para seguir engordando su cuenta bancaria y seguir entreteniéndonos, ",oro,Drama
5389,Como varias de esas películas y series responden a una línea bastante distinta de la realidad francesa donde hay muchos atentados y poca integración distinta de las tramas netflixianas que contienen i,linea,Accion
5393,"El reto de trasladar uno de los Episodios de Una Guerra Interminable de Almudena Grandes al formato serie no es menor. Eso sí, si alguno resultaba más accesible por su formato de thriller de espías er",red | red | red,Terror
5401,"He visto el primer capítulo y se me han quitado las ganas de seguir viendo esta serie infumable. Los diálogos son actuales, además de completamente vulgares. La gente no hablaba así en la década de lo",cabo,Terror
5403,"Aclaro antes que nada que no he leído, ni tampoco lo pienso hacer, la novela homónima en la que se basa la presente serie, ""Los pacientes del doctor García"", a cargo de Almudena Grandes, publicada en ",estrella,Terror
5465,"Hablar de los Power Rangers es hablar de la infancia, de la niñez. Para todos aquellos que vivimos la niñez en los 90 eran un símbolo, un producto que se consumía cada vez que lo emitían en televisión",estrella,Accion
5471,"Lo que cuenta es el resultado y, a pesar de que los nuevos dueños de la multifranquicia de los ""Power Rangers"" (que tanto nos hicieron disfrutar en la infancia noventera con sus desenfadadas y cómicas",linea,Accion
5497,"Extraña película. Y más cuando se pavonea que está ""basada en hechos reales"" viendo como evoluciona el filme y el fin de fiesta que tiene. De hechos reales, más bien poco. El género de lo paranormal e",radio,Comedia
5502,"Carlos Therón en lo que podría ser el mejor trabajo de su carrera y acompañado por un elenco de primera línea como Belén Rueda Y Toni Acosta, nos trae este filme que tiene muchos ribetes de terror y d",linea | linea,Comedia
5508,"Sólo pueden entenderse las críticas negativas hacia esta película desde el habitual y prejuicioso rechazo hacía el cine hispano por parte de muchos.Esta es una buena película. No es una gran película,",clave,Comedia
5511,Me parece entretenida y me gusta el trabajo de los actores. Estoy acostumbrada a las series de ciencia ficción británicas y quizá no tiene tan buena puntuación porque no es un género tan frecuente aqu,linea,Comedia
5512,"ConclusionesUsando como punto de partida y solo como eso la existencia del padre Pilón famoso por ser un cura real investigador de fenómenos paranormales, nos adentra en una época perfectamente narrad",cura | linea,Comedia
5558,"La película no está mal del todo, pero muy infantilona.El ""chupacabras"" a mí me decepciona un poco porque parece más un gato con alas.Lo que valoro es que se mantiene fiel a la cultura mexicana de la ",gato,Aventura
5563,"Ya he acabado Bronca y tengo la misma sensación que cuándo vi Todo a la vez en todas partes. Es una historia rara de cojones, pero increíblemente original, no por tener giros de guión, si no porque es",cabo,Comedia
5598,"Bueno, pues eso, una película comedia para lucimiento de Adam Sandler y Jennifer Aniston (que a veces no se la reconoce por la exagerada cirugía, botox o lo que sea que se ha puesto en la cara). Pero ",linea,Accion
5601,"Si hay algo que la peli quiere dejar en claro desde el inicio, es que Gil Boksoon es una abeja reina. Es una autoridad, su historia la conforma como tal, sus allegados cuasi que le rinden pleitesía. A",red,Accion
5604,"*Los problemas de una doble vidaBoksoon debe morir sigue los pasos de Gil Bok-soon (Jeon Do-yeon) una mujer con una inusual doble vida de difícil conciliación. De una lado es una asesina profesional, ",campo,Accion
5608,"*Una trama exquisita y personajes sincerosCon un guion escrito por Miyuki Miyabe, la misma autora de la saga de libros originales, poco se podía fallar. Y es que la autora ha dotado de una sinceridad ",cabo,Terror
5613,"Miniserie berreta, mediocre, sin gracia, ni drama, ni originalidad, ni potencial de nada. Copia miserable y malhabida de Fleabag (véanla) y de incontables clichés básicos en la lista de recursos de cu",cabo,Comedia
5620,"Su problema no es tanto ser una serie más que busca una intriga ""al más alto nivel"" del Gobierno Federal de USA... No. Su problema es lo sosa e inverosímil historia, los diálogos forzados, las actuaci",curso,Accion
5626,"""El agente nocturno"" es un interesante thriller de acción, espionaje traído a nosotros por parte de ""Netflix"" y te absorbe rápidamente dentro de este mundo de traiciones, asesinatos, giros inesperados",cabo,Accion
5631,"Capitaneada por Carlos Saldanha (""La Era del Hielo""), en su primera serie de acción real, y protagonizada por Marco Pigossi y Alessandra Negrini, Ciudad Invisible trae una versión interesante (y adult",fuente,Drama
5632,"Ciudad invisible se la juega. Era hora de ver alguna producción que no caminara sobre seguro, que arriesgara un poco más. Al ser Brasil su locataria la hace aún más llamativa y nos permite internarnos",columna,Drama
5672,"No he visto la peli, solo la serie.La serie resumiendo va de young Belén Esteban feat Ocean´s Eleven feat Callejeros Feat uno de Élite que pasaba por allí.A la Esteban ya le pueden decir que la van a ",oro,Drama
5674,"La película me gustó. No la pondría entre mis favoritas de todos los tiempos ni es un largometraje que te dejé un regusto de reflexión, pero entretiene que es, al fin y al cabo, una de las razones par",cabo,Drama
5717,"El problema de esta (supuesta) secuela es que se adhiere a todos los tópicos del thriller policíaco basados en  asesinos en serie. Una vez oí por ahí: ""Si es de la BBC tiene que ser muy buena"". Falso.",cabo,Drama
5718,"No he visto la serie en que está basada la obra, así que no se el pasado del personaje, pero aquí se nos presenta como alguien sin escrúpulos que ha hecho cosas malas para hacer justicia por mano prop",red,Drama
5726,"Ni siquiera Idris Elba es capaz de levantar esta rutinaria película, con malvado megalómano y una historia difícilmente creíble, con situaciones inesperadas y vuelcos muy artificiosos.Se hace algo lar",clave,Drama
5737,"Iré directa al grano: espectacular, bien interpretada, bien hilada, con ritmo y fundamento.Empatizas totalmente con la protagonista y estás deseando que lleve a cabo su venganza.Sigo en spoiler",cabo,Drama
5741,"*Vuelve Kim Eun-suk con un guion excelenteKim Eun-suk nunca decepciona - al menos no a mí -, y esta vez se aleja del romance épico para adentrarnos al drama con la historia de una mujer marcada de por",cabo,Drama
5750,"You es la historia de una no tan mala idea que fue vulgarmente ejecutada, de lo que pudo ser y finalmente no fue. Tras unos primeros capítulos en los que, he de admitir, la serie logró captar mi atenc",cabo | clave,Terror
5752,"Tras ver la primera temporada, solo puedo admitir que me quedé anclado a la historia desde el primer capítulo y, pese a predecir algunas de las cosas, la serie me atrapó como una trampa con queso capt",raton | cabo,Terror
5754,"Ver “You” constituye una experiencia análoga a la de comer “fast food”: sabes que es malo, antes, durante y después; sin embargo, la medida combinación de ciertos ingredientes —azúcares y grasas satur",clave,Terror
5755,"YouAcabo de ver “You”, una serie estadounidense de 30 episodios repartidos en tres aterradoras temporadas. Porque “You” es el relato de una insoportable pesadilla, sombría y espectral, materia oscura ",columna,Terror
5756,(Hay algún spoiler hasta la segunda temporada).Seré sincero. Tenía muy pocas ganas de ver esta serie. El cartel tenía pinta de telefilme y la sinopsis tampoco era muy prometedora. Mucha gente sin baga,oro,Terror
5777,"La cosa prometía los tres primeros capítulos pero... lo siento, no he conseguido pasar de la primera temporada.El psicópata Joe, un tipo obsesivo, enfermizo y cansino hasta la extenuación, se enamora ",planta,Terror
5791,Escribo sobre la primera temporada porque las otras he descartardo verlas: La voluptuosa y bella Elisabeth Lail se lo curra bastante si tenemos en cuenta cómo debe plasmar realidad en este thriller ro,planta,Terror
5799,"Te muestra el horror que se esconde detrás de una cara bonita, de alguien que parece buena persona. Tranquilo, culto, pacífico, gracioso y sincero. ¿Que le rodean muchas casualidades? Bueno, no pasa n",cabo,Terror
5801,"Puntuación: 6,5Dentro de la menteYou comienza con una premisa que ha sido vista previamente en el mundo de la televisión y el cine. El amor enfermizo y los celos patológicos serán el camino de Joe Gol",linea,Terror
5803,Reconozco que al principio la historia no me convencía demasiado. Me parecía demasiado siniestra y pensaba que la historia iría por los mismos derroteros que cualquier película de sobremesa de Antena ,clave | cabo,Terror
5805,"Lo digo con toda la intención. Una peli para mujeres es un palo seguro. Al igual que una peli para hombres. Cuando empiezas a ver una película, y a los dos planos ya deduces que la directora es una mu",red,Comedia
5827,"Hacer una crítica de un monólogo es tarea infrecuente, al menos en mi caso. Las formas del producto exigen una variación en las formas de su comentario, de modo que quedan a un lado las referencias al",clave,Comedia
5851,"La fijación por llevar a un mismo actor en roles de triada en México es como un reto sin satisfacer del todo, ya que la dificultad de la técnica para sostener una historia con toda la habitualidad con",oro | cabo,Drama
5853,"A Netflix se le tienen ganas, y no por razones puramente artísticas. Una muchedumbre indignada acaba de descubrir que en la plataforma radicada en Los Gatos abunda la basura algorítmica. Casualidad o ",linea,Drama
5869,"Una vez más me veo atraído por la filmografía de Julien Leclerq, cual mosca a la lámpara eléctrica. Este director, pese a sus fallos y flaquezas, ha desarrollado una variante del genero neo noire por ",cabo | cabo | curso,Accion
5874,"Si se pretendía realizar un remake de “Smartphone o Otoshita dake nanoni” lo han conseguido. Y es que, si la primera versión dirigida por el japonés Hideo Nakata tiene serios fallos, esta última, real",fuente,Drama
5895,"Desconozco si la plataforma lo hace adrede, si es un fallido o si tan solo es un mal uso de las palabras, pero en muchos de sus productos del género del suspenso aparece el lema: intriga-drama-suspens",red | red | red,Drama
5898,"‘La ley de Lidia Poët‘ es una serie italiana de Netflix, cogiendo como base la historia real de Lidia Poët, la primera abogada italiana, y combinándolo en una ficción en la que dicha protagonista debe",clave,Drama
5903,"*Irene y JulioTodas las veces que nos enamoramos es un serie romántica de amor, cine, mucho cine, y autodescubrimiento.  Todo comienza con Irene (Georgina Amorós) dejando, en 2003, su Castellón natal ",capital | linea | cura | capital,Comedia
5905,"Los protagonistas, estudiantes ellos de Comunicación Audiovisual en el año 2003, están desde el primer curso trabajando... en lo suyo. Esa sí que es buena. Deben de ser los tipos más suertudos del gre",curso,Comedia
5913,La nueva apuesta de Netflix nos trae a Reese Witherspoon y Ashton Kutcher como dupla para entregarnos una insulsa película de amor.  La película que dirige Aline Brosh McKenna tiene momentos en que te,campo,Comedia
5916,*Muy distintos y muy similaresTu casa o la mía es una comedia romántica protagonizada por dos amigos íntimos. Dos amigos que llevan siéndolo y mucho durante los últimos veinte años. Tan amigos son que,curso,Comedia
5919,"Es verdad que no ofrece una historia demasiado novedosa, los personajes secundarios no funcionan muy bien,  es cierto también que todo resulta perfecto, demasiado como para ser creíble... pero al fin ",cabo,Comedia
5920,"He visto... Tu Casa O La Mía (Netflix)...https://www.filmaffinity.com/es/film578852.htmlUn 7. Y no, no puedo decir que sea una buena película. Ni creo que a la mayoría de la gente le vaya a gustar. Pe",linea,Comedia
5923,Si este año había comenzado con algunos dramas donde había comentarios sociales como en 'The Interest of Love' o críticas hacia los roles de género de forma divertida e inofensiva como en 'Crash Cours,estrella,Comedia
5957,"A ver, siendo generosos podría recomendar este film para una tarde aburrida. La cosa invita a presagiar que nos encontramos con una buena peli: interesante ambientación, thriller basado en desaparicio",oro,Terror
5960,"Pero malo malo. Histriónico, inverosímil, desequilibrado. Imitador americano cutre.Cuando en una película policiaca española, los cuerpos y fuerzas de seguridad nacionales disparan más de tres tiros s",linea,Terror
5979,"Me declaro fan absoluto de ‘Detective Conan‘, popular manga y anime que, después de décadas, sigue en activo, y este nuevo spin-off, ‘Detective Conan: Hanzawa el culpable‘ es buena prueba de ello. La ",clave,Accion
5986,"Nada nuevo en el horizonte entre las posibilidades que abre el subgénero de las romcom con la parejita (Jonah Hill y Lauren London) y los suegros separados por brechas culturales -unos judíos, otros m",cabo,Comedia
5991,"*Misma fórmula de éxitoNo seré yo quien reabra el debate sobre los pecados cometidos por Netflix con sus propios productos, decisiones ya tomadas que han ido sembrando la duda tanto entre los creadore",cabo,Accion
6003,"Desconozco el relato literario de ""La chica de nieve"", por lo tanto, solo puedo opinar sobre la versión audiovisual.Si ser un relato demasiado original y bastante previsible en su conjunto, si es perc",linea,Drama
6004,"En la línea de la exitosa 'El desorden que dejas' (2020) de Carlos Montero, llega 'La chica de nieve', otra adaptación literaria, en esta ocasión de una novela de un tal Javier Castillo, que juega las",linea,Drama
6037,"*Acercándose al género WuxiaLas producciones de época en las series surcoreanas suelen ser de género político, romántico, drama y ocasionalmente fantástico. Esta producción ha sido toda una sorpresa, ",linea | linea,Comedia
6046,"*Un temible futuroJung_E tiene sus coordenadas en la numerosa prole de películas postapocalípticas donde la humanidad o se ha ido al garete, o ha sufrido grandes daños. En este caso, en el siglo XXII,",plata,Accion
6047,"Muy buena serie desde el punto de vista narrativo. Sus capítulos se hacen ligeros, la trama está muy bien hilada y las interpretaciones de los personajes son más que notables (destacaría aquí a Walid,",cabo,Accion
6061,"Al principio es algo confusa, porque entre que los miembros del comando isrealí hablan árabe, y a veces hasta lo son, y los palestinos parece que viven todos por el Pozo del Tío Raimundo, uno no sabe ",clave,Accion
6082,"Más allá de que tan terrorífica sea y de cómo esté llevada a cabo, creo que primero que nada hay que reconocer que la serie cumple con lo prometido en su título: las historias que se nos presentan a l",cabo,Terror
6099,"Voy a ser breve porque la serie no merece mucho análisis. Estamos ante uno de los mayores bodrios que ha visto la luz en netflix y no se trata de un bodrio cualquiera. No. Es un bodrio de categoría, d",linea,Accion
6102,"Al escuchar que el director es el mismo que el de la Casa de Papel uno se ilusiona, cree que estará viendo algo a un nivel parecido o igual pero nunca algo tan malo.El tema de la trata para la prostit",cabo,Accion
6115,"El domingo pasado le di una vuelta a “Netflix “ y me fijé que “Sky rojo” estaba de estreno.Se anunciaba como una serie con aires de “Tarantino” , así que pensé que sería  interesante.Me acomode en mi ",linea | oro,Accion
6125,"Tengo que decir que los cuatro primeros episodios me gustaron, me entretuvieron que al fin y al cabo es de lo que se trata. Primero pensé que era una imitación a ""Abierto hasta el amanecer"" pero en ve",cabo,Accion
6130,"Serie prototipo de Netflix: feminismo de 3 super heroínas en un mundo de hombres malos; y que no falten los flashbacks, las idas y vueltas constantes sin sentido como si eso le diera calidad a este in",linea,Accion
6135,"Os ruego que me disculpéis, dicho así de antemano, si me dejo algún cabo suelto al pormenorizar en los logros -si los hay, me los habré perdido- y taras de un juguete tan abominable, hortera y risible",cabo,Accion
6139,"La primera temporada me hizo pensar que era algo redondo; la segunda temporada, que dejé en el segundo capítulo, me hizo ver que era solo una oportunidad más de mostrar machismo, violencia barata y gr",cabo,Accion
6161,"Está claro. Las películas y series americanas cada vez son más flojas y las europeas han conseguido, con la ayuda de las plataformas on line, una presencia que las grandes distribuidoras no les daban.",linea,Accion
6162,"*La estética del desierto y el homenaje a Thelma y LouiseLos escenarios naturales de la isla canaria de Tenerife acogen esta nueva ficción de Netflix, que esconde secretos y traiciones tras las puerta",fuente | campo,Accion
6171,"*Noruega 1940Al principio de la II Guerra Mundial, Noruega se había declarado neutral. Hacía tan solo 35 años que Noruega había conseguido su independencia tras la unión con Suecia, acaecida en 1814. ",clave | cabo,Drama
6173,"Cuenta una historia interesante de la Segunda Guerra Mundial que apenas se conoce. En 1940, Noruega permanece neutral en la contienda, los ingleses y alemanes se abastecen de hierro en unas minas gran",cabo,Drama
6181,No entiendo porque esta mini serie de 9 capítulos ha tenido tan poca repercusión dentro del catálogo de Netflix. Tan solo tiene 3 criticas en esta página y apenas se le ha dado publicidad. A pesar de ,clave,Comedia
6185,"Si buscas una serie que te produzca un placer exquisito probablemente sea esta misma, titulada “Sexify” porque pone todo su empeño y su esfuerzo en conseguir semejante y placentero objetivo.—Si eres u",curso | campo,Comedia
6186,"Esta serie es descarada, divertida, irreverente, … eso es lo que quizás habría podido escribir hace, como poco, 10 años. Parece que en Polonia se hubieran metido en un agujero aislados del mundo hace ",gato,Comedia
6191,"En un dantesco México de desaparecidas, Julia desciende a los círculos infernales de la impunidad, injusticia y silencio omiso de las autoridades, en busca de su hija Ger. Un dolor muy personal se vue",red,Drama
6194,"Película ambientada en el siglo diecinueve a orillas del rio Hudson, en Nueva York. La historia gira en torno a la investigación de unos crímenes cometidos en una academia militar, como así reza en su",cabo,Terror
6201,"*“The pale blue eye” (el pálido ojo azul)No revelo nada si digo que uno de los personajes que aparecen en el film Los crímenes de la academia es Edgar Allan Poe, de hecho, es uno de los reclamos de es",clave,Terror
6203,"“Los crímenes de la Academia” nos lleva ante una de esas películas que saben cómo captar la atención del espectador desde los primeros instantes, mantenerla con continuos (pero razonables) cambios de ",cabo | linea,Terror
6220,"A orillas del río Hudson se alza en Nueva York la famosa Academia militar de West Point. Estamos en 1830, en pleno romanticismo, y la extraña muerte de un cadete reclama la presencia del detective Aug",clave,Terror
6234,"Después de 'La ley del más fuerte' y 'Hostiles', Christian Bale y el director Scott Cooper vuelven a colaborar en esta intriga del siglo XIX ambientada en la academia militar de West Point donde apare",campo,Terror
6237,"Winding Refn vuelve a casa por navidad. Regresa a Dinamarca, tras muchos años rodando para el infame mercado capitalista que algunos llaman Hollywood. En el caso de Refn, a diferencia de la mayoría de",plata,Drama
6244,"Resumiré todo en:Vine buscando oro y encontré diamantes.Por favor señor Netflix no canceles la segunda temporada de esto, no nos jodas a los que hemos flipado viendo las locuras de Nicolas Winding Ref",oro,Drama
6251,"Explorar nuevas vías en el entretenimiento visual, es algo necesario, pero complicado para llevar a cabo, debido a que en su mayoría, las puertas para experimentar, ya han sido abiertas.En la búsqueda",cabo,Drama
6255,"Entiendo que NWR (así se pone él mismo en los títulos de crédito, en su página web y en sus instagram) provoque rechazo. Alguien tan ególatra y pagado de sí mismo siempre genera rechazo. En el país ch",oro,Drama
6269,"No me gusta titular las críticas con el mismo título que las series o películas, me gusta buscar una alternativa, pero en este caso el título le viene como anillo al dedo, creo que imposible encontrar",clave,Drama
6275,"Soy cinéfilo y escritor de novelas, las cuales muestran una cierta influencia cinematográfica. Filmaffinitty es un punto de referencia para todo aficionado al cine, que desea saber si una película mer",oro,Drama
6290,"Como todos los años siempre nos sale la típica película o serie centrada en un grupo de bandidos que deciden marcarse el atraco de su historia, y este año no iba ser diferente, donde Netflix nos trae ",cabo,Accion
6297,"No conocía “Monster”, ni el anime ni el manga. Lo descubrí leyendo los comentarios de la edición en DVD de la primera temporada. El argumento pintaba bien y además  ponían la serie por las nubes, por ",oro,Terror
6303,"Trágica, cruel,conmovedora y terrorífica,esas son las palabras por las cuales un servidor, describe esta serie. una serie donde los personajes cobran vida propia, la evolución de estos es constante a ",curso,Terror
6305,En primer lugar quiero advertir que esta crítica no está escrita por alguien que haya visionado la serie.En honor a la verdad he de confesar que sólo he visto algún capítulo suelto de la misma.No obst,clave,Terror
6322,"Con 'Monster' tenemos una serie anime quizá muy poco convencional, alejada de esos animes que todos conocemos (detractores del anime o no), en los que prima la fantasía y una trama plana. Si muchas pe",cabo,Terror
6331,"...la gran clave de esta serie es el desarrollo. El Ascenso desde el drama ético a una historia de terror a una thriler de suspense. Tiene de todo y mucho más, y todo tiene sentido, esa es la clave.Am",clave | clave,Terror
6338,"Lo importante de esta serie está en la historia y en el desarrollo de la misma. Parece que, según he podido leer, el storyboard es viñeta a viñeta el manga de Naoki Urasawa. Si es así, el manga debe s",clave,Terror
6341,"¨Monster¨ es un anime de visión obligatoria. Un thriller adulto de tono realista con toques de drama y terror.La serie gira en torno al ¨Monstruo¨, un joven misterioso que parece ser una mente crimina",clave,Terror
6367,Noah Baumbach hace un pastiche tremebundo e inclasificable. Con ramalazos de Wes Anderson pero con tonos más oscuros e incluso toques terroríficos. Cine indie que no sabemos si se ríe de sí mismo o de,plata,Comedia
6372,"Los tiempos cambian, y a veces, para cambiar, miran hacia atrás. La novela es del 85, y por lo que parece ahora es el momento de hacer la película. Los ochenta, un tiempo que aborrecíamos estéticament",cabo,Comedia
6381,"*Por aquí, allá y todas partesQué rabia cuando un largometraje goza de buenos ingredientes iniciales, tiene un primer acto sobresaliente y parece que acariciará la gloria más pronto que tarde, para de",linea,Comedia
6403,"Lo que no sé explica, sobre todo comentando la Serie cuatro historiadores, es por qué Mehmet, pudiendo haber tomado el fortín o fortines desde los que se accionaba la cadena que atravesaba el puerto p",oro,Drama
6405,"Este docudrama turco nos relata el asedio y caída de la ciudad de Constantinopla, capital de lo que quedaba del Imperio Romano de Oriente o Bizantino en poder de los turcos otomanos en 1453, a la vez ",capital,Drama
6406,"Excelente documental dramatizado protagonizado por el solvente actor turco Cem Yigit Uzümoglu, que cumple sobradamente con su papel de Mehmed II, el conquistador de Constantinopla en 1453, cuando la c",cabo,Drama
6409,"Que al menos es lo que me ha pasado a mí.No esperaba gran cosa, debido a mis pre-juicios principalmente, ""ya verás, serie turca hablando de conquistas turcas""Pero la curiosidad mató al gato y en mi ca",gato | cura,Drama
6411,"La mejor docu-serie que he visto hasta la fecha, en ella se nos cuenta la historia de ""Mehmed II"" y el gran ""Imperio Otomano"".Cuenta con buenas actuaciones y con algunos actores conocidos en series co",campo,Drama
6438,"Como suelen decir que no hay mal que por bien no venga, aunque no me columpiaré asegurándolo puesto que soy neófito en ambas series, en el margen exclusivo de sendas adaptaciones televisivas, diría qu",estrella,Accion
6460,"En los whodunit que se han producido a través de los años, hemos visto a tantos y tantos detectives que es difícil que alguien pueda aportar algo nuevo y singular. Sobre todo, en la construcción del p",cabo,Comedia
6465,"Mi expectativa ante este tipo de películas es ver algo entretenido, ligero y divertido. Para mi no cumple con el objetivo. Me resulta larga, tediosa, inverosímil, estrafalaria y cero graciosa.Pero tra",clave,Comedia
6469,"Cada roadtrip veraniego en Calabria tiene obligada parada en Tropea para deleitarse con su auténtica cebolla roja, única en su género, con un sabor refinado, ligero y crujiente. Una auténtica delicia ",linea,Comedia
6483,"24/24(26/01/23) Decepcionante secuela (aunque es independiente de la primigenia) de una peli ya de por sui sobrevalorada., de la que pensaba podrían pulir las aristas vistas, pero que lo que hace es s",campo | raton,Comedia
6495,"Si bien no tenía altas expectativas, la primer entrega de Knives Outs me sorprendió gratamente, con su estilo  altamente agathacristiano. A saber,  variopintos, a cual más estrambóticos, personajes fa",capital,Comedia
6496,"Tengo la sensación de que Rian Johnson tiene que demostrar su superioridad intelectual en cada una de sus obras, dándote un giro que era el esperable pero ese solo era un trampa para pillarte despreve",gato | raton,Comedia
6509,"Aunque suena a trabajo fácil hacer una secuela, en los tiempos que corren es algo más complicado de lo que parece. Tienes que mantener la esencia de la original y, si puedes, meter algún guiño que la ",cabo,Comedia
6520,"Tras el éxito de la primera Puñales por la Espalda no había que ser muy listo ni saber mucho de como van las cosas en el show business para saber que una secuela se iba a crear más pronto que tarde, a",linea,Comedia
6541,"Si te entretuvo la ""primera parte"", esta lo va a conseguir de una manera más rápida, aunque, a pesar de eso, no vas a ver una completa obra revolucionaria, sino una pequeña escala de la sátira que se ",corona,Comedia
6543,"Puñales por la espalda: El misterio de Glass Onion es una secuela de la exitosa comedia de intriga Puñales por la espalda (2019), dirigida y escrita por Rian Johnson. En esta ocasión, el detective Ben",oro,Comedia
6551,"El detective Benoit Blanch es invitado a una isla para un ""murder mystery game"" pensado por el millonario Miles Bron, pero nada más llegar a la isla vemos que hay gato encerrado en esa fiesta del ases",gato | cabo,Comedia
6556,"No disfrutaba tanto desde Cluedo. Ambientación de lujo con un reparto de escándalo. Daniel Craig demostrando que puede hacer más cosas que lucir palmito en James Bond.Una película brillante, fresca y ",linea | clave,Comedia
6565,“Puñales por la espalda” fue un absoluto bombazo cuando se estrenó hace ya tres años. Y lo fue no tanto por las cifras en taquilla -que obviamente fueron buenísimas con respecto a su presupuesto- sino,capital,Comedia
6574,"Nuevamente, quedamos satisfechos con el trabajo de Rian Johnson. La segunda entrega de las aventuras del detective Benoit Blanc son un tremendo espectáculo de risas, misterio y personajes detestables ",oro | oro,Comedia
6578,*Una secuela muy diáfanaPuñales por la espalda 2: El misterio de Glass Onion nos reencuentra con el detective Benoit Blanc (Daniel Craig) y con otro grupo de pijos envueltos en un crimen. En esta nuev,clave,Comedia
6587,"Llego por fin la 2º temporada de ALICE IN BORDERLAND. Una serie que gano un gran foco gracias al éxito de ""El Juego del Calamar"" y las ganas de los espectadores por consumir productos de este tipo. Y ",clave,Ciencia Ficcion
6605,Ya se antoja con un titulo tan rebuscado que algo no va del todo bien. Demasiada paráfrasis es mala señal. Pero si esta desmesura obedeciera a un despliegue original y novedoso en la pantalla esto ser,cabo | fuente,Comedia
6613,"217/05(07/08/23) Infravalorada dramedia del 4 veces ganador del Oscar, el mexicano Alejandro González Iñárritu, hay quien la ha visto pretenciosa o pedante, a mí me ha sido por momentos embriagadora e",linea,Comedia
6619,"La verdad es que #iñarritu sigue sorprendiendo con el nivel de sus películas.Las últimas tres (Birdman, The Revenant y Bardo) vienen coronando años de trayectoria y de éxitos como Amores Perros, 21 Gr",clave,Comedia
6635,"He visto la serie... El Nuevo Empleado (Netflix)...https://www.filmaffinity.com/es/film380776.htmlUn 7. Generoso siete, porque en realidad no es una serie del todo buena. Pero me ha caído simpática. M",clave | clave,Accion
6642,"Por fin he finalizado la primera temporada de esta serie de animación, la cual cuenta con 10 capítulos. Se trata de una serie que ha llegado sin hacer ruido, y que he descubierto de casualidad (una fo",capital | plata,Comedia
6653,"Tengo que decir  que no soy muy fan de las películas navideñas, ya sean grandes producciones o telefilms baratos de sobremesa como este. Pero dado la proximidad de dichas fechas, me decidí a ver una y",linea,Comedia
6663,"No me considero una fan de Guillermo del Toro, tampoco una anti Guillermo del Toro; sólo que sus películas no me llegaban a mover ninguna emoción. (El laberinto del Fauno, La forma del agua) tal vez d",plata,Drama
6665,"-	¿Otro Pinocchio?-	 ¡Si, otro Pinocchio!-	¿Pero cuantos Pinocchios van ya?-	¡No lo sé!-	¿Y que tiene de diferente esta vez?-	Amigo… que no tiene de diferente.Así es buenos lectores, tenemos otra vez ",estrella,Drama
6672,*Una versión realmente interesanteSu hora y cuarenta y cinco pasa completamente volando ya que entras en la trama desde el principio. Pinocho (Guillermo del Toro) se toma su tiempo en mostrarnos un tr,linea,Drama
6673,"¿Cómo entrarle a una película de animación cuadro a cuadro y no verse maravillado delante de tal prodigio? No hay adjetivos suficientes para regarse en alabanzas frente a este tipo de obra, catedralic",linea | gato,Drama
6678,"No iba a ver esta película, no estaba en mis planes sentarme a ver una versión de Pinocho que dure casi dos horas. Fue bueno que haya estado nominada a los Oscar y por eso la vi, me lleve una linda so",red,Drama
6684,"415/26(30/12/22) El creador de universos propios, el mexicano Guillermo del Toro (de ahí el acertado título, no por pedantería, si no por remarcar que es su mente la que moldea el relato), junto al es",raton,Drama
6692,"“Pinocho”, el famoso personaje proveniente de la literatura italiana, tiene una muy buena adaptación a cargo del mexicano Guillermo del Toro,  quién con mucha creatividad y excelentes diseños de su eq",linea | oro,Drama
6694,"Nuestro Minireview de:Pinocho (2022)Guillermo del Toro & Mark Gustafson.NetflixVersión musical en animación stop motion del famoso cuento de 'Pinocho', ambientada en la Italia fascista, durante la déc",linea,Drama
6704,"El título es porque la gente habla de lo emocionante que les ha resultado esta versión de Pinocho y sinceramente... para un servidor, pasará sin pena ni gloria.Entiendo que el niño de madera es una li",raton,Drama
6705,"Muchos años se ha tenido que esperar para ver esta película, una película un poco diferente a la que hemos visto siempre, unos cambios que Guillermo quiso hacer deliberadamente, como el campo de entre",campo,Drama
6711,"Estamos delante de una obra maestra del cine, y que seguramente logrará un estatus como Pesadilla antes de Navidad hoy en día.Es una auténtica exquisitez la animación que tiene esta película. Es que s",cabo,Drama
6726,"Los renglones torcidos de Dios se basa en la novela homónima de Torcuato Luca de Tena, de 1979. La gracia de la novela radica, desde mi punto de vista, en 2 aspectos. El primero es la constante ambigü",clave,Drama
6733,"“Los renglones torcidos de Dios” es una célebre novela escrita por Torcuato Luca de Tena en 1979, que trataba de exponer fidedignamente el turbio y mal comprendido mundo de las enfermedades mentales. ",clave,Drama
6735,"Película muy fría con el espectador, y cuyo único objetivo es ""intentar"" que pase miedo un rato, lo cuál tampoco consigue. No capta la esencia de la novela que, más allá de una novela de intriga, es u",campo | oro | linea | campo,Drama
6745,"No, no estoy loco, me ha gustado esta película.Entré en la sala con pocas expectativas y es que los trabajos de Oriol Paulo nunca han sido de mi devoción, más bien todo lo contrario. Por eso, no podía",curso,Drama
6751,"Como película es mala con ganas, como adaptación de una novela el resultado es horrible, y si además comparamos novela (que es magnífica) con película no se entiende como se puede haber desaprovechado",clave,Drama
6765,"La novela de Torcuato Luca de Tena es compleja de adaptar, pero Oriol Paulo ha hecho un trabajo más que satisfactorio al trasladar el relato a la gran pantalla. El director ha combinado una gran ambie",clave | linea,Drama
6768,Viendo las criticas y a la sombra de la gran novela en la que se inspiraba me lance a disfrutarla. No creo que la acabe.Supongo que cuando tienes unos años y has visto tantas películas solo hacen falt,clave,Drama
6779,"*Una jaula de grillosLa sofisticada y elegante detective privada, Alice Gould, magníficamente interpretada por Bárbara Lennie (Magical Girl), se infiltra en un psiquiátrico para resolver un caso de ho",linea,Drama
6781,"Dentro de la sección Perlak del Festival de Cine de San Sebastián, con el marco incomparable del Teatro Victoria Eugenia de la capital donostiarra y a primera hora de la mañana, pude presenciar la ada",capital,Drama
6791,"Oriol Paulo en estado puro.Los renglones retorcidos De Dios es un thriller cojonudo, como casi todo lo que hace Oriol Paulo.En este caso, un thriller psicológico que juega a la trampa, como todo lo qu",linea | linea,Drama
6793,"En el mundo en el que vivimos, es muy difícil llegar a distinguir entre la delgada línea de la locura y la genialidad, así como la de del bien y la del mal, a veces hace falta tan sólo, un paso en fal",linea,Drama
6794,"Excelente ambientación de la novela homónima, de Torcuato Luca de Tena Brunet, con un elenco de primerísima línea, Bárbara Lennie y Eduard Fernández, vuelven loco al espectador en esta lucha entre la ",linea | linea,Drama
6800,"""Los renglones torcidos de Dios"" es un thriller que consigue mantenerte enganchado durante sus más de dos horas y media de duración, pero, ¿realmente ofrece tanto como para justificar esta duración?No",cura,Drama
6818,"Los renglones torcidos de Dios es un buen thriller de historias enredadas y misterio, pero me ha resultado algo aburrida sobre todo en el escenario que transcurre la historia. Se sale mucho del tipo d",cabo,Drama
6821,"La película está presidida por Alicia, el personaje que interpreta Barbara Lennie, personaje que hace dudar sobre los hechos que están sucediendo. Una dualidad, la del personaje, por la cual no sabes ",linea,Drama
6826,Thriller psicológico basado en una de las grandes obras de Torcuato Luca de Tena (el ciudadan@ de a pie de España lo tenemos más en la memoria como el fundador del periódico generalista de corte crist,clave | linea | cura,Drama
6834,Las películas cuya trama se desarrolla en sanatorios mentales siempre son dadas a manipular al espectador para que esa fina línea que separa el mundo real de la locura siempre sea más o menos difusa a,linea,Drama
6858,"Soy de esas personas que en una adaptación de una novela entiendo, por el formato, que se puedan tomar ciertas licencias u obviar determinadas cosas. Otra cosa es lo que han hecho con esta película, l",clave,Drama
6859,"Los renglones torcidos de Dios está dirigida por Oriol Paulo, colocando en Bárbara Lennie el peso de la película. Ella es Alice, una investigadora privada que entra en el centro psiquiátrico simulando",linea,Drama
6866,"Me confieso un notable consumidor de cine español en las últimas cuatro décadas, y desde esta mirada he creído observar en los últimos 15-20 años un declive lento, pero constante en la calidad de nues",linea,Drama
6878,"*Los mismos nombres, distintos personajesCon un reparto de actores veteranos y algunas caras más desconocidas, La Casa de Papel: Corea nos presenta a una Tokio, un Río, un Denver, un Berlín y un Profe",clave,Accion
6902,"La vida de un grupo de personas con varias identidades sexuales cada una de ellas pero todas con algo en común: querer ser felices sin dañar a nadie más ni a nosotros mismos, aunque lo hagamos sin que",copa,Comedia
6910,No me lo esperaba. Quiero decir que aunque me temiese que no estuviera a la altura de mis expectativas no me esperaba no poder pasar del tercer capítulo.Normalmente me gusta ver toda la ficción LGBTQ+,clave,Comedia
6911,"En general, es una seria agradable, con guiños a la actualidad pero con la fórmula de toda la vida de ""he encontrado al amor de mi vida pero se comporta como raro y no sé si siente lo mismo"" que resue",oro,Comedia
6914,"Desconocía quien era Guillem Clua y que ‘Smiley’ fuese originalmente una obra de teatro. Por mucho que se empeñen, el teatro nunca ha terminado de despegar en la capital catalana. Supongo que la cultu",capital,Comedia
6921,"*Reviviendo clásicosEl amante de Lady Chatterley supone una nueva adaptación de la novela erótica de D.H.Lawrence. Situada en los años 20, la historia primero nos presenta a Connie (Emma Corrin) y al ",campo | cabo | fuente,Drama
6927,"Maravillosa adaptación de la novela insípida de D.H. Lawrence que se ha sacado de la manga la directora francesa, Laure de Clermont-Tonnerre, quien explicaba que para las tórridas y numerosas escenas ",cabo,Drama
6936,"Odio las críticas porque las hacemos gente pedos que no pueden llegar a ser mierda. Ojalá estuviera capacitado para hacer una décima parte que lo que hace el director o algún estomacal actor. Pero, co",planta,Drama
6939,"Tenía ganas de verla, la empecé con mucha ilusión, la película cumplía con mis expectativas, pero al cabo de unos minutos ya tenía la sensación de haber visto esta película mil veces, la ilusión se to",cabo,Drama
6943,"La película hay que verla con cierta calma y pausa política (no sé si es posible con el panorama político actual), no se la puede defenestra por ser contrario a las ideas políticas del personaje princ",linea | banco | banco | banco,Drama
6949,"Juan José ballesta, como siempre más tieso que una vela y súper forzado (cogió el registro del Bola cuando era un niño y desde entonces todas sus interpretaciones son versiones y muecas de dicho perso",vela,Drama
6953,"Me imagino que pretendían hacer algo parecido a Venganza del grande de Lian, pero les ha quedado más bien a un gitano cabreado, de primeras el actor protagonista para ser italiano, me recuerda más a u",clave,Accion
6967,"Me sorprende la poca memoria que tiene el espectador medio o quizás es que jamás ha visto un capítulo de 'Las escalofriantes aventuras de Sabrina', en ese caso, le perdono la vida. No han pasado ni do",gato | gato,Comedia
6972,"Vamos a decirlo ya.No habrá familia Addams como la de la película de Barry Sonnefeld en 1991. La secuela es mejor olvidarla, pero la primera cinta con Raúl Juliá, Anjelica Huston, Christopher Lloyd o ",estrella,Comedia
7010,"*Ahora sí, Tim BurtonSeñoras y señores, Tim Burton vuelve después de muchos años al formato serie de televisión para por fin echar mano a uno de sus proyectos fallidos. Recordemos que estuvo a punto d",oro | linea,Comedia
7034,"Una historia triste, cruda y, lo que es peor, totalmente real. Pese a las licencias que la directora se haya tomado para cerrarla con broche de oro (aunque no se diga explícitamente), creo que es una ",oro,Drama
7040,"La historia es bastante emotiva, y seguro hay muchos dramas de inmigrantes mucho más dramáticos, pero por ser 2 nadadoras olímpicas daba para una buena película.El problema es que tiene un aire de Tel",vela,Drama
7052,"Muy bonita, imaginativa, tierna y visualmente un espectáculo. No se puede pedir más.Como me gusta nadar contracorriente diré que lo peor de la película, como era de esperar, es la actuación de Jason M",linea,Aventura
7059,"La serie se encuentra en un limbo entre animación para adultos y literalmente Pocoyo. Su principal problema es que no es ni una, ni otra. Cuphead es un videojuego cuyo público mayoritario es adulto, p",linea,Aventura
7063,"Antes de comenzar, tengo que aclarar que no he jugado al videojuego de Cuphead (todavía…), por lo que mi reseña se limitará a valorar la serie independientemente de la obra original, por lo que nos po",raton | linea | clave,Aventura
7064,"¡La serie de Cuphead! es, sin duda, una serie que llama la atención. Basada (no es una adaptación) en el popular videojuego, destaca principalmente por su apartado artístico en la línea de los dibujos",linea,Aventura
7065,"No he jugado al juego a pesar de que siempre me ha atraído su estética. No por nada sino porque no juego casi a videojuegos. Pero la serie, pese a que en ocasiones puede ser un poco irregular, me pare",linea,Aventura
7074,"Trabajo incógnito se presenta como una versión animada, descontracturada y picante de cuanta teoría de la conspiración se encuentre por las redes. Está construida desde la mirada de una prota que sigu",columna,Comedia
7085,"Notable escenificación, ambientación y vestuario con temazos icónicos al terminar cada episodio.Suele ser lo que normalmente se destaca sobre un producto que, en mi opinión, es un auténtico petardazo.",linea | linea,Aventura
7101,"No me disculpo por el título, se lo merece. Vamos al turrón. La serie se ha grabado en clave baja, dejando una atmósfera casi asfixiante pero bien lograda. Los efectos también son buenos. Pero lo demá",clave,Aventura
7121,"Sí, Baran bo Odar no se desvano o los sesos como en su anterior obra ""Drak"" a la hora de serializar en unas demasiado largas 8 horas de metraje, lo que Gene Roddenberry, René Echevarria y Brannon Brag",capital,Aventura
7130,"Eso de que la vida es sueño son tonterías de poetas y filósofos; lo único que puede haber de cierto en ello es que la vida da sueño. Eso sí que es una verdad universal. En mi caso, es estar unas 12 ho",linea,Aventura
7140,"¿Por qué a mí? Seguro que en algún momento de tu vida has sentido como que todo te salía mal, como que la vida te ponía demasiadas zancadillas y cuando intentabas dar lo mejor de ti, siempre acababas ",oro,Comedia
7144,"Puntuación: 5,5Mátame muchoDead to Me se presenta como una nueva comedia negra a mayor gloria de su estupendo dúo protagonista.Pero, aunque Dead to Me tenga pinceladas de comedia negra (atención a la ",cabo,Comedia
7145,"Tengo que reconocer que me he reído bastante viendo esta serie. Mucho más que con las últimas que he visto, que han resultado un fiasco casi todas. Me han gustado los dos personajes principales, esas ",linea,Comedia
7152,"Cuando empecé a ver esta serie me pareció un poco lenta, aburrida. No terminaba de definir si era un drama, una comedia o algo que se quedaba a mitad de camino. Fue mejorando y siendo más clara en a m",cabo,Comedia
7156,"Partimos de la idea de un duelo que se trasforma conforme avanza el tiempo. Muchas veces viene acompañado de una ira incontenible, de arrepentimiento o locura.Todo esto define a ""Muertos para mi"".Ello",estrella,Comedia
7166,"*PresentaciónSiendo una coproducción de Irlanda y Reino Unido, su director de nacionalidad chilena Sebastián Lelio, fue anteriormente galardonado en 2017 con el Óscar a la Mejor Película de habla no i",corona,Drama
7169,"Una película del director Sebastián Lelio siempre es interesante a priori. En este caso, además, despierta cierta curiosidad que haya rodado en inglés y con actores británicos en su mayoría. Y desde e",clave,Drama
7180,"En esta película del director chileno Sebastián Lelio, una enfermera debe investigar un extraño caso de una niña que aparentemente vive sin necesidad de alimentarse. Transcurre en el siglo XIX en Irla",cura,Drama
7187,"""El prodigio"" nos presenta una historia que combina con éxito toques de drama y de thriller. La propuesta es interesante y tiene un tono siniestro que me gusta, aunque, a la vez, siento que le falta r",clave,Drama
7205,"Realmente engancha esta serie estereotipada hasta la máxima expresión. Cumple a la perfección con los roles adjudicados a las nuevas generaciones denominadas, ""Adolescentes millenial"" (interpretados p",linea,Drama
7206,Reconozco que esta crítica podría haber sido francamente positiva si la serie se hubiera quedado en la mitad. Si en lugar de 8 capítulos hubieran sido 4. Ése es uno de los grandes errores de la ficció,linea,Drama
7212,"A pesar de que esta serie ha sido concebida por Zac Efron y Darin Olien como un canto más de los mucho que vemos últimamente en favor de la naturaleza, la sostenibilidad y el ecologismo, lo cierto es ",cabo,Aventura
7213,"Zac Efron es uno de esos pocos actores afortunados que han sabido desvincularse de su pasado (High School Musical, por si hay algún despistado) y que han seguido hacia adelante, con paciencia, intelig",clave,Aventura
7217,"Película noruega de hombres lobo lanzada directamente en Netflix, que está dirigida por el responsable de títulos como la entretenida Elevator (2011), y que está protagonizada por Ello Rhiannon Müller",clave,Terror
7220,"*Una serie de asesinatos en mitad de una pequeño puebloLobo Vikingo está siendo de esas películas que sin hacer nada de ruido, poco a poco va subiendo en el ranking de las más vistas en la plataforma.",radio,Terror
7230,"*La reconciliación con la industriaUno de los estrenos más esperados para los fans de principios del 2000 era Navidad de golpe (Falling for Christmas), película que suponía el regreso por la puerta gr",sierra,Comedia
7235,"Navidad de golpe es una de esas películas que te hacen pasar un rato entretenido, pero que no te dejan ninguna huella. Se trata de una comedia romántica navideña que sigue la fórmula clásica del géner",cura | sierra | sierra | sierra | sierra,Comedia
7245,"Hay que ver los diez capítulos para juzgar bien esta serie. Al principio puede decepcionar. Aunque el arranque promete mucho, la evolución de la joven protagonista para asumir su rol de heroína es muy",fuente,Accion
7250,"SEGUNDA TEMPORADA:Era algo que ya me temía y así ha resultado. Con que cuerpo podía disponerme a visionar ""La Monja guerrera II"".Después de haberme comido 2 fantásticas series en HBO. ""Wasteland o Pus",linea,Accion
7251,"*Surrealismo muy realSi nunca has echado un vistazo a La monja guerrera (Warrior nun) seguramente te hayas preguntado si esta obra es siquiera real, o por lo menos seria como para darle una oportunida",linea,Accion
7272,"Me gusta que «Enola Holmes 2» (2022) sepa exactamente el suelo que está pisando, que sea entretenida, dinámica y tenga diferencias a modo de sello propio en la comparativa con su cinta predecesora. Si",linea,Accion
7277,"Superada la (inexistente) resaca provocada por la (nula) repercusión de la revisión cañí de Bambú con Aura Garrido y Jean Reno, toca más de lo mismo -es lo que hay, si te gustó o no- de la hermanísima",estrella,Accion
7287,"Imagínate ser considerado feo en una sociedad que se enorgullece y caracteriza por ser la capital de la belleza y cirugía a nivel mundial, tener como estándar encajar en algún prototipo de belleza y, ",capital,Drama
7292,"‘Blockbuster’ lo tenía todo para triunfar. Serie de Netflix, versa sobre el último videoclub Blockbuster que queda abierto, y de cómo su dueño y sus empleados luchan para que no lo cierren. Lo sé, sob",capital | clave,Comedia
7325,"Si algo llama la atención en esta miniserie a cargo de un Steven Moffat en declive es la diferencia de calidad entre sus partes, llamémoslas, británica y americana. Esta última, encabezada por un Stan",estrella,Drama
7332,"Erich María Remarque, autor del libro, refleja en su novela parte de sus experiencias como combatiente en la IGM. Su obra se convirtió en un éxito internacional. Posteriormente, el movimiento pacifist",clave,Accion
7338,"Alemania, 1917, un joven falsifica su edad para poder alistarse, junto a sus amigos, en el frente occidental durante la Primera Guerra Mundial.La euforia y alegría de los jóvenes se da de bruces contr",campo | cabo,Accion
7341,"""Sin pena ni gloria"", ese sería mi título. Curiosamente una película que va de más a menos.Y es que, jamás vi nada parecido. Empieza muy bien, eso sí. Rollo Trence Malik y su extraordinaria ""La delgad",linea,Accion
7345,"No quería criticar esta película pero vuelvo a encontrar ciertas nocividades...- No me dirá que no es un gran trabajo cinematográfico.No es eso, la producción es excelente. Como tanto del cine actual ",cabo,Accion
7348,"Es sencillo entender el motivo por el que esta es la época donde hay más estafas. No por el ingenio de los estafadores, si no por la estupidez de la gente. Vamos por partes...En esta misma página, baj",campo,Accion
7356,"Sin duda, obra maestra del cine bélico y en particular de la I GM (WWI).Tras Senderos de Gloria, War Horse y 1917 era difícil igualar o superar el nivel, pero de nuevo el cine teutón lo ha logrado. A ",campo,Accion
7359,"92 años después de la primera adaptación de ""Sin novedad en el frente"" y a los 93 de la publicación de la inmortal (a mí también me encantó) novelita de Remarque viene Netflix a la carga. Miedo da lo ",capital,Accion
7360,"A muchos les sorprendió (para mal) la gran campaña de nominaciones que logró para los Oscars, incluyendo Mejor Película, pero por la coyuntura actual hay elementos que se repiten poco menos de un sigl",linea,Accion
7361,"“Sin Novedad en el Frente”, es un film bélico alemán espectacular pero muy perturbador que muestra la oscuridad humana en torno a la primera guerra mundial que dejó 17 millones de muertos. Nominada a ",cabo,Accion
7362,"Las personas somos el peor ser vivo que haya existido sobre la faz de la Tierra. La guerra es el peor producto que jamás haya parido el ser humano, la locura más estúpida, el terror más absoluto. Much",linea | estrella,Accion
7371,"Sin Novedad en el Frente (2022).""¿Qué es un soldado sin guerra?”El director y guionista alemán Edward Berger, habitual del cine y la televisión internacionales, estrena esta coproducción germano-estad",linea,Accion
7373,"Una película muy necesaria en una época como la actual, con la guerra a las puertas de Europa Occidental.Siempre me ha resultado fascinante las personas que sienten la necesidad o la responsabilidad d",campo | raton | campo,Accion
7379,"Este título coescrito y dirigido por Edward Berger, codirector de la miniserie “Your honor”, se estrenó en cines a mediados de octubre antes de estar disponible en Netflix desde finales del pasado oct",oro,Accion
7390,Creo que es la película que yo haya visto que mejor captura la absoluta desesperación y falta de esperanza de las tropas empujadas a la carnicería del frente occidental de la primera guerra mundial. Y,linea,Accion
7392,"No me he leído el libro, me gusta el cine bélico y he disfrutado como un enano. Por fin una peli de la 1GM que me produce sensación de mal estar al ver las condiciones que habían en las trincheras y l",campo,Accion
7397,"Aquí vengo a recomendaros una de las películas del año.En  el campo de batalla desaparecen los buenos y los malos. Los soldados pasan a ser números, y más en la guerra de trincheras que fue la primera",campo | campo,Accion
7403,"Una de las mejores películas de este año. Un auténtico ejemplar en su categoría. Producción alemana de alto octanaje tanto por su poder visual e interpretativo, como por su nada vacía narrativa capace",campo,Accion
7404,"Como la mayoría de aquí, no sé ni de lejos como se siente ni como es estar en una guerra, y menos siendo una que han pasado más de cien años desde que pasó. Pero esta película consigue atraparte e imp",campo,Accion
7409,"Hace no mucho tiempo escribí las siguientes líneas en la crítica de 1917:""...Las trincheras, primera guerra mundial. Querer ir a la guerra y vestir el uniforme era de lo más común entre los jóvenes de",campo,Accion
7413,"Me había olvidado por completo de reseñar esta maravillosa película bélica que vi hace un par de meses, en febrero de 2023, y que me pareció una maravilla, superior incluso a la de Lewis Milestone de ",linea,Accion
7426,"Esta película reproduce de manera feroz y sumamente terrible lo que es un enfrentamiento descarnado; en el fragor de la batalla, frase que en este caso no debemos tomar simplemente como algo que acont",campo,Accion
7428,"Después de 1917 (2019) nos llega una nueva versión del clásico de la primera guerra mundial Sin Novedad en el Frente, o Im Westen nichts Neues en su original alemán. La narración sigue al joven reclut",red,Accion
7436,"Sumario:Impecablemente realizada y con imaǵenes de alto impacto, la película sin embargo no nos dice nada nuevo respecto de la guerra en general y de esta guerra en particular ni en la manera de conta",campo,Accion
7442,"Película sobresaliente, desde casi todos los puntos de vista posibles. Realmente desconozco la novela en la cual se basa y cómo de fidedigna es a ella, pero cinematográficamente, que es lo importante ",campo,Accion
7444,"Un soplo de aire fresco, me ha sorprendido gratamente no encontrarme un soldado alemán marronáceo o travestido. Sí hay algo de apología de la ""masculinidad tóxica"" con el general gabacho intransigente",linea,Accion
7449,"*Antibelicismo, moral y bellezaLo primero que debemos destacar es que estamos ante una cinta de motivación claramente antibélica, cuyo propósito es mostrar los horrores de la Primera Guerra Mundial, c",linea,Accion
7450,SinopsisAll Quiet on the Western Front cuenta la apasionante historia de un joven soldado alemán en el frente occidental de la Primera Guerra Mundial. Paul y sus camaradas experimentan de primera mano,linea,Accion
7457,"Mis ganas de ver películas animadas que no sean de Pixar, ni que sean animé, me hizo caer en esta película de Netflix. Es del mismo director de “El extraño mundo de Jack” y “Coraline”, con el mismo es",plata,Aventura
7458,"Es loable su esfuerzo por crear el enésimo ""stop motion"" oscuro, infernal y de resurrección de muertos pero, y he aquí el problema, no sabe gestionar ni exponer en una línea clara argumental el conjun",linea,Aventura
7474,"En un futuro no muy lejano, la Federación Ibérica compuesta por Galaica-Lusa, Países Catalanes, Ciudadanos del Mandril y las Castillas Viejas han hecho realidad sus deseos de volver a crear Nueva Cast",plata,Comedia
7482,"A nivel visual El Gabinete es bastante cohesiva. Con un excelente gusto en los diseños de criaturas y objetos paranormales y en la escenografía. No me entusiasma tanto la fotografía, que sigue un poco",clave,Ciencia Ficcion
7493,El Gabinete de Curiosidades de Guillermo del Toro ha resultado una antología oscura y colorida bienvenida por todos los fans del terror. Los relatos son bastante dignos aunque la mayoría poco sobresal,linea,Ciencia Ficcion
7503,"Creo ver en estos ornitólogos un guiño sutil al primer descubridor oficial de las psicofonías, que captó la voz de su madre muerta grabando cantos de pájaros. Sin embargo, puedo equivocarme porque des",campo,Drama
7538,"Me sorprende la crítica anterior y no comparto las opiniones vertidas en ella.No tengo ni idea de quién es Amirpour y creo que es el primer trabajo que veo de Kate Micucci, no obstante no creo que sea",banco,Comedia
7547,"Charlie Cullen admitió los asesinatos de 29 pacientes de los hospitales en los que trabajó durante 16 años. Se sospecha, no obstante, que el número real de víctimas puede sobrepasar incluso las 400.El",clave,Terror
7548,He estado leyendo algunas críticas y muchos de los inconvenientes que le encuentra la gente es su falta de agilidad y el propio argumento. Lo cierto es que se trata de una película basada en hechos re,cabo,Terror
7550,"Netflix sigue sin conseguir sus objetivos, una vez más vuelven a intentarlo con un drama mainstream que vuelve a quedarse a medio camino.Para empezar me gustaría centrarme en lo mejor de la película, ",clave,Terror
7558,"Se basa en la historia real de Charles Cullen, un enfermero que asesinó a decenas de pacientes en varios hospitales de Estados Unidos. El director Tobias Lindholm nos ofrece un thriller sobrio y elega",gato | raton,Terror
7605,"Quizá este año, cuando las revistas de tendencias te recomienden lo mejor del año en el campo del cine de terror y de suspense, hablen de películas como Barbarian, Smile o Fresh, títulos que agradarán",campo | cabo | cura,Drama
7609,"Elena Anaya era hace diez años una de las actrices con más proyección en España. Ahora se dedica a hacer estas cositas. Es la metáfora de lo mal que va el cine en España, con películas cada vez peores",cabo,Drama
7619,*Primeros trazosJaula inicia con un breve calentamiento de muñeca antes de realizar sus mejores trazos. La introducción es algo lenta y hace hincapié en demasiados detalles. Cuando Clara se muda a cas,linea,Drama
7627,"A dos episodios de terminar esta primera y parece que única temporada de esta serie, puedo decir que estamos ante un producto bien hecho y trabajado, que me ha mantenido con ganas de saber más a cada ",linea | linea,Accion
7629,"La nueva producción de Netflix es una de esas series donde el tráiler acaba resultando mucho mejor que el visualizado total de todos sus capítulos. ‘’Barbaros’’ tiene una historia muy atractiva, una f",linea,Accion
7635,"Antes de empezar a ver ""Bárbaros"" conviene asumir la absoluta imposibilidad de lo que algunos podrían haber esperado: una amalgama de ""Roma"" (""Rome"", 2005-2007) y ""Vikingos"" (""Vikings"", 2013-2020). A ",gato | raton,Accion
7642,"En los comienzos del siglo I, la Germania romana estaba habitada por un conjunto de pueblos bárbaros muchas veces enfrentados entre sí y se hallaba bajo la administración del gobernador Varo (Gaetano ",clave,Accion
7643,"He visto la segunda temporada de... Bárbaros (Netflix)...https://www.filmaffinity.com/es/film694057.htmlUn 5. Aunque, ciertamente, como tenía las expectativas bajas, no me ha defraudado, así que, le p",linea,Accion
7644,"En estos tiempos en que tenemos tantas opciones de entretenimiento, es difícil elegir cual sera la próxima película o serie a ver. Acudimos mayormente a recomendaciones de amigos, criticas sobre las m",red,Accion
7664,Cuando supe de un proyecto titulado La escuela del bien y del mal la sinopsis decía así: “Charlize Theron es una glamurosa (aunque severa) maestra de villanos y Kerry Washington encarna a una alegre p,curso,Comedia
7667,"Es tan kitsch, tiene un alma tan camp, que es una pena que no se desmelene por completo para abrazar sin miedo el espíritu petardo y autoconsciente de ""El caramelo asesino"" (la versión bien de ""Chicas",curso,Comedia
7681,"in alfombra roja ni fuegos artificiales, Netflix acaba de estrenar El extraño, un thriller policíaco atípico en el género. Oscuro, con una puesta en escena atractiva, a priori, como su trama, y dos pr",gato | raton,Terror
7682,"Un arriesgado plan para tratar de atrapar y confesar a un presunto asesino de niños presenta “El Extraño”, cinta australiana que tiene una atmósfera sombría y perturbadora.En Netflix puedes ver esta b",red,Terror
7684,Este film está dedicado a Daniel morcombe asesinado por brett cowanen 2003En esta podemos ver a cabo la operación que llevo a cabo la policía australiana denominada <Mr Big > en la que se monta una tr,cabo | cabo,Terror
7690,"SinopsisSe forma una amistad entre dos extraños. Para Henry Teague (Sean Harris), agotado por toda una vida de trabajo físico, este es un sueño hecho realidad. Su nuevo amigo Mark (Joel Edgerton) se c",linea,Terror
7695,Oscuro y tenso drama (basado en hechos reales) escrito y dirigido por Thomas M. Wright y cuya trama principal gira alrededor  de una investigación encubierta por parte de la policía Australiana para p,linea,Terror
7700,"Apenas comenzó la película me recordó a la archiconocida serie True Detective. Desde las tomas en helicóptero, con esa imagen que va ""como en cámara lenta"" siempre, son idénticas a la serie y, lamenta",linea,Terror
7712,"Esta es sin duda una de las mejores películas sobre Halloween que se hayan hecho. Puede que no pertenezca al género de terror, pero sin duda plasma muy bien la leyenda de Jack, El Tacaño. Usaron muy b",cabo,Aventura
7718,"LAS MARIPOSAS NEGRASLa terminé hace un par de días y he necesitado ese tiempo para reposar bien lo que esta serie ofrece.Es difícil hacer una sinopsis precisa sin desvelar parte de la trama, cuyas sor",linea,Drama
7724,"A diferencia de otras series que arrancan bien y van perdiendo fuelle, esta comienza presentando a unos personajes sin conexión aparente y que van encajando en el puzzle a medida que avanza.Me gusta l",cabo,Drama
7751,"NI fu, ni fa; expresión que se utiliza para decir que algo es indiferente, que ni bueno ni malo. Y es muy triste que te se quede esta sensación cuando ves una producción con este reparto. Es cierto qu",linea,Drama
7757,"Netflix no solo produce series de imagen real a destajo, sino que también nos trae muchísimo “anime”. Aunque personalmente no veo demasiada animación japonesa, de vez en cuando pruebo suerte con las q",linea,Aventura
7769,"Seguramente muchos que vieron la serie, que no están familiarizados con el mundo de la música, se sorprendió mucho sobre lo que significa ""crear música"".Me gusta mucho el punto de vista de la discográ",vela,Drama
7797,"*Narrativa diversaSi ""los sonidos de las historias son los sonidos de la vida"", como reflexiona uno de sus personajes, El Club de Medianoche rebosa vitalidad. Además de su narrativa principal, la de u",linea,Drama
7804,"Las primeras sensaciones que me han venido a la cabeza al acabar esta película han sido un poco dispares. Por un lado, estaba intentado quedarme con el mensaje, que, al parecer, quiere dar la película",cabo,Terror
7806,"No hay más que ver sucesos, videos de enfermeras estúpidas o programas televisivos de infiltrados para darse cuenta que la mayoría de residencias privadas de ancianos no son de fiar. Hemos visto barba",oro,Terror
7845,"Comedia más que recomendada. Narra las vivencias de un grupo de amigas adolescentes en la ciudad fronteriza norirlandesa de Derry. Para ponernos un poco en contexto, durante los 90's sigue latente el ",curso,Comedia
7892,"No conocía esta película pero la ví porque me la recomendaron diciendo que es muy buena y me llevé una sorpresa.""Sin Miedo A Las Estrellas"" es excelente porque tiene partes que me identifican como cua",plata,Comedia
7898,"A un policial, por lo general, se le suele pedir una sola cosa. Independientemente de cómo maneje la trama, o a los personajes, o las sub historias, un policial decente debe contar con un desenlace qu",columna | linea | cabo | columna,Terror
7915,"En el Todopoderosos de Roald Dahl, Juan Gómez-Jurado hablaba sobre la dificultad de escribir obras para los más pequeños. Y eso me hizo reflexionar en todas las cosas que hay que tener en cuenta tanto",oro,Aventura
7918,"El título de la crítica es justo lo que dice un personaje y el resumen perfecto de la serie. Pero... Vayamos por partes.Estamos ante la adaptación de una novela del sueco Fredrik Backman, un autor de ",linea,Comedia
7922,Se trata de una telenovela al uso con los clásicos exactamente iguales q las novelas de hace 25 añosSin evolución de ningún tipo en la era del empoderamiento femenino aparece la joven protagonista  hu,cabo,Drama
7927,SumarioEste nuevo y satírico mockumentary es un anuario del año 2021 realizado por parte del equipo de Muerte al 2020. La misma mordacidad al servicio de una aguda descripción del discurso de la derec,red,Comedia
7937,"Cuando te enseñan a dar mensajes por walkie talkie se utilizan la triple C, Claro, Corto y Conciso. En cambio cuando nos vamos de compras solemos buscar la triple B, Bueno, Bonito y Barato. Cuando hab",cabo | cura,Ciencia Ficcion
7953,"Te levantas de la siesta, esa que sienta tan bien después de una copiosa comida navideña. Ya está oscureciendo y piensas en lo poco que vas cenar esta noche (por dios, con las gambas todavía atravesad",estrella,Ciencia Ficcion
7958,"La parodia, el sarcasmo, la crítica mordaz, tiene su gracia en el ingenio y la habilidad de mostrarla con sibilina astucia. El problema es que entre lo grotesco o esperpéntico y lo patético o ridículo",linea,Ciencia Ficcion
7982,"El último trabajo de Adam McKay de peliculero título, sin ir más lejos hay dos ""Don't Look Up"" de terror japonesas, si bien la segunda es un remake de la primera, ha dividido al personal. Unos la aman",clave | oro,Ciencia Ficcion
7997,"Don´t look up no es solo una película sino que, como pasara recientemente con El juego del calamar, se ha convertido en un fenómeno del que todos hablan, por la controversia que ha causado: muchos la ",oro,Ciencia Ficcion
8003,"Dirigida por Adam McKay ""No mires arriba"" es una de las películas más críticas sobre nuestro modo de vida en general que se han hecho en los últimos años. Con el punto de partida del descubrimiento po",cabo,Ciencia Ficcion
8007,"La película muestra realmente la estupidez humana, la vacuidad de la sociedad actual, el absurdo que nos rodea cotidianamente, la falta de escrúpulos de los que se llenan los bolsillos con la superfic",clave | vela,Ciencia Ficcion
8010,"Sumario:Es difícil caracterizar esta película de Adam McKay, que concentra un reparto impresionante y resulta un relato mucho más serio de lo esperado. Podría definirse como una comedia negra de cienc",curso,Ciencia Ficcion
8012,"Que McKay es incendiario?. A la vista está. Una factura impecable?. Humor negro e inteligente?, también, no?Además remueve conciencias?. Es incómoda para negacionistas, ideólogos de las fake news, los",linea,Ciencia Ficcion
8030,"Cada vez que abro cualquier página me encuentro la noticia de los pronósticos de Bill Gates sobre la pandemia. Bueno, como dicen en mi pueblo: ¿Qué boda sin la tía Juana? o sin el Mr. o la Sra. Sabelo",estrella,Ciencia Ficcion
8031,"Esta película es un ejemplo perfecto de la hipocresía de cierta parte de la sociedad. En ella critican el abuso de poder, la estupidez humana, el radicalismo... Pero ojo, sólo enfocado en cierto espec",estrella,Ciencia Ficcion
8048,"A las élites de los Estados Unidos de Norteamérica, no les interesa, en absoluto, cuántas personas mueren, o pueden morir, en una guerra, porque no son sus miembros, ni sus hijos, ni sus hermanos, los",cabo,Ciencia Ficcion
8049,"Se necesitan más películas así, que puedan hacer autocrítica, y ver los problemas sociales que nos acontecen en nuestros tiempos.Puede arrancar más de una carcajada con momentos que parecen absurdos, ",estrella,Ciencia Ficcion
8050,"""No mires arriba"" es una excelente película, una mezcla perfecta entre ciencia ficción y especialmente, crítica social.Como premisa: una astrónoma (Lawrence) descubre que un cometa va a chocar contra ",clave,Ciencia Ficcion
8053,"La historia, que en principio parece interesante, y el plantel de actores de lujo que participan en ella, te hacen pensar que estás ante una peli de las buenas. Al cabo de 20 minutos te das cuenta que",cabo,Ciencia Ficcion
8055,"Excelente película que, al ser narrada en clave satírica (una lupa, una exageración sobre lo real) se vuelve muy entretenida y elocuente sobre lo que quiere denunciar. La excusa o el recurso sobre el ",clave,Ciencia Ficcion
8057,"Un cometa va rumbo a colisionar contra la Tierra, descubrimiento a manos de Kate (Jennifer Lawrence), que trabaja con el doctor Randall (un Leonardo DiCaprio que vuelve a dar cátedra con su actuación)",oro,Ciencia Ficcion
8059,El  guionista y director Adam McKay no me interesó en sus primeras comedias con títulos como “Hermanos por pelotas” y “Los otros dos”. Su trayectoria dio un salto de calidad a partir de la oscarizada ,oro,Ciencia Ficcion
8062,"No sé si me quedo corto diciendo que #NoMiresArriba es un peliculón.Es crítica social, crítica política, crítica mediática. Habla de egos, fake news, poderosos, negacionistas, habla de economía frente",clave,Ciencia Ficcion
8075,"La he visto y me ha parecido muy interesante y, sobre todo, muy valiente tratar de enfrentarse a realizar una sátira tan compleja como esta. Inevitablemente se deberá a recurrir a más de un tópico, tr",estrella | estrella,Ciencia Ficcion
8088,"En 2018, el navarro J.J. Benítez publicó la novela ""Gog, empieza la cuenta atrás"" cuya base argumental es la historia de una astrónoma que por casualidad descubre un enorme meteorito que se dirige a l",plata | plata | estrella,Ciencia Ficcion
8106,"McKay continúa su línea de parodiar, criticar y satirizar a la sociedad actual ya sea en cine o televisión. Y en esta ocasión lo ha hecho de la manera más despiadada pero, en mi opinión, de la forma m",linea,Ciencia Ficcion
8109,"¿Qué pasaría si unos científicos encontrasen que un meteorito (o un cometa, tanto da) va directo a la tierra, se lo dijesen a los que pueden hacer algo para evitar que nos mate a todos y no les hicier",oro,Ciencia Ficcion
8114,"Una comedia que me ha sorprendido muchísimo sobre todo porque Leonardo DiCaprio no está acostumbrado a ese tipo de papeles y sobre todo cuando hace de un importante científico ""looser"".DiCaprio y sus ",clave,Ciencia Ficcion
8116,Permítaseme una confesión: en la primera década de mi vida me daba miedo el cometa Halley. Lo había visto en un cromo de aquella mítica colección que se llamó «Vida y color» y que para los niños de la,capital,Ciencia Ficcion
8122,"La película es tramposa e hipócrita.- En la película, señala como uno de los principales responsables de la trama a un magnate tecnológico sin escrúpulos (ni demasiado sentido de la realidad) llamado ",capital,Ciencia Ficcion
8125,"Don’t Look Up es el último gran estreno que tiene Netflix preparado para este final de año, y uno de los proyectos más esperados, gracias en gran medida a su meteórico casting. También supone el regre",cabo,Ciencia Ficcion
8131,"Bueno si esta es la mejor película del año según una lista que vi , las demás deben ser muy malas... Vamos a ver no es mala, de hecho le he dado un 7, se puede ver, es entretenida, pero no es está ent",plata,Ciencia Ficcion
8132,"441/26(29/12/21) Atractiva sátira en formato ciencia ficción apocalíptica escrita (junto a David Sirota), producida y dirigida por Adam McKay, que sin ser perfecta, pues se cree más inteligente de lo ",plata | fuente,Ciencia Ficcion
8137,"Una ácida crítica social a todo un sistema que, lejos de la ficción, con amargo realismo nos toca vivir y en muchas ocasiones sufrir. Bajo una apariencia cómica, McKay sabe edulcorarlo con buenas dósi",cabo | red | clave,Ciencia Ficcion
8140,"Un parámetro bastante sencillo para saber si se puede congeniar o no con esta nueva propuesta de Adam McKay es como se perciben otras muestras de sátira crítica estadounidense, dígase Los Simpsons en ",linea,Ciencia Ficcion
8146,"Aquel programa de radio dio paso a una entrevista. Habían invitado a un tipo al que no conocía de nada. Era uno de tantos expertos que, en poco tiempo, habían inundado los periódicos, platós y emisora",radio | red | red,Ciencia Ficcion
8151,"Una película que llega en el mejor momento posible, y con la que muchos se sentirán identificados pero donde, sin embargo, Adam McKay no termina de casarse con nadie por ser capaz de dar palos a práct",corona,Ciencia Ficcion
8157,"... al menos para los seres humanos que vivimos el día a día con nuestros semejantes adultos (que tienen sus luces y sus sombras, pero que no son todo sombra) y para los que tenemos aunque sea un poqu",oro,Ciencia Ficcion
8164,Típico blockbuster con todos sus elementos. Sería una película que pasaría sin pena ni gloria si no fuera por el escozor que causa entre los testigos del neoliberalismo ofendiditos y las hordas de rea,cabo,Ciencia Ficcion
8170,"Una forma muy interesante de criticar a la sociedad actual, léase, la sociedad tal como nos la impone la potencia hegemónica norteamericana y que ""las democracias occidentales"" emulamos como fieles co",red | red,Ciencia Ficcion
8186,"La película “Don’t look up ” no es sólo una emocionante experiencia cinematográfica, sino también una profunda historia filosófica sobre la sociedad moderna, sus valores y sus problemas. La esencia de",clave,Ciencia Ficcion
8198,Podría haber salido bien pero salió muy mal. Ya tiene que tener pasta netflix para convencer a actores de la ostia para terminar haciendo esta basura. Un reparto con buenos actores no hacen una buena ,linea | linea,Ciencia Ficcion
8203,"Me decidí a verla porque la sola mención de su elenco prometía cosa buena... pero no, tanta estrella desperdiciada en un film absolutamente decepcionante. Como sátira es insufriblemente estúpida y com",estrella,Ciencia Ficcion
8215,"Los primeros treinta o cuarenta y cinco minutos de ""No mires arriba"" me ha flipado. Esa surrealista y kafkiana odisea de Jennifer Lawrence y Leonardo DiCaprio, rebotando de un organismo a otro cual pe",oro,Ciencia Ficcion
8218,"Desde primera instancia, apela a ser una mezcolanza entre filmaciones como Armageddon, Black Mirror e Idiocracy, los tres elementos unidos en una juguera desde una perspectiva americanista. Y a esta m",clave,Ciencia Ficcion
8230,"Una sátira tan divertida a la estupidez humana es lo que nos muestra esta sensacional película de Adam McKay, tratar con sentido del humor un tema tan serio y preocupante como la extinción de la vida ",curso,Ciencia Ficcion
8233,"No Mires Arriba (2021).“Los capullos siempre serán capullos.”Adam McKay, responsable de la exitosa serie “Succession"" y de la estupenda ""El Vicio del Poder”, estrena vía Netflix su nueva comedia negra",linea | oro | clave,Ciencia Ficcion
8263,"‘A 1000 km de la Navidad’ es la enésima producción navideña de Netflix, aunque en esta ocasión sea una comedia de nacionalidad española. Poco se ha dicho de la película, acercándome a ella sin saber d",clave,Comedia
8268,"Mar de la tranquilidad se planta rápido como un thriller espacial que amenaza paulatinamente con la llegada de una amenaza, con mayúsculas. El tratamiento pausado de la trama sirve para calentar de a ",planta,Ciencia Ficcion
8269,"Reconozco que yo también pertenezco a esa mayoría de espectadores sorprendidos, gratamente, por el aluvión de series y películas interesantes que nos están llegando en los últimos tiempos desde Corea ",clave,Ciencia Ficcion
8283,"Estamos ante una lección de buen hacer en guión, diseño de producción y desarrollo dramático en una serie de ciencia ficción instalada en el más puro género. Habrá a quienes no les guste este tipo de ",clave,Ciencia Ficcion
8284,"Sus paseos por una nave llena de misterios podría recordar a Aliens, por nombrar alguna similitud con lo que parece que vas a encontrar. Pero el misterio es mucho mas profundo. Algún actor de la famos",clave,Ciencia Ficcion
8307,"*Sólo un “bambino”La familia en Italia es toda una “institución” sagrada. Una demostración en pequeño del cosmos, donde caos y orden suceden en muy poco espacio de tiempo, consecutivamente.Así suceden",copa | clave,Comedia
8309,"En la primera escena Dios sobrevuela Nápoles y San Genaro viaja en Rolls Royce. Realismo mágico lleno de extrañeza, sarcasmo y pellizcos de trasgresión. Sin duda una de las películas más evocadoras de",linea,Comedia
8310,"En los primeros pasajes de Fue la mano de Dios (E estata la mano Di Dio, 2021), de Paolo Sorrentino, Federico Fellini realiza pruebas de casting en Napoles. Los rostros que aparecen son un eco de los ",curso | curso,Comedia
8312,"El 22 de junio de 1986, en apenas cuatro minutos, Diego Armando Maradona, que jugaba con Argentina los cuartos de final de la Copa del Mundo frente a Inglaterra, marcó dos goles y a toda una generació",copa,Comedia
8320,"En cierta entrevista Sorrentino afirma sin vacilar que para los napolitanos la llegada de Maradona no fue la llegada de una estrella, fue el advenimiento de un Dios. No creo que exagere un pelo, baste",estrella,Comedia
8328,"13/13(13/01/22) Atractiva propuesta (rodada para Netflix) aunque irregular del mejor director italiano vivo, Paolo Sorrentino (aquí también produce y guioniza), un drama semi-auto biográfico donde el ",banco | capital,Comedia
8331,"Para aquellos que tienen un espíritu religioso, la mano creadora del universo ha sido la mano de Dios.Para los que aman el futbol, la mano de Dios es el gol mas importante de todos los tiempos, realiz",curso,Comedia
8333,"È stata la mano di Dio, o The hand of God, está dirigida por el gran Paolo Sorrentino, quien se lleva la nominación a Película de habla no inglesa en Globos de Oro y seguramente también a los Oscars. ",oro,Comedia
8347,"""Olvida el dolor y piensa solo en divertirte"".  La divina comedia. La gran belleza. Eso es la vida, y hemos venido a usarla para disfrutar, no para sufrir. Incluso en el aparente sufrimiento hay glori",oro,Comedia
8348,"Hay grandes desconexiones entre los personajes y el estado de las cosas, tratando de imitar el estilo de ROMA de un drama familiar, un momento histórico que marca a una ciudad, junto a la nostalgia ha",oro,Comedia
8359,"Esta es la primera película que veo del director y justamente la más íntima, donde he sentido desde el comienzo hasta el final como la línea entre lo real y surrealista se entrecruzaban, y la felicida",linea,Comedia
8371,"Conjugar al Fellini de «Amarcord» (ídem, 1973) y al Rohmer de «Cuento de verano» («Conte d´été», 1996) sin acallar la propia voz —una de las más genuinas, de hecho, del audiovisual de la última década",banco | cabo,Comedia
8372,"Hace tiempo que no veía una película tan buena, realmente inolvidable.Las películas basadas en los recuerdos de la infancia siempre suelen ser muy emotivas porque nos recuerda a nuestra infancia, algo",campo,Comedia
8376,"El encargo de Netflix al oscarizado Sorrentino debió consistir en pedirle una película felliniana trufada de sus cargantes obsesiones, de su galería de personajes, ya se sabe, las gordas, la loca, la ",campo,Comedia
8378,"El guionista y cineasta Paolo Sorrentino ha realizado este largometraje después del notable “Silvio (y los otros”) y la serie “The new Pope”. Cuenta la historia de un chico, Fabietto Schisa, en el tur",oro,Comedia
8380,Cuenta Manuel Jabois en su columna de hoy,columna,Comedia
8383,"La nueva película de Paolo Sorrentino, conocido por la oscarizada ""La gran belleza (2013)"", es una historia de tono autobiográfico en donde el cineasta napolitano ha escrito un guion sobre la vida dia",campo,Comedia
8384,"Después de Alfonso Cuarón y Pedro Almodóvar, y antes de Steven Spielberg, le toca ahora a Paolo Sorrentino responder con una película de autor al impulso autobiográfico que parece surgir, inevitable, ",clave | clave,Comedia
8390,"A partir de la serie Unforgiven de Sally Wainwright, Peter Craig, Hillary Seitz y Courtenay Miles llevan a cabo una lúcida adaptación de un argumento dramático, alrededor de la reinserción de personas",cabo | cabo,Drama
8397,"Siendo escueto, un 5 porque el producto a pesar de ser a mi parecer algo flojo… Se puede considerar pasable porque Bullock hace un buen trabajo y porque se notan medios suficientes para dar calidad vi",cabo,Drama
8405,"Una ex-convicta finalmente ha cumplido su sentencia. Luego de veinte años debe reinsertarse en la sociedad. No es fácil, carga con un asesinato como mochila. Un asesor debe asistirla para conseguirle ",linea,Drama
8411,"*Volver al exteriorImperdonable (The unforgivable) es una película gris es el sentido más extenso, y no necesariamente malo, de la palabra. Es una obra que se nutre de ese color, que necesita pintarse",cabo,Drama
8412,"Un original de Netflix es un original de Netflix. Son como películas de taller, como cuando Hallmark presentaba sus propias películas con títulos re atractivos ej nunca me olvido de uno que no tiene n",red,Drama
8431,"Esta serie es sencillamente no creíble en múltiples ocasiones. Situaciones forzadas con reacciones más forzadas todavía que no se cree nadie, y menos en momentos extremos; con demasiadas casualidades ",gato,Accion
8434,"Justo acabo de terminar de visualizar, hace escasos minutos, el último capítulo de la serie por plataforma de pago  y tras cerrar la aplicación, sin siquiera parar para ir al baño, lo primero que he h",cabo,Accion
8439,"Por dónde empezar, un personaje peor que otro:-Por un lado tenemos al bobo profesional (profesor), el tipo bien podría trabajar en la próxima de superman porque todo lo termina logrando, y tiene todo ",banco,Accion
8446,1. Cada vez que uno o dos personajes se apunten con sus armas en una situación a lo “Reservoir Dogs” (1 chupito)2. Si es todo el grupo el que se apunta mutuamente a lo “Reservoir Dogs” (2 chupitos)3. ,clave,Accion
8452,"Tras muchas invitaciones por parte de amigos y conocidos, y tras superar las reticencias que siempre me provoca invertir mi tiempo en ver series locales (entiéndase: las decepciones han sido muchas), ",cabo,Accion
8453,La serie parte de una buena premisa y una historia y argumento a priori interesantes (aunque de un tema ya muy trillado) pero rápido se disuelve esa sensación como un azucarillo.La línea narrativa y u,linea,Accion
8460,"Tras una primera y segunda parte bastante decentes e intrigantes Netflix nos presenta probablemente una de las peores series que se pueden ver a día de hoy. Se cumple con creces aquel sabio dicho ""seg",sierra,Accion
8462,"Amiga: Ey, tío, estoy viendo una serie española en Netflix.Yo: ¿Cuál?Amiga: ¿Te suena La Casa de Papel?Yo: Sí, me han hablado muy bien de ella, pero no me llama sinceramente.Amiga: Pues, joder, es que",estrella,Accion
8476,"Supongo que para ser una serie española le tendríamos que dar un pase, por el esfuerzo de producción/escenarios/música a lo Taku Iwasaki (gran compositor de música japonés), pero nada más.Todo el mund",gato,Accion
8482,"Las dos primeras temporadas de esta serie merecen la pena sin duda, es una serie que te atrapa, los personajes están bastante bien construidos, y en general la serie tiene un ritmo galopante y una ide",sierra,Accion
8494,"Tan buena opinión tenía todo mi entorno de esta serie patria que comencé a verla, pensando que sería la buena serie que todo el mundo decía. Me encontré con algunas virtudes y originalidad, pero tambi",banco,Accion
8504,"La casa de papel se ha convertido en un fenómeno sin precedentes en España. Se han hecho documentales acerca de la serie, sobre sus personajes, etc. Un fenómeno fan como no hemos visto nunca.Honestame",banco | oro | banco | banco | oro,Accion
8506,En verdad que las opiniones de Álvaro Cueva de Milenio y Lucero Solórzano de Excélsior (que sorprendentemente no son los únicos)... son superfluas y tan vacuas que prácticamente parecen hechas por un ,banco | radio,Accion
8516,"Es interesante el argumento principal: fabricar dinero en la institución encargada de su emisión oficial, pero con rehenes y la policía acechando afuera. Algo fantástico.  Lo que atrae de ver la serie",linea,Accion
8519,"Esta serie ha sido de las más decepcionantes que he visto. Ya en los primeros capítulos te encuentras con agujeros de guion insalvables. Bueno, pues si consigues salvarlos, lo que te encuentras son má",cabo,Accion
8526,"La Casa de Papel intenta jugar en la misma liga que las grandes series contemporáneas: aspira a ser narrativamente tan compleja, sintética y uniforme como una película, a unas interpretaciones de prim",linea,Accion
8534,"El personaje de Tokio es para mi el peor, insoportable, junto con su patético novio. Del lado de los rehenes, tenemos a la profesora, el jefe y la rubia embarazada... patético.Pero sin duda no soporto",banco,Accion
8536,"La casa de papel se ha filtrado entre la audiencia mexicana por la recomendación de boca en boca, y es que al tratarse del creador de la magnífica ""Vis a Vis"" la apuesta es casi ciega por un argumento",cabo,Accion
8539,"Debo reconocer que al principio miraba con recelo La casa de papel ya que no me había llamado tanto la atención cuando vi sus avances y promociones, pero debo admitir que fue demasiada la insistencia ",cabo,Accion
8550,"Ya he hablado en otras críticas sobre las ""atresmediadas"": series de impecable factura, conocido reparto, excesiva promoción, que aparentan más de lo que dan y que evidentemente son del grupo Atresmed",estrella,Accion
8552,"Hace tiempo que no tengo por costumbre ver series españolas, sobre todo porque verlas en Antena 3 o Telecinco es un verdadero suplicio para cualquiera. En particular ""La casa de papel"" comencé a visio",linea,Accion
8560,"Soy la única persona de mi entorno  que no le gusta La Casa de Papel, así que, para ver que encontraba la gente en esta serie, me propuse ver las 3 temporadas, no puede haber tanta gente equivocada, p",banco,Accion
8563,"La serie se desinfla por momentos. El comienzo de la serie es espectacular, pocos peros se le pueden poner. Con el paso de los capítulos la trama principal se empieza a desviar en historias de amor (a",estrella,Accion
8564,"-Temporada 1 y 2:1-La arista de la serie relacionada con el atraco y sus tramas son espectaculares logrando captar la atención del espectador, que espera ansioso ver cómo se van resolviendo los difere",sierra | banco | banco,Accion
8571,"Escribí mi primera crítica de La casa de papel después de ver la primera y segunda tenporada, la puntué con un 9 y mi crítica era todo entusiasmo y gloria, incluso llegué a decir que fue la mejor seri",oro,Accion
8581,"168/06(10/09/18) Prometedora serie española creada por Álex Pina y producida por Atresmedia para su emisión en Antena 3, 15 episodios que en su arranque deja unas sensaciones notables, pero a medida q",plata | curso,Accion
8588,"Antes de escribir esta crítica, he decidido ver todos los capítulos de la serie, algo que me ha llevado bastante tiempo. Pienso que hay que valorar el conjunto y no quedarse solo con una parte del mis",banco,Accion
8590,"Los españoles decidieron hacer una serie con acción, suspenso y trama policial. Para ello armaron un collage de “homenajes” que para algunos es un desmérito, no para mi.No hagamos cargo a “los español",banco,Accion
8596,Una pena no poder valorar en Filmaffinity las dos temporadas por separado porque la 1a temporada (dos primeras partes) donde se lleva acabo el atraco a la Fábrica Nacional de Moneda y Timbre fue muy d,banco | banco,Accion
8601,"Lo buenoEs obscenamente divertida, eso no se lo quita nadie, tal vez el penúltimo y antepenúltimo capítulo se salga de eso, pero en general la serie entretiene livianamente.Está bien dirigida, es cier",linea,Accion
8606,Me he visto las cuatro temporadas de la serie ‘La casa de papel’ y ahora me dispongo a hacer una crítica al respecto empezando diciendo cuales han sido los mejores personajes de cada una de las tempor,sierra | sierra | banco,Accion
8607,"Se ha escrito ya casi todo sobre esta serie española de 2017 que cuenta ya con varias temporadas (y las que quedan) ideada por Alex Pina, Jesús Colmenar y Miguel Ángel Vivas.No es una serie perfecta n",clave | clave,Accion
8612,"El Profesor es un ser inteligente, misterioso y escrupuloso a la hora de llevar a cabo el plan más ambicioso de toda su vida: entrar en la Fábrica de Moneda y Timbre de España, y llevarse todo el dine",cabo | banco,Accion
8626,"Recononozco que la serie es un antes y un después en la factura a la americana de series en este país, la parte de sonido, fotografía  son de primer nivel, tiene buenas interpretaciones sobre todo del",banco,Accion
8627,"La serie comienza bien, pero las 3 últimas temporadas fueron regulares.Es una historia sumamente predecible y repetitiva.Además la serie consigue algo sorprendente y es que, todos los personajes resul",sierra,Accion
8635,"Critica a la 1º temporadaBajo una de las mejores ideas, en lo referente a series se refiere que se haya podido ver en este país, y con unas interpretaciones en un tono medio muy  buenas, nos encontráb",oro,Accion
8638,"Me parece muy buen comienzo... pero se desmorona, pues su directores o guionistas ponen lo mas increíble, inverosímil  en argumentos, no es posible ya creer que pueda ser de una realidad como un robo ",cabo,Accion
8643,"La Casa de Papel es el ejemplo de hasta donde puede llegar la ficción española actualmente. Y no me refiero a lo lejos, sino al punto donde ya se acabó lo que se daba. Y ese punto está condicionado po",estrella,Accion
8644,"Quedé boquiabierto con el despliegue de esta nueva saga. Su creador logró hacer queribles a todos los personajes de las dos primeras partes, y verlos de nuevo en acción me provocó una empatía inmediat",oro,Accion
8648,"No soy un experto en cine ni mucho menos pero sin duda, si algo sabemos todos los españoles es la nefasta calidad de la mayoría de nuestras series, al menos hasta ""la casa de papel"".Un banco, un atrac",banco,Accion
8653,"Y es que este bello tema ya es todo un himno de resistencia, premonitorio incluso porque después de cinco temporadas la serie ya se ha convertido en leyenda.Tiene un plantel de personajes espectacular",oro,Accion
8654,"Después de leer varias de las críticas de la página sobre esta serie, me he dado cuenta de lo inconformistas que llegamos a ser los españoles.Cuando no se hacían películas buenas en España nos liábamo",banco,Accion
8655,"Una serie que tiene un planteamiento inicial muy atrayente, larga duración de capitulos y excelente producción.Pero abstraete de ella si crees que esa hora y media es de puro thriller scorsesiense, de",clave,Accion
8656,"Es simplemente una obra maestra. Si lo comparamos con el arte culinario podríamos decir que se trata de un magnífico tartar de salmón, muy cuidado en su aspecto, elaborado con mimo y con un sabor exqu",cabo,Accion
8658,"Hasta en 3 ocasiones renegué de esta serie después de ver el primer episodio, el desastroso casting parece sacado de la cola de un “Berska”, así en el elenco tenemos, un macarra ( literal, de hecho le",clave,Accion
8664,Hace unas semanas me aconsejaron esta serie como algo muy bueno y que me engancharía desde el primer capítulo. No soy muy fan de las series españolas y acepte el reto.Como no me gusta dejar cosas empe,oro,Accion
8668,"La califico como obra maestra por el simple hecho de tener la sensación de haber visto uno de los mejores films de toda mi vida, esa es mi opinión y la de mucha gente que comenta por internet; o bien ",linea,Accion
8671,"Yo creo que si no fuera marca España, la serie no sería tan duramente criticada. ¿Que es inverosímil? Coño, la premisa es que van a atracar la Casa de la Moneda y Timbre, digo yo que para que tenga ch",cabo | sierra | cabo,Accion
8676,"Están de moda los atracos, de guante blanco o con máscara puesta. Recientemente estrenadas La fortuna y Way down, parece que el asunto de la delincuencia a gran escala seduce al espectador. Ni qué dec",banco | oro,Accion
8681,"Los tiempos cambian, y afortunadamente estos cambios también llegan a las producciones españolas. Las ambiciones habituales de estas propuestas patrias, en el caso de las series, mayormente de capítul",capital,Accion
8695,"Que todo el mundo se enamore no la hace más interesante sino más cansina y se abusa muchísimo del rollo épico.Dicho eso, que lo pongo en primer lugar porque no entiendo como los guionistas han perdido",gato | raton,Accion
8696,"Debo confesar que empecé a mirar su primera emisión (temporadas 1 y 2 en Netflix), con muchos reparos y prejuicios, pues en general considero como muy marginales y faltos de calidad los productos audi",banco | oro,Accion
8698,"Bueno acabo de terminar de ver la serie de “La Casa De Papel”, he tardado una semana en ver las 5 partes, soy un cinéfilo y he visto el cine de robos y atraco, he visto todas las películas del género ",sierra,Accion
8721,"Dirigida por Alex Piña el cual domina el genero, y bajo un sello reconocible propioEl Profesor"", planea el mayor de los atracos jamás ideado. Para llevar a cabo el ambicioso plan, recluta a una banda ",cabo,Accion
8722,"Es obvio que la trama puede complicarse hasta ser de todo menos creíble. Pero esto no es cine realista, aunque juegue con cierto ""pseudorrealismo"" a la hora de desarrollar los entresijos de un plan re",linea | clave,Accion
8735,"La entrada de España a Netflix con Las Chicas del Cable fue un fiasco. A pesar de sus buenas intenciones feministas, la serie no consiguió escapar a su naturaleza de telenovela fácil. Pero ha llegado ",cabo,Accion
8741,"Pues ya es todo un logro, porque hay muchas series de habla no inglesa que han sido todo un triunfo, como ""Dark"".Netflix hizo bien en comprar la serie en Antena 3, que para ser una serie de una TV esp",banco,Accion
8745,"Acción, una producción de película y personajes e historias de amor extremos. La casa de papel se lanzó de una forma inteligente porque cuenta con protagonistas muy diversos. Todo el mundo puede ident",cabo | cabo,Accion
8746,"A mí esta serie me ha parecido genial, lo mejor que se ha hecho en mucho tiempo para distracción y regocijo de sus seguidores, que hemos sido muchísimos. Y me da exactamente igual si el guión no se so",sierra,Accion
8747,"Resulta evidente que ""La casa de papel"" ha sacado matrícula de honor en saber contar una historia apasionante y mantener intrigados y pegados a la pantalla al público. Creo que esta serie ha sufrido e",cabo | oro | sierra,Accion
8754,"Se trata de una serie que reune todos los ingredientes para que se junten los adolescentes y los progresistas de manual, una unión altamente explosiva. La serie insufla casi la totalidad del programa ",cabo,Accion
8756,"La casa de papel se estreno el 2 de mayo de 2007 en España y tiene varios generos: Cine policíaco, Cine de atracos y Suspenso.Critico la serie porque es una serie que merece una opinión favorable y cr",banco,Accion
8760,"• La casa de papel: crítica sin spoilers de la serie• Autor de la crítica: Jean Pablo Sciacca Campo• Género: acción, humor negro, intriga• Temporada a reseñar: 5 (volumen II)• Número de capítulos: 5• ",campo | sierra,Accion
8775,"Aburridísimo film de autor que gustará y tendrá su público, pero solo para ellos pues no merece la pena perder 2 horas de tu tiempo. Sinceramente no creo que sea tan maravillosamente extraordinaria co",fuente,Drama
8791,"Confieso, no sin un dejo de reproche hacia mí mismo, que una vez más me senté a ver ésta película en Netflix con buen entusiasmo dejándome llevar por las críticas especializadas, el 6,6 otorgado por l",oro | linea,Drama
8795,"Pues me esperaba más de este western con aspiraciones de thriller psicológico que no termina de encajar al no conseguir ni una cosa ni la otra. Un guión demasiado lento, parado en nimiedades, y cuya  ",linea,Drama
8797,"Esta película es otro ejemplo claro del profundo divorcio que existe entre la crítica especializada y el gran público. En la primera, ""El poder del perro"" ha sido colmada de aplausos y premios: doce n",oro | plata | cabo,Drama
8798,"Hey chavales, quienes os identifiquéis como millennials, centennials y otros ennials ¿No sois capaces de digerir las películas de vaqueros? Os gusta sus trajes, sus paisajes ¿Pero no soportáis las cos",campo,Drama
8807,Película que narra la vida en el Oeste de principios de siglo con situaciones muy cotidianas y totalmente rutinarias de la vida del campo en aquella época. La hace algo diferente el punto sutil de la ,campo,Drama
8809,"“El poder del perro” es una película inusual. A pesar de lo que se pueda creer en principio, no es un film abiertamente comercial. Como “western” se aleja de lo esperado en el género, y es demasiado i",curso,Drama
8814,"Jane Campion llevaba más de doce años sin dirigir y se nota. El guion de “El poder del perro” ha sido adaptado por la propia Campion de una novela de Thomas Savage, sobre un rancho familiar de ternero",linea | clave,Drama
8838,¿Hemos visionado un western crepuscular donde la civilización se abre paso sobre el mundo vaquero? ¿O se trata de un thriller moderno que nos da pistas de cómo burlar la ley? ¿O simplemente un melodra,planta,Drama
8853,"Doce años llevaba Jane Campion sin filmar un largometraje, y visto el resultado no se puede decir precisamente que haya perdido el pulso necesario para llevar estos adelante de la manera más óptima po",estrella,Drama
8857,"Muy a mi pesar, Netflix lo ha conseguido. De entre sus ingentes producciones en masa ha podido llegar a ver la luz una obra digna de reconocimiento. De hecho, para mí, va a ser la gran triunfadora de ",linea,Drama
8858,"Resulta tremendamente original comprobar como se utiliza un lenguaje cinematográfico tan clásico como el western, para indagar en temas tan actuales como la identidad sexual, la represión o las aparie",cabo,Drama
8864,"408/01(01/12/21) Sugerente y extraña producción australiana, un drama adusto que con el telón de fondo de un western crepuscular (rodado en Nueva Zelanda) en realidad desarrolla un entramado de relaci",plata | campo,Drama
8875,IJane Campion vuelve. Simplemente con este avance los espectadores deberían de lanzarse hambrientos para devorar la nueva lección cinematográfica de la directora australiana. Campion ha dejado de ser ,cabo,Drama
8886,"Que no es ""El poder del perro""; no es un western, ni siquiera crepuscular. No es un tratado sobre la homosexualidad reprimida y no es una reflexión sobre la masculinidad. Situada en la Montana de entr",campo,Drama
8890,"The power of the dog está dirigida por Jane Campion, quien nos traslada a la Montana de los años 20. Los hermanos Phil (Benedict Cumberbatch) y George Burbank (Jesse Plemons) dirigen un rancho y hacen",oro,Drama
8892,"Si estas acostumbrado a los westerns de Clint Eastwood o de John Wayne, ésta no es tu película. La historia no tiene nada que ver con forajidos ni asaltos a diligencias, aunque el personaje de Benedic",campo,Drama
8894,"Jane Campion realiza una aceptable adaptación de la novela de Thomas Savage, pero decir que esta obra cinematográfica es equiparable a la cumbre de Campion (""El piano"" (1993)) es pasarse... tres puebl",planta,Drama
8900,"Empecemos poniendo las cartas boca arriba: esta no es una película para grandes públicos, es un drama psicológico con envoltorio de western, es una historia compleja que te niega la posibilidad de abs",red,Drama
8911,"Quedé tan impresionada tras ver El Poder del Perro que he necesitado varios días para ordenar mis ideas y sensaciones. Pero, hoy, ya puedo decir que me ha encantado.El primer punto positivo es Jane Ca",plata | oro,Drama
8918,"En este “pseudowestern” accedemos a las vivencias intrafamiliares entre dos hermanos vaqueros, cuya personalidad resulta antitética desde las primeras escenas de la película, y a quienes se unen poste",cabo,Drama
8919,"El Poder del Perro es un peliculón.Y creo que pocas veces empezaré una crítica con esta afirmación que me cuesta bastante escribir (sabiendo todas las películas y series que se estrenan, con grandes a",oro,Drama
8926,"Acaban de darle el globo de oro.Lo primero que viene a la mente es lenta, si lenta pero no pesada, tiene sus momentos, sus pausas, todo medido.Los interpretes lo hacen de diez, genial. Para mi el mejo",oro,Drama
8928,"Esta es una película de personajes en la que las emociones son parte esencial de las tramas. La directora parece moverse como pez en el agua, adentrándose en las profundidades de las miserias humanas.",oro,Drama
8939,"El género del Western, es la fachada perfecta para la directora neozelandesa Jane Campion en su cinta “El Poder del Perro”, para retratar un tema tan potente como actual, que es el machismo y sus víct",oro,Drama
8940,"Antes que nada, sepan que no soy un fanático del género western, de hecho, siempre me pareció el peor de todos. Nunca le vi la gracia de ver hombres a caballo, vistiendo botas, sombreros y armas, en e",oro,Drama
8944,"Más allá de las brillantes actuaciones -la película es de un Cumberbatch magnífico, en uno de sus mejores papeles-, de una BSO firmada por un Greenwood que comprende el aura misteriosa, cuasi diabólic",campo | cabo,Drama
8957,"El nuevo trabajo de la veterana cineasta neozelandesa Jane Campion (la responsable de ""El piano (1993)""), que adapta la novela de Thomas Savage, es una película que viene avalada por sus premios en Ve",clave,Drama
8958,Tras codirigir la serie “Top of the Lake” la guionista y directora Jane Campion ha regresado al cine más de diez años después desde “Bright star”. Los acaudalados hermanos Phil y George Burbank son la,cabo | plata,Drama
8961,"La directora neozelandesa Jane Campion vuelve a hacer gala de sus habilidades y sensibilidades para entregarnos una película que en mi humilde opinión, es una obra maestra. Ya en su día se alzó con ""L",oro,Drama
8962,"""El poder del perro"" es de ese tipo de cintas que me alegro enormemente de ir a ver sin saber nada de nada de ellas, sin haber escuchado ni leído ninguna crítica y mucho menos haber visto un trailer, ",oro,Drama
8983,"Varios factores hacen que el planeta Tierra ya no ofrezca un futuro muy halagüeño para el ser humano -es la sinopsis de la serie, no es que esté describiendo obviedades actuales, que podría confundirs",cabo,Aventura
8985,"Esta es una serie de Netflix del género de ciencia ficción basada en una serie de los 60's, aunque bien podría estar dentro de cine familiar por los continuos diálogos centrados en las relaciones fami",linea,Aventura
9005,"Para quien nunca haya oído hablar de él, Irwin Allen fue un productor de cine que financió películas de catástrofes como “El Coloso en Llamas” o “La Aventura del Poseidón”, aunque es más conocido por ",clave,Aventura
9014,"Los responsables de Netflix deberían plantearse seriamente dar prioridad en su catálogo a las producciones de animación. En serio. Son de lo mejor que tienen. Si ya Netflix nos aterrorizó con ""Castlev",curso,Aventura
9019,"Estoy harto ya de sólo cruzarme películas animadas de Usa o Japón, me gusta ver de distintos países y no lograba cruzarme con algo distinto en las plataformas de streaming. Mirando el catálogo de la N",clave,Aventura
9031,"No recuerdo haber visto muchas series protagonizadas por supervillanos, si por villanos que hacen de héroes, pero no villanos que actúan como tales por lo que la premisa me pareció interesante. Tuve u",clave,Accion
9048,"Soy cinéfilo y escritor de novelas, las cuales muestran una cierta influencia cinematográfica. Filmaffinitty es un punto de referencia para todo aficionado al cine, que desea saber si una película mer",fuente,Drama
9056,"En Bruised tenemos a una protagonista que es mujer, negra, con tendencias homosexuales,  pobre, vagabunda , alcóholica con un novio abusivo en una relación tóxica, una madre drogadicta y un pasado que",estrella,Drama
9057,"El cine de boxeo (aunque esto sea MMA realmente) siempre ha dado pie a interesantes dramas humanos en los que, en muchas ocasiones, al final los combates terminan siendo lo de menos. “Herida” va total",linea,Drama
9064,"La verdad viendo el trailer no esperaba la gran cosa de la película de Netflix ""El Chico Que Salvó La Navidad"" pero veo que me equivoqué.No entiendo las malas críticas. A mí me encantó.Es una película",raton,Aventura
9066,"Clint Eastwood dijo que ""las opiniones son como los culos. Todos tenemos uno"".Yo me permito añadir que algunos opinan con su opinión, y lo que sale de ella.Llevo tiempo leyendo críticas de usuarios en",banco,Drama
9069,"Quizás puedo sonar repetitivo, pero me encanta cuando veo una serie por la cual no daba mucho y me termina sorprendiendo. Es el caso de esta buena serie que tiene de protagonistas a Kevin Hart y Wesle",clave,Drama
9070,"¿Cómo resistirse a una miniserie protagonizada por Kevin Hart y Wesley Snipes? Para un servidor, imposible, a pesar de ser una producción de Netflix (todos conocemos la fama que se han ganado ellos mi",clave,Drama
9075,Otros títulos ideales para esta crítica:He-Man el hombre más estúpido del Universo.Berrinches de feminista frustrada.¡Por el poder de la Vagina! Ejem. Pensé que ya estaba SHE-RA para eso.Otra gran opo,corona,Accion
9083,"Una vergüenza. Un panfleto LGTBI al estilo Netflix. Con una Teela exagerada y ""empoderada"", que es la protagonista de la serie (con su pelo de lesbiana) junto a Evil-Lyn.He-man y Skeletor son secundar",linea,Accion
9093,"Masters del Universo fue una mítica línea de juguetes que derivó en una no menos legendaria serie de animación, sin olvidar la extraña adaptación cinematográfica, considerada hoy un clásico de culto. ",linea,Accion
9110,Festival de cosplay digno de una convención patrocinada por AliExpress que pone en práctica la curiosa maniobra de marketing de atacar a su fandom más selecto como sistema de defensa preventiva ante l,campo,Accion
9132,*Propuesta estéticaEl primer punto sobre el que se temía era el apartado artístico. Un universo tan amplio y detallado por medio de la animación suponía un verdadero reto para el equipo. Había muchas ,clave,Accion
9133,"La verdad es que la crítica actual, se supone que especializada, me despista bastante. Y no me refiero solamente a los de nuestro país. No sé si son aficionados a ir a museos, a la lectura, ir a expos",linea | linea | oro,Drama
9141,"Detrás de “Tick, tick… boom!” se encuentran dos colosos del cine y del teatro, con un Lin-Manuel Miranda (“Hamilton”, “In the Heights”) tras las cámaras, en su primera película como director, y Garfie",oro,Drama
9142,"Pues a pesar de ser una película que tiene buenos momentos, una factura más que correcta y, con sus idas y venidas dentro del guión, la sensación global y general que me deja ‘Tick Tick Boom’ es la de",red,Drama
9145,"""El sueño va sobre el tiempo flotando como un velero"". De genio a genio. Fue Federico García Lorca quien en su obra  Así que pasen cinco años reflejaba la tragedia del ser humano, víctima de sus sueño",red,Drama
9149,"El debutante Lin-Manuel Miranda se enfrenta con Tick, Tick... Boom! al complejo reto de llevar al cine la historia autobiográfica del famoso autor teatral Jonathan Larson al que da vida de forma magis",clave,Drama
9152,"Los apasionados por el cine y el teatro musical estarán satisfechos con la nueva entrega de Netflix, Tick, tick… boom! El debut como director de cine de Lin-Manuel Miranda es una propuesta basada en e",linea,Drama
9160,"Muy bueno el musical que dirige un experto como Lin-Manuel Miranda, con Jon Larson (Andrew Garfield) como protagonista. En realidad es un musical que hace las veces de biopic, pues es la propia vida d",oro,Drama
9162,El actor Lyn-Manuel Miranda ha debutado en la dirección de largometraje con este proyecto que se ha estrenado de manera limitada en cines antes de estrenarse en Netflix una semana después. Basado en e,oro,Drama
9163,Toda mi vida de cinéfilo he sido prejuicioso a la hora de visualizar una película de genero musical independientemente de conocer de antemano o no críticas favorables/desfavorables para con el mismo. ,capital,Drama
9164,"Nos topamos de nuevo con las películas sobre el artista, la actriz, la bailarina, el compositor, sobre los soñadores, los conflictos anhelantes de éxito y prestigio contrastadas con el constante estan",clave | fuente,Drama
9179,"Este filme resume la vida de miles y miles de artistas con talento y capacidad que nunca fueron escuchados, los que llegan a que su arte se exponga y se consolide son realmente pocos y privilegiados. ",linea | vela,Drama
9183,"Con una clara referencia en aquel cine de finales de los 70 y primeros 80 del siglo pasado, con héroes urbanos y marginales como El Vaquilla como enseña, Daniel Monzón construye una película que, sobr",cabo,Drama
9186,"*Difícil transiciónPasar de una dictadura durante cuarenta años a una frágil democracia no fue nada fácil. En la España de la segunda mitad de los 70 había grandes ansias de libertad y, sobre todo, de",linea,Drama
9192,"Las leyes de la frontera está dirigida por Daniel Monzón, no es su mejor película, pero sí es efectiva. Además, es una adaptación de la novela de Javier Cercas. En verano de 1978, Ignacio (Marcos Ruiz",linea,Drama
9194,"De todas las situaciones que se dan en la película hay algunas que son más creíbles que otras, cuestión que poco tiene que importarnos cuando el objetivo de entretener se alcanza sobradamente. Diría q",clave,Drama
9198,"La ficción se empeña en saturarnos con la misma historia del amor imposible, narrándola de todas las formas imaginables. Da igual la manera, el sabor siempre tiene que ser el mismo, a tragedia pasada ",linea,Drama
9200,"Nuestro querido cine quinqui, ese que popularizaron directores como Jose Antonio de la Loma o Eloy de la Iglesia a finales de los años 70 y principio de los 80, reflejando las fechorías de delincuente",linea,Drama
9202,"Año nuevo con crítica nueva. (Feliz 2022)Tras ver esta primera película del año recuerdo aquellas otras cintas (cine quinqui de los años  70/80) que tocaban la misma temática, donde jóvenes delincuent",oro,Drama
9206,"Debo decir que me aproximo siempre con muchísima precaución al cine español, cual gato escaldado. En muchas ocasiones he tenido ocasión de leer críticas muy elogiosas de películas españolas que, una v",gato,Drama
9213,"Daniel Monzón vuelve a adaptar una novela, esta vez ambientada en 1978, un periodo de mucho cambio en España. De hecho, esa transformación se refleja no solo en el contexto del camino de la dictadura ",linea,Drama
9227,"Me decidí por esta película por dos motivos: las buenas críticas en esta web vertidas y la escasa oferta de calidad habida en Netflix. Hasta el minuto 35 en el primer visionado, hube de abandonarlo in",gato,Drama
9228,"Vuelve el cine quinqui. Daniel Monzón dirige con maestría su nueva película, basada en parte de la novela homónima de Javier Cercas, con guion de Jorge Guerricaechevarría, que transcurre en los años 7",cabo | oro | linea,Drama
9241,"Una película destacable y muy recomendable para los amantes de la acción y romance, siendo sorprendentemente bien dirigida por Daniel Monzón. Resultando ser una emocionante y sugerente mirada sobre la",linea,Drama
9247,"Resulta indiscutible la hibridación de las diferentes vetas creativas de la tradición artístico-cultural española: costumbrismo populista, la comedia folklórica, la “Españolada” y el sainete cinematog",oro,Drama
9250,"Amé tanto ‘Celda 211’ que, cuando llegó ‘El niño’ me quedé enrrarecido. Quizás esperaba que Daniel Monzón, su director, encumbrase nuevamente el cine español con una propuesta original y actuaciones p",linea,Drama
9253,"El que fuera crítico de cine, el coguionista y cineasta Daniel Monzón ha vuelto al cine serio de calidad tras la aceptable comedia “Yucatán” con esta buena y fiel adaptación de la novela homónima de J",linea,Drama
9255,"La vuelta al pasado está muy de moda, pero creo que hasta ahora no se había vuelto la vista a las famosas películas de pandilleros españoles de finales de los 70 y principios de los 80.Daniel Monzón n",linea,Drama
9257,"Comencé a ver esta película con ganas en netflix pero al final, me salió rana y aburrida a más no poder. Menos mal que no tuve que pagar un extra por verla.Retomar el cine quinqui en el año 2021 queda",linea,Drama
9263,"Y el orden de los factores no altera el producto.Estas son las bases de esta serie, decorada con un trío de bichejos estilo Hulk, aplastando todo, pero grises y humeantes, que nadie espere zombies por",oro,Terror
9278,"Desde que supe de esta producción, tuve bastante interés en la misma, ya que su premisa no podía ser más alocada, en la que unos seres te persiguen y te arrastran al infierno si has pecado. La serie s",linea,Terror
9282,"*¿Qué harías si supieras cuando vas a morir?Rumbo al infierno (Hellbound) plantea una cuestión inicial muy interesante, en un mundo donde, debido a unos eventos paranormales, las personas pueden saber",cabo | oro,Terror
9296,"‘Cortar por la línea de puntos’ es la nueva producción animada de Netflix, procedente de Italia y adaptación de un cómic. El creador del mismo se encarga de la serie, a la cual me he acercado por pura",linea | oro | linea,Comedia
9298,"...lo siento por el titulo...Zerocalcare ha conseguido dibujar el retrato exacto de la generación Milenial y Y, y no estamos hablando de una gran empresa donde los mandamases deciden que la vida de la",linea | linea,Comedia
9300,"Maravillosa miniserie que nos llega desde Italia, de la mano de una Netflix que, en su alto número de series disponibles, se coloca esta obra de Zerocalcare fácilmente como lo mejor disponible en cuan",linea | linea,Comedia
9301,"'Cortar por la línea de puntos' me traslada a todos los pensamientos hiperbólicos que mi subconsciente trama cuando el mundo no está a mi favor. Es una miniserie sobre la vida al desnudo, sobre la pue",linea,Comedia
9302,"Netflix una vez más nos sorprende con sus series de animación para adultos con esta transducción abierta del relato La profecía del armadillo (2011), obra del autor de novelas gráficas Michele Rech (c",cabo | cabo | linea | linea,Comedia
9305,"He visto la serie... Cortar Por La Linea De Puntoshttps://www.filmaffinity.com/es/film192119.htmlUn 8. Y no es que sea una gran serie, pero me ha llegado.Se trata de una animación italiana que consta ",linea,Comedia
9306,"Si no has visto la serie aún, no sé qué haces aquí leyéndome. Ve ahora mismo a verla. Son dos horas en total, una película cualquiera de hoy en día.Ahora que has ido a ver la serie y has vuelto, sabes",linea | linea,Comedia
9311,"""Cortar por la Línea de Puntos"" es una serie que brilla con su enfoque singular y su capacidad para mezclar humor, reflexión y surrealismo en un viaje por las calles de Roma. Siguiendo las reflexiones",linea | linea,Comedia
9322,"Alerta roja, Red Notice, como título original de esta cinta estadounidense de 2021.No me extenderé mucho. Película típica de ladrones de guante blanco que pretenden robar como si fueran artistas y la ",red,Accion
9329,"Red notice, es quizá una de las peores películas del año, esto se debe sin duda al guión tan desastroso que pretende dar varios giros al género pero estos resultan ridículos y sobre todo risible. En s",red,Accion
9338,"Red Notice está dirigida por Rawson Marshall Thurber, disponible en Netflix y con tres grandes cabezas de cartel como son Dwayne Johnson, Ryan Reynolds y Gal Gadot. Taquillazo asegurado, desde luego, ",red,Accion
9339,“Alerta roja” pertenece a esa nueva tipología (a falta de una calificación mejor o de considerarla un género en sí misma) de películas de relleno en las plataformas de streaming con una calidad técnic,linea,Accion
9340,*La película más cara de Netflix130 millones de dólares es lo que ha costado la película más cara de la plataforma hasta la fecha. Lo que debería sorprender es que 130 millones no es tanto dinero para,red | red,Accion
9341,"Alerta roja es una de esas pelis que, a priori, ya sabes más o menos antes de verla por dónde van a ir los tiros (aunque huelga decir que tiene algún giro bastante chulo) pero que, aún y así, tiene la",oro | clave,Accion
9343,"""Alerta roja"" es un pasatiempo barra tontería —la escena de la plaza de toros es de absoluto bochorno— con tanto lujo en su exterior como podredumbre y decrepitud en su interior.Un Rawson Marshall Thu",clave,Accion
9349,"Sin ser gran cosa, cumple con el objetivo de hacer pasar al espectador unas dos horas divertidas, mas allá de algunas partes bastantes irracionales del guion. Aquí encontramos a tres personajes que em",oro,Accion
9353,"Adentrarse en un producto como el que nos ocupa, no es algo tan apasionante como encontrar los huevos de Cleopatra, la última faraona egipcia. Bajo esa premisa, puedo decir,  no sin temor a ser vilipe",cabo | cabo,Accion
9361,"Alerta Roja (Red Notice) se ha vendido (aparte de por tener ese trío de ases) como la película más cara de Netflix (concretamente, 200 millones de dólares, que se dice pronto), y no sé hasta qué punto",red,Accion
9371,"¿Por qué doy las gracias al bueno de Reynolds? Porque sus gracias (muchas veces chistes malos y según a quién, no les harán ni pizca de gracia, eso esta claro: hay gustos y sentidos del humor de todos",cabo,Accion
9381,Tiene cosas muy buenas esta película y potencial de haberse convertido en un clásico moderno del cine de acción. Pero también tiene cosas que le impiden volar demasiado alto. Lo primero que m gusta es,oro,Accion
9385,"*Del campo a la ciudad7 prisioneros (7 prisoners) empieza con un ritual poco menos que ancestral y, además, bastante común en casi cualquier lado del mundo. Un joven que vive en el campo, Mateus (Chri",campo | campo,Drama
9388,"Excelente film brasileño, muy duro pero necesario, no en vano narra el tráfico de seres humanos expuestos a inclementes jornadas de trabajo, sin seguro, contrato ni libertad.Una fábula sobre la esclav",curso,Drama
9389,"¿Cuándo comenzó a oscurecerse tu alma?¿Qué te ofrecieron además de libertad?¿Matheus, volveré a ver a mi familia? -¿nos dejarás librados a nuestra suerte? ¡¡¡Matheus!!!Matheus es un muchacho de campo ",campo,Drama
9393,"Hace mucho que no veo una película brasilera, creo que las últimas que vi fueron “Tropa de elite” la 1 y la 2, sino las vieron, vayan que son dos películas geniales del país vecino. Me crucé con este ",campo | clave,Drama
9399,"*Un inicio directorial llamativoDesde su estreno inicial a comienzos de este 2021 en el festival de cine de Sundance, Claroscuro (Passing en inglés) llamó mi atención por su interesante premisa. Tan i",clave,Drama
9401,"Claroscuro es el debut como directora (y como guionista) de la actriz británica Rebecca Hall. Hall tal vez no sea una súper estrella, pero sí se ha ganado una reputación fiable por sus sólidas interpr",estrella,Drama
9404,"SumarioNotable, hipnótica y exquisita ópera prima de la actriz Rebecca Hall, donde aborda el tema de la asimilación racial a fines de los años 20 en EE.UU. ¿En qué medida se puede renunciar a la cultu",linea,Drama
9417,"He escrito esta crítica después de leer desconcertada, algunas de las críticas de otros usuarios.Vaya por delante que no he jugado a League Of Legends en mi vida, y no tengo intención de hacerlo ya qu",raton,Accion
9424,"Te gusta el cine de animación?  Sigue leyendo!Antes de entrar en mayor detalle, es importante notar que la serie esta orientada a un público joven y adulto indiferentemente de la condición de conocer ",linea,Accion
9426,"Fui jugador de League of Legends, pero llevo ya bastante tiempo estando muy quemado con Riot y su juego estrella. Por eso, la verdad, no esperaba mucho de Arcane.Pero si algo de Riot ha mantenido SIEM",estrella,Accion
9429,"Voy a tratar de explicar mi puntuación, un 10, que implica que crea que está perfecta. Como gamer de League of Legends hasta estudiante de animación y de cine. Se viene texto.Desde hace tiempo Riot a ",linea,Accion
9432,"Nunca he jugado un solo minuto de League of Legends en mi vida, pero siempre supe lo influyente que es este juego en línea. Normalmente, no le habría prestado atención a esta serie, pero teniendo en c",linea,Accion
9436,"A estas alturas del año, puede que sea lo mejor que nos ha ofrecido el 2021. Es que Riot intenta en todos sus productos dar el mayor cariño y calidad posible. Yo nunca he podido jugar al Lol por falta",clave | oro,Accion
9440,"Transpira respeto en toda su concepción y a todos los niveles, esa es la clave de su éxito:1. La misma desarrolladora del videojuego (Riot Games) ha coproducido el proyecto, lo cual dice cuán de cerca",clave,Accion
9452,"Cuando leí que iban a hacer una serie del League of Legends fui cómodamente prejuicioso (a fin de cuentas nada bueno sale cuando se quiere adaptar un videojuego) y, evidentemente, me equivoqué. Pase e",cabo,Accion
9492,La serie que muestra que las adaptaciones de los videojuegos pueden ser mucho más que simples productos para contentar a los fans. Esta serie podría ser un éxito simplemente por tener a los personajes,linea,Accion
9517,*Si durase media hora tendría más sentidoNatalie (Nina Dobrev) es una periodista que escribe una columna sobre su funesta vida amorosa. Y aunque sus múltiples decepciones le ayudan a conservar su trab,columna,Comedia
9530,"Original e innovadora estructura la de esta película-documental mexicana, ""Una película de policías"", en la que su director(Alonso Ruizpalacios) entremezcla realidad y ficción de la mano de Mónica del",plata | plata,Drama
9531,"Escudriñar a través de este documental —entintado en su primera parte como una ficción a modo de thriller y con cierto humor— a los cuerpos de policía del área metropolitana de la Ciudad de México, es",campo,Drama
9534,"Me confieso fan del subgénero del narcotráfico. Es un tema atrayente, saca a relucir cualidades y debilidades del ser humano y por ello frecuentemente se han obtenido grandes resultados en interpretac",linea,Accion
9537,"La original ""Narcos"" a mi es una serie que nunca me pareció tan buena como la pintaban la mayoría. Creo que su popularidad se debía exclusivamente al carisma del personaje que se representaba en la se",red,Accion
9539,"Reconozco que me encantan este tipo de series, y la verdad, desde la primera Narcos estoy bastante enganchado.A través de este ""producto"", la cocaína, se comprenden muy bien la corrupción a todos los ",fuente,Accion
9540,"-¿Sabes por qué en México los sobornos se llaman""mordida""?-¿Porque todos quieren un bocado?-No, es porque todos quieren comer.No entiendo las críticas negativas sobre el sonido de la serie, me llama l",campo,Accion
9545,"Después de las impactantes tres temporadas con un ritmo espectacular y con unos villanos muy dignos, donde te crees cada personaje cien por cien,  no me   podía esperar que esta temporada bajase tanto",estrella,Accion
9548,"TEMPORADA 1: El dúo interpretativo de Diego Luna en el papel del capo Miguel Ángel Félix Gallardo, y el hollywoodiense Michael Peña como el agente de la DEA Kiki Camarena, a priori parece partir en de",linea | gato | raton,Accion
9554,"Tras haber visto Narcos, pensaba que Narcos: México iba a ser un producto a retranque de su predecesor... pero no.En la misma línea que Narcos, nos presenta el desarrollo del narcotráfico, en esta oca",linea,Accion
9556,"La película arranca de menor, muy menor a mayor, No lo niego, varias veces pensé en dejar de verla, pero ya tenia mas de 40 minutos y por consiguiente aguante. Valió la pena, es que al principio todos",copa,Drama
9567,"Lo que en principio me parecía que iba a ser un año 2021 con películas espectaculares, principalmente porque no solo se estrenarían las películas de este año sino también las que quedaron pendientes d",cabo,Drama
9574,"La banda de Rufus Buck (Elba) que se dedica naturalmente a los robos, es a su vez robada por la de Nat Love (Majors). El que roba a un ladrón ...Todos son negros (y negras pues también tienen su repre",oro,Drama
9579,"Jeymes Samuel nos trae un producto realizado totalmente por él, le faltó actuar. La dirige, escribe el guión y pone la música. Si lo dejan, cobra hasta las entradas del cine.Esto es lo más que me sorp",vela,Drama
9584,"215/03(04/07/23) Fallido western, de esos films que termina gustándote más el tráiler que la versión completa. Ópera prima en largometraje del británico Jeymes Samuel (actúa como músico bajo la direcc",oro | oro,Drama
9598,"El mismo año en el que Zack Snyder regresaba al género de zombis con 'Ejército de los muertos', llega a las pantallas de cada casa la precuela/spin-off de uno de sus personajes. Aquel simpático alemán",campo,Accion
9600,"Army of the dead fue una película interesante, aunque llena de errores argumentales molestos, que dividió a la audiencia, a pesar de ello se perfilaba como una nueva saga a explotar y ya nos habían av",cabo,Accion
9601,"De todos los personajes que aparecían en Ejército de los muertos de Zack Snyder, el que menos esperaba que me fuese a interesar era el abridor de cajas fuertes llamado Ludwig Dieter. Curiosamente acab",oro,Accion
9602,"Precuela de la reciente película, también de Netflix, ''Ejército de los muertos''. Cuando saliese esta cinta nadie se podría imaginar que acabase saliendo un spin-off y aun menos tan pronto. Ahora lle",banco,Accion
9603,Al grano - precuela larga de una larga película recientemente pergeñada por el ¿visionario? Zack Snyder.Y sí - vale que el tal Dieter es menos irritante aquí que en ARMY OF THE DEAD - pero es poca mej,red,Accion
9624,"Netflix se marca una precuela (totalmente innecesaria, diría yo) de una de las pocas películas buenas (para mí, aunque no para muchos) que ha perpretado en este año de tan mala cosecha de películas pa",linea,Accion
9626,"No esperaba mucho de esta película, no os voy a engañar. Me parecía el típico relleno que Netflix encarga para ofrecer novedades un viernes cualquiera, pero la verdad es que ha estado muy bien. Quizás",copa,Accion
9633,"Cada cierto tiempo aparece una película pseudo dramática y pseudo profunda en la que una pareja de jóvenes cuquis (sin llegar a molestar), bailan en una línea muy fina de amor y desamor.En este caso, ",linea,Drama
9646,"A lo largo de esta serie conocimos los inicios del llamado Sol, y preferí esperar a que el último capítulo acabara de transmitirse para opinar de esta producción de forma general, y pocas veces una Bi",linea | estrella,Drama
9650,"Los sinónimos para el  diccionario castellano de la lengua de romántico son: sensiblero, emotivo, sentimental, novelesco, prendado, amoroso, enamoradizo, sentimentaloide, folletinesco, encantador, cur",estrella,Drama
9658,"Me ha enganchado. El primer día vi seis capítulos sin poder parar. Al diía siguiente pasé horas en YouTube viendo los videos originales de Luis MIguel interesada en conocer “la realidad”.Realmente, la",oro,Drama
9670,No sé qué me parece más increíble de estas dos cosas:- La ingente cantidad de basura que está generando Netflix a nivel de películas en 2021.- El hecho de que yo siga probando suerte una y otra vez si,gato,Terror
9693,"*Chófer para todoFauces de la noche (Night teeth) es una película de vampiros, pero no es película de terror. De hecho hay muy pocas cosas que puedan darnos miedo, por mucho que exista sed de sangre d",estrella | cabo,Terror
9701,"Propuesta vampírica lanzada directamente en Netflix, que está dirigida por el responsable de títulos como Te Veo (2019), y protagonizada por Jorge Lendeborg Jr. (Pensamiento Crítico, 2020), y Debby Ry",linea,Terror
9719,I onde Dager/The Trip es la típica película para ver en una sala a reventar de fans festivaleros tipo Sitges Film Festival.Tommy Wirkola nos regala una sucesión de escenas que conjugan muy inteligente,linea | linea,Comedia
9726,"No es la primera vez que se nos presenta una película con esta trama, pareja que aparentemente no tienen ningún problema, pero que en el fondo se odian a muerte y dicho odio les servirá de respuesta y",cabo,Comedia
9729,"Lars y Lisa son un matrimonio venido a menos, casi en la ruptura. Para resolver la crisis conyugal a Lars se le ocurre organizar una escapada de fin de semana con su mujer, a una casa de campo del pad",campo,Comedia
9737,"Pastiche noruego de comedia negra con bastantes momentos gore, sobre un matrimonio que se odia hasta la muerte pero que va a sufrir un episodio inesperado. Casi todo la acción se desarrolla en una cas",campo,Comedia
9745,¿Calificada entre las mejores películas de 2.021? Demuestra como esta el asunto cinematográfico.A lo largo de los primeros 50 minutos nos encontramos con una comedia que plantea en clave de ¿humor? la,clave,Comedia
9754,"Como dijo Julio César hace un porrón de años: ""Llegó, vió y, tras varios giros argumentales batiéndose con enemigos de relleno para completar 8 episodios, venció"". Lo que para este caso aboca en venga",estrella,Accion
9757,"Las productoras sur coreanas saben lo que pueden ofrecer, sobre todo en el campo del thriller de acción y lo hacen de forma impecable sin salirse del molde y manejando y dosificando los clichés del gé",campo,Accion
9765,"Sí amigos, porque vivimos bajo la dictadura de la nueva religión: la iglesia SJW. Más conocida como retrasados mentales. Y es que todo en esta bazofia es un panfleto. Bueno, todo en la TV y en el cine",estrella,Aventura
9779,"Dos temporadas de 20 capítulos, sobre 45 minutos.Una mala, mala, mala serie intraestrelar del cine eeuu, ante un guión absurdo con enfrentamientos infantiles solo comenzar que confunde la linea argume",linea,Aventura
9782,"Leí una crítica de Scorpion que decía que la serie sólo buscaba entretener, que no le importaba ser mala ni había que buscarle el más mínimo realismo. Y esta serie te la has de plantear así, porque si",estrella,Aventura
9835,"Claudia Llosa compite en la 69 edición de la  Sección Oficial de San Sebastián con Distancia de Rescate. La ganadora del Oso de Oro en el Festival de Cine de Berlín 2009 con La teta asustada, adapta u",oro,Drama
9836,"*El encuentro de dos madresDistancia de rescate no debe ser una película ponderada, a priori, por las sinopsis que de ella están apareciendo. Ninguna de ellas capta del todo la esencia de la película,",cabo,Drama
9841,"Sumario:La directora Claudia Llosa lleva adelante un relato complejo e inquietante, bastante fiel a la novela de Samanta Schweblin (ambas son coguionistas del film), un thriller psicológico con arista",campo,Drama
9872,"Tras el gran éxito que obtuvieron Breaking Bad y Narcos, Netflix se especializó durante los siguientes años en sacar todo tipo de productos y subproductos que giraban alrededor del universo del narcot",cabo,Comedia
9875,"De yakuza a amo de casa es una serie de animación japonesa que ya me atrapó por el título (fascinante, se mire por dónde se mire), aunque el original sea Gokushufudo, que viene a ser algo parecido. El",oro,Accion
9878,"Cinco episodios. Ni veinte minutos cada uno. Suficiente para explotar una idea sencilla y extravagante: la naturalidad, por su extraordinaria similitud, con la que un exyakuza pasa de su anterior vida",gato,Accion
9882,"Extraño, pero simpático manganime que me encontré haciendo zapping, nos viene a contar las aventuras de Tatsu, un ex yakuza, conocido como el dragón inmortal y al parecer muy temido en el mundo del ha",gato,Accion
9886,Desde que vi el título de este anime me llamo muchísimo la atención. La premisa es muy original y aunque no soy muy aficionada al anime (el ultimo que vi fue ‘’Ataque a los titanes’’ hace un par de añ,gato,Accion
9892,"Cuando los más avispados se dieron cuenta a finales de siglo pasado de que eso de internet podía ser la gallina de los huevos de oro, platino y diamantes con el que construir un futuro diferente y de ",oro,Drama
9896,"Netflix parece insistir en generar basura en 2021 como churros como si quisiera batir algún récord, y en este caso siguiendo la línea de esa actualización y homenaje al “slasher” que ya hicieron (y ma",linea,Terror
9912,"Con el reclamo cebo que supone asociar esta película referenciando a ""James Wan"" y ""Shawn Levy"", Netflix nos presenta este proyecto de terror Slasher.En primer lugar cabría decir que, ""Hay alguien en ",linea,Terror
9914,"El principio de esta película no está mal, aunque ya desde el minuto cero tenemos que hacer algunas concesiones forzadas. Pero arranca en una casa donde algo va a pasar y percibimos la tensión (lo cua",curso,Terror
9915,"Slasher sacado directamente en Netflix, que está dirigido por el responsable de la destacable Creep (2014), además de estar producido por James Wan (Expediente Warren: The Conjuring, 2013). En el jove",campo,Terror
9917,"Si este es el camino que el slasher va a llevar en la década de los 2020s, la cosa empieza bastante bien. La historia y gimmicks del asesino son interesantes, los personajes son redondos y te identifi",clave,Terror
9923,"Gracias al buen trabajo realizado en el diálogo, argumento y escenas, On My Block, convence, y no solo eso, consigue en tono de sátira y humor, hablar de situaciones que se llevan a cabo en barrios co",cabo,Comedia
9937,"*Angustia entre cuatro paredesEn Culpable nos encontramos con un tenso thriller sin cambio de escenarios, dirigido por Antoine Fuqua. Es una adaptación al mercado USA de la elogiada película danesa Th",linea,Terror
9955,"Interesante historia sin mover el escenario. Es a veces angustiosa y misteriosa por partes iguales.Ni que decir tiene que Jake Gyllenhaal se come el papel por sí solo, no necesita de nadie más. Acostu",fuente,Terror
9956,"""Culpable"" es el remake americano de la cinta danesa del mismo nombre. Joe es un agente de Los Angeles relegado al servicio de llamadas de emergencias. Durante su turno de noche, recibe una llamada de",radio,Terror
9967,"Es una pena que esta película sea vista por más personas que la película a la que le hace un remake. Esta toma básicamente casi todos los aspectos de la original, tanto en trama como en personajes, ca",cabo,Terror
9976,"Culpable es una de esas películas, de las que en un principio no se espera gran cosa, y acaba siendo más entretenida de lo que parece, ya que nunca se ha logrado tocar el tema de la presión laboral, e",cabo,Terror
9977,"La situación es la siguiente. Un remake, per se, debería ofrecer algún cambio. Al fin y al cabo, rehacer una película consiste en observar un producto y meterse en un proceso de filtración personal, d",cabo,Terror
9978,"Probablemente hayas oído hablar de Nic Pizzolatto, por ser el creador, guionista y uno de los productores ejecutivos de la excelente serie True Detective. Pues en esta ocasión escribe The Guilty, diri",campo,Terror
9979,"Conviene sabe, o mejor dicho, no saber, que ""Culpable"" es el remake de una película danesa del mismo título, del año 2018, que no he visto, Yo desconocía este dato y es muy revelador de cara al final,",campo,Terror
9983,"Una serie extraña, con una mirada diferente sobre el problema de los malos tratos, centrada en la psicología de las víctimas, en sus traumas infantiles, en el largo y duro proceso personal de cambio q",campo,Comedia
9987,"Maravillosa producción seriada, de Netflix, bellamente fotografiada, que funcionando como un “road trip” da vueltas sobre sí misma para atrapar y no dejar escapar a su protagonista, una joven talentos",vela,Comedia
9993,"En un momento dado de ""Maid"" suena «Send Me On My Way» de Rusted Root mientras la protagonista ordena una caótica estancia. En ese momento mi yo de menos de diez años, ese que había visto del orden de",estrella | estrella | cabo | estrella,Comedia
10005,"Esto empieza con una tía que tiene una bronca con el marido. Él en mitad de la refriega, bastante borracho, le pega un puñetazo a la pared y le hace un pedazo agujero, y entonces ella se larga con la ",oro,Comedia
10014,"Tras el gran éxito que cosecho con sus primeros dramas ‘’The crowned clown’’ y ‘’Vincenzo’’, la directora surcoreana Kim Hui-Won vuelve a brindarnos otra emocionante y apasionante historia que nos man",cabo | estrella,Drama
10015,"Con este drama se entra en el mundo crudo, disparatado y gratuitamente violento, frivolizando incluso con los suicidios, de las producciones asiáticas.Derrocha imaginación, a veces acertadas, cual pes",estrella,Drama
10018,"Un clásico coreano: una historia de amor inconclusa que da mil y una vuelta aunque se pregunta el espectador dónde está el problema.Una frase del drama fundamental es""si hubiese sido abierto y honesto",linea,Drama
10022,"Hidden Strike es una producción de China, protagonizada por Jackie Chan y John Cena, y estrenada directamente en Netflix, al menos en España. ¿Cómo decir que no a una comedia de acción protagonizada p",clave,Accion
10026,"La vi recién. Siendo un seguidor de las películas del legendario Jackie Chan, esta mantiene la línea de varias de sus últimas películas.Y acá estrena un nuevo socio de acción: pasamos por Chris Tucker",linea,Accion
10028,"Sin nada nuevo y recordable, seguramente pasará rápidamente al olvido esta nueva película de Jackie Chan en donde debe escoltar a un grupo de trabajadores de una planta petrolera hacia una zona libre ",planta,Accion
10055,"Segunda entrega de la serie ""Pesadillas y ensoñaciones"", en donde una pareja ve la posibilidad de mejorar su situación económica adoptando un huérfano y dándole cariño.¿Cómo es que mejoran su vida por",oro,Terror
